<?xml version = '1.0' encoding = 'UTF-8'?>
<Diagram class="oracle.dbtools.crest.swingui.relational.DPVRelational" name="Relational_1" id="97803DCD-6B38-B3D8-0B8A-C6F863EC808F">
<createdBy>helena</createdBy>
<modifiedBy>helena</modifiedBy>
<createdTime>2024-10-06 13:11:13 UTC</createdTime>
<autoRoute>false</autoRoute>
<boxInbox>true</boxInbox>
<showLegend>false</showLegend>
<showLabels>false</showLabels>
<showRelAttributes>false</showRelAttributes>
<gridEnabled>false</gridEnabled>
<showGrid>false</showGrid>
<diagramColor>-1</diagramColor>
<display>false</display>
<notation>1</notation>
<objectViews>
<OView class="oracle.dbtools.crest.swingui.relational.TVTable" oid="132E293D-4053-D377-B91B-4857B09C3AD7" otype="Table" vid="1ED599B1-83BE-2FDC-C553-8FDE4A941CDB">
<hideElementsInCurrentOnly>false</hideElementsInCurrentOnly>
<bounds x="29" y="193" width="170" height="110"/>
</OView>
<OView class="oracle.dbtools.crest.swingui.relational.TVTable" oid="18D97DBE-8EF7-81A8-9804-1139F42610D9" otype="Table" vid="D4F7B36D-7CBB-713E-D01D-6571A2563C4A">
<hideElementsInCurrentOnly>false</hideElementsInCurrentOnly>
<bounds x="740" y="260" width="189" height="110"/>
</OView>
<OView class="oracle.dbtools.crest.swingui.relational.TVTable" oid="72C31F57-6D26-B57B-965D-B373E2700C2E" otype="Table" vid="472C1B54-04DA-78B0-0DCE-BD43CFF18A62">
<hideElementsInCurrentOnly>false</hideElementsInCurrentOnly>
<bounds x="170" y="28" width="205" height="110"/>
</OView>
<OView class="oracle.dbtools.crest.swingui.relational.TVTable" oid="78F4C191-6110-451B-766D-8CEF6F4A947C" otype="Table" vid="146707F7-5FC5-EC84-E471-F7FF3536AF52">
<hideElementsInCurrentOnly>false</hideElementsInCurrentOnly>
<bounds x="535" y="289" width="188" height="110"/>
</OView>
<OView class="oracle.dbtools.crest.swingui.relational.TVTable" oid="8379111B-9967-3D65-4216-B80809FFB768" otype="Table" vid="3061B389-39D7-8C81-0F95-E0D6B0CC49A0">
<hideElementsInCurrentOnly>false</hideElementsInCurrentOnly>
<bounds x="500" y="15" width="213" height="123"/>
</OView>
<OView class="oracle.dbtools.crest.swingui.relational.TVTable" oid="B4A9D1C8-A37B-71C3-3F73-E4F182A5A1D5" otype="Table" vid="BE89550C-1E0C-7B50-E0EF-977DF4BD9046">
<hideElementsInCurrentOnly>false</hideElementsInCurrentOnly>
<bounds x="17" y="334" width="178" height="110"/>
</OView>
<OView class="oracle.dbtools.crest.swingui.relational.TVTable" oid="F43C3BAD-4395-8833-7184-F300975881B1" otype="Table" vid="64BCABD7-B6EE-2AAF-7DD0-7A23AF8D56FF">
<hideElementsInCurrentOnly>false</hideElementsInCurrentOnly>
<bounds x="276" y="261" width="228" height="165"/>
</OView>
</objectViews>
<connectors>
<Connector class="oracle.dbtools.crest.swingui.relational.TVFKRelation" oid="23E299B6-233A-C0B2-25A8-D3C7B6D686E3" otype="FKIndexAssociation" vid_source="1ED599B1-83BE-2FDC-C553-8FDE4A941CDB" vid_target="472C1B54-04DA-78B0-0DCE-BD43CFF18A62">
<hideElementsInCurrentOnly>false</hideElementsInCurrentOnly>
<backgroundColor>-16777216</backgroundColor>
<lineWidth>1</lineWidth>
<points>
<point x="184" y="193"/>
<point x="184" y="138"/>
</points>
</Connector>
<Connector class="oracle.dbtools.crest.swingui.relational.TVFKRelation" oid="59EF180E-1D4E-E198-801A-E87DE202B4F1" otype="FKIndexAssociation" vid_source="BE89550C-1E0C-7B50-E0EF-977DF4BD9046" vid_target="64BCABD7-B6EE-2AAF-7DD0-7A23AF8D56FF">
<hideElementsInCurrentOnly>false</hideElementsInCurrentOnly>
<backgroundColor>-16777216</backgroundColor>
<lineWidth>1</lineWidth>
<points>
<point x="195" y="380"/>
<point x="276" y="380"/>
</points>
</Connector>
<Connector class="oracle.dbtools.crest.swingui.relational.TVFKRelation" oid="694018DA-D8BC-15B8-427B-5CE8D24F1D48" otype="FKIndexAssociation" vid_source="3061B389-39D7-8C81-0F95-E0D6B0CC49A0" vid_target="D4F7B36D-7CBB-713E-D01D-6571A2563C4A">
<hideElementsInCurrentOnly>false</hideElementsInCurrentOnly>
<backgroundColor>-16777216</backgroundColor>
<lineWidth>1</lineWidth>
<points>
<point x="665" y="138"/>
<point x="781" y="260"/>
</points>
</Connector>
<Connector class="oracle.dbtools.crest.swingui.relational.TVFKRelation" oid="9CDFC0CE-33A2-DE07-C4DC-3D9482F07705" otype="FKIndexAssociation" vid_source="3061B389-39D7-8C81-0F95-E0D6B0CC49A0" vid_target="146707F7-5FC5-EC84-E471-F7FF3536AF52">
<hideElementsInCurrentOnly>false</hideElementsInCurrentOnly>
<backgroundColor>-16777216</backgroundColor>
<lineWidth>1</lineWidth>
<points>
<point x="624" y="138"/>
<point x="624" y="289"/>
</points>
</Connector>
<Connector class="oracle.dbtools.crest.swingui.relational.TVFKRelation" oid="EDBF2EB7-2B55-F77C-18C1-97B4AEFA4199" otype="FKIndexAssociation" vid_source="3061B389-39D7-8C81-0F95-E0D6B0CC49A0" vid_target="64BCABD7-B6EE-2AAF-7DD0-7A23AF8D56FF">
<hideElementsInCurrentOnly>false</hideElementsInCurrentOnly>
<backgroundColor>-16777216</backgroundColor>
<lineWidth>1</lineWidth>
<points>
<point x="502" y="138"/>
<point x="502" y="261"/>
</points>
</Connector>
<Connector class="oracle.dbtools.crest.swingui.relational.TVFKRelation" oid="F0923830-9951-5243-5D8A-7BE3B0DFBD13" otype="FKIndexAssociation" vid_source="472C1B54-04DA-78B0-0DCE-BD43CFF18A62" vid_target="64BCABD7-B6EE-2AAF-7DD0-7A23AF8D56FF">
<hideElementsInCurrentOnly>false</hideElementsInCurrentOnly>
<backgroundColor>-16777216</backgroundColor>
<lineWidth>1</lineWidth>
<points>
<point x="340" y="138"/>
<point x="340" y="261"/>
</points>
</Connector>
</connectors>
</Diagram>