<?xml version = '1.0' encoding = 'UTF-8'?>
<Diagram class="oracle.dbtools.crest.swingui.relational.DPVRelational" name="Relational_1" id="97803DCD-6B38-B3D8-0B8A-C6F863EC808F">
<createdBy>helena</createdBy>
<modifiedBy>helena</modifiedBy>
<createdTime>2024-10-06 13:11:13 UTC</createdTime>
<autoRoute>false</autoRoute>
<boxInbox>true</boxInbox>
<showLegend>false</showLegend>
<showLabels>false</showLabels>
<showRelAttributes>false</showRelAttributes>
<gridEnabled>false</gridEnabled>
<showGrid>false</showGrid>
<diagramColor>-1</diagramColor>
<display>false</display>
<notation>1</notation>
<objectViews>
<OView class="oracle.dbtools.crest.swingui.relational.TVTable" oid="04857AE0-2114-B9AD-B5D0-FD4C3C909EDE" otype="Table" vid="110F9111-8204-9F1A-CE91-B2FF061A52FB">
<hideElementsInCurrentOnly>false</hideElementsInCurrentOnly>
<bounds x="1811" y="213" width="186" height="93"/>
</OView>
<OView class="oracle.dbtools.crest.swingui.relational.TVTable" oid="132E293D-4053-D377-B91B-4857B09C3AD7" otype="Table" vid="1ED599B1-83BE-2FDC-C553-8FDE4A941CDB">
<hideElementsInCurrentOnly>false</hideElementsInCurrentOnly>
<bounds x="50" y="319" width="170" height="111"/>
</OView>
<OView class="oracle.dbtools.crest.swingui.relational.TVTable" oid="158857E3-6A32-654C-54FE-4C813D5E22DC" otype="Table" vid="2ACCDB09-B78C-F470-6EBF-654181F690EE">
<hideElementsInCurrentOnly>false</hideElementsInCurrentOnly>
<bounds x="1322" y="543" width="170" height="105"/>
</OView>
<OView class="oracle.dbtools.crest.swingui.relational.TVTable" oid="18A74A3F-0C39-9D9F-8B06-CF1DB2106FEE" otype="Table" vid="75E578E5-18A1-B96A-B189-2F24E57ADACE">
<hideElementsInCurrentOnly>false</hideElementsInCurrentOnly>
<bounds x="797" y="221" width="141" height="115"/>
</OView>
<OView class="oracle.dbtools.crest.swingui.relational.TVTable" oid="1A0FB8BE-0F36-A701-111A-0CEAA7D215FC" otype="Table" vid="CB20DFAE-9117-2ADB-EF53-2B403E476830">
<hideElementsInCurrentOnly>false</hideElementsInCurrentOnly>
<bounds x="644" y="281" width="134" height="116"/>
</OView>
<OView class="oracle.dbtools.crest.swingui.relational.TVTable" oid="1D1719E0-777A-7363-5965-2FB71CEF5F98" otype="Table" vid="EC0778D5-2F76-D14A-9280-31255C0930D8">
<hideElementsInCurrentOnly>false</hideElementsInCurrentOnly>
<bounds x="0" y="1109" width="240" height="136"/>
</OView>
<OView class="oracle.dbtools.crest.swingui.relational.TVTable" oid="304A165D-9AC6-3415-7102-4B41DAF7B003" otype="Table" vid="EE5A17D0-491F-3D87-6CFD-1680B51E1C2B">
<hideElementsInCurrentOnly>false</hideElementsInCurrentOnly>
<bounds x="180" y="590" width="170" height="110"/>
</OView>
<OView class="oracle.dbtools.crest.swingui.relational.TVTable" oid="3C01A47B-7D6B-B6B2-C277-80AB4DA355CE" otype="Table" vid="FF917D9E-FEB2-6942-150E-44E7866776BB">
<hideElementsInCurrentOnly>false</hideElementsInCurrentOnly>
<bounds x="716" y="739" width="178" height="94"/>
</OView>
<OView class="oracle.dbtools.crest.swingui.relational.TVTable" oid="3E9538D4-2BC0-3A1C-5F82-9E4B4F3967C3" otype="Table" vid="2AB75264-F785-17E6-EFEE-F1006DFD2481">
<hideElementsInCurrentOnly>false</hideElementsInCurrentOnly>
<bounds x="1877" y="511" width="196" height="122"/>
</OView>
<OView class="oracle.dbtools.crest.swingui.relational.TVTable" oid="3F9F7840-FD70-2704-35A9-59E843113185" otype="Table" vid="B06CCFF7-F5A2-D7E3-35B3-56DB1BEC5532">
<hideElementsInCurrentOnly>false</hideElementsInCurrentOnly>
<bounds x="1335" y="823" width="170" height="110"/>
</OView>
<OView class="oracle.dbtools.crest.swingui.relational.TVTable" oid="5D254D49-901B-14B1-A6F4-AA9603BBA6FA" otype="Table" vid="B94EEFAE-ECD4-8AE7-A899-45B2477D6B5A">
<hideElementsInCurrentOnly>false</hideElementsInCurrentOnly>
<bounds x="1227" y="240" width="170" height="146"/>
</OView>
<OView class="oracle.dbtools.crest.swingui.relational.TVTable" oid="5E8FA712-D533-5554-9E3B-E230E0297EBE" otype="Table" vid="C73FD86E-0287-0F81-5697-CDC200C409DF">
<hideElementsInCurrentOnly>false</hideElementsInCurrentOnly>
<bounds x="293" y="272" width="308" height="213"/>
</OView>
<OView class="oracle.dbtools.crest.swingui.relational.TVTable" oid="5FA95CF3-6858-01D4-DA39-35413BDD99C8" otype="Table" vid="06189AEE-0097-C02D-F7BA-0B2A0BB4588D">
<hideElementsInCurrentOnly>false</hideElementsInCurrentOnly>
<bounds x="1057" y="556" width="104" height="114"/>
</OView>
<OView class="oracle.dbtools.crest.swingui.relational.TVTable" oid="6FE085D8-5D5C-78DE-47B6-1733EB8D88F5" otype="Table" vid="E86A7C2A-5838-9F3C-FF9A-2E140FA41793">
<hideElementsInCurrentOnly>false</hideElementsInCurrentOnly>
<bounds x="439" y="530" width="218" height="119"/>
</OView>
<OView class="oracle.dbtools.crest.swingui.relational.TVTable" oid="72C31F57-6D26-B57B-965D-B373E2700C2E" otype="Table" vid="472C1B54-04DA-78B0-0DCE-BD43CFF18A62">
<hideElementsInCurrentOnly>false</hideElementsInCurrentOnly>
<bounds x="270" y="100" width="205" height="130"/>
</OView>
<OView class="oracle.dbtools.crest.swingui.relational.TVTable" oid="74AD0812-A9D6-CBD5-E161-B572D1DAEEDD" otype="Table" vid="839D1D5D-409A-B9E3-48D6-91CE5DEBA7B4">
<hideElementsInCurrentOnly>false</hideElementsInCurrentOnly>
<bounds x="1681" y="929" width="163" height="103"/>
</OView>
<OView class="oracle.dbtools.crest.swingui.relational.TVTable" oid="78F4C191-6110-451B-766D-8CEF6F4A947C" otype="Table" vid="146707F7-5FC5-EC84-E471-F7FF3536AF52">
<hideElementsInCurrentOnly>false</hideElementsInCurrentOnly>
<bounds x="978" y="364" width="188" height="162"/>
</OView>
<OView class="oracle.dbtools.crest.swingui.relational.TVTable" oid="7F96D6BE-C873-B4B5-7613-2D26EEA6AF76" otype="Table" vid="00CA2AB7-9505-4010-9641-F15BCF3F937C">
<hideElementsInCurrentOnly>false</hideElementsInCurrentOnly>
<bounds x="1445" y="316" width="194" height="148"/>
</OView>
<OView class="oracle.dbtools.crest.swingui.relational.TVTable" oid="823421AE-495E-8D92-0338-7A5363636D68" otype="Table" vid="07441ED5-EB74-A2BD-CACE-10CCC57F3420">
<hideElementsInCurrentOnly>false</hideElementsInCurrentOnly>
<bounds x="1316" y="1173" width="208" height="131"/>
</OView>
<OView class="oracle.dbtools.crest.swingui.relational.TVTable" oid="83E68447-7580-1EF0-1BE3-93EA2691F1A5" otype="Table" vid="F216AFB2-F463-2D1B-FF0C-57982CD491C1">
<hideElementsInCurrentOnly>false</hideElementsInCurrentOnly>
<bounds x="1611" y="1103" width="222" height="110"/>
</OView>
<OView class="oracle.dbtools.crest.swingui.relational.TVTable" oid="842C932C-0B57-ADE0-88A2-C7FAF58A8D21" otype="Table" vid="FBF9085D-F223-E935-4992-6F6AF861C7E5">
<hideElementsInCurrentOnly>false</hideElementsInCurrentOnly>
<bounds x="1189" y="94" width="170" height="111"/>
</OView>
<OView class="oracle.dbtools.crest.swingui.relational.TVTable" oid="84DB49E7-12FF-7387-908F-4117D7BD5B68" otype="Table" vid="85EAB8BC-826D-ADDE-BA35-F0880F874FCD">
<hideElementsInCurrentOnly>false</hideElementsInCurrentOnly>
<bounds x="1411" y="93" width="170" height="111"/>
</OView>
<OView class="oracle.dbtools.crest.swingui.relational.TVTable" oid="A306EAB8-4C0A-66AA-19B7-442B8AF978DB" otype="Table" vid="8AD56B12-D764-FE5E-AE81-5CB5A0EEA45F">
<hideElementsInCurrentOnly>false</hideElementsInCurrentOnly>
<bounds x="702" y="39" width="136" height="129"/>
</OView>
<OView class="oracle.dbtools.crest.swingui.relational.TVTable" oid="A5C6BD7C-C30A-805E-D4CB-BE359D02EB06" otype="Table" vid="978FA4CA-E84F-DBD4-EF56-44311D7B40A2">
<hideElementsInCurrentOnly>false</hideElementsInCurrentOnly>
<bounds x="49" y="0" width="170" height="110"/>
</OView>
<OView class="oracle.dbtools.crest.swingui.relational.TVTable" oid="A6AAF8B4-DBE9-5FB1-80C7-4CEFC64A1ED5" otype="Table" vid="44A6F179-7632-B2E4-CE83-C7F3EF2B6B54">
<hideElementsInCurrentOnly>false</hideElementsInCurrentOnly>
<bounds x="32" y="922" width="170" height="111"/>
</OView>
<OView class="oracle.dbtools.crest.swingui.relational.TVTable" oid="B4A9D1C8-A37B-71C3-3F73-E4F182A5A1D5" otype="Table" vid="BE89550C-1E0C-7B50-E0EF-977DF4BD9046">
<hideElementsInCurrentOnly>false</hideElementsInCurrentOnly>
<bounds x="15" y="713" width="178" height="140"/>
</OView>
<OView class="oracle.dbtools.crest.swingui.relational.TVTable" oid="B5FF948E-1E03-E20D-C6C0-3DBB04DAA39B" otype="Table" vid="4DA5F451-BC15-3727-8AF0-C49101E4B421">
<hideElementsInCurrentOnly>false</hideElementsInCurrentOnly>
<bounds x="264" y="0" width="110" height="90"/>
</OView>
<OView class="oracle.dbtools.crest.swingui.relational.TVTable" oid="B695827C-CEBC-EDCD-F139-EE3B4FAB8D10" otype="Table" vid="CA0A6F32-AA35-3DE4-9616-3AC12A186538">
<hideElementsInCurrentOnly>false</hideElementsInCurrentOnly>
<bounds x="1608" y="518" width="170" height="110"/>
</OView>
<OView class="oracle.dbtools.crest.swingui.relational.TVTable" oid="C189FB41-7F34-E9DB-FC84-7629DBE76B2E" otype="Table" vid="A91D323A-3AD8-6FAE-C345-9C19A797F673">
<hideElementsInCurrentOnly>false</hideElementsInCurrentOnly>
<bounds x="844" y="1134" width="170" height="110"/>
</OView>
<OView class="oracle.dbtools.crest.swingui.relational.TVTable" oid="C29C3AEE-A849-BAE5-A8F7-78A76405C60E" otype="Table" vid="62218CC3-ED5C-F2CE-9B3F-E25DFADCB2D6">
<hideElementsInCurrentOnly>false</hideElementsInCurrentOnly>
<bounds x="1064" y="1182" width="170" height="110"/>
</OView>
<OView class="oracle.dbtools.crest.swingui.relational.TVTable" oid="C3CF5810-F985-6509-D695-F19E32E857B0" otype="Table" vid="67A6446B-0190-E3D7-6085-C43F3AC01904">
<hideElementsInCurrentOnly>false</hideElementsInCurrentOnly>
<bounds x="235" y="800" width="170" height="110"/>
</OView>
<OView class="oracle.dbtools.crest.swingui.relational.TVTable" oid="C58B0375-45FC-17A3-88B9-2EF76E336C97" otype="Table" vid="CDED0952-03BC-900A-5992-87CC22B93F95">
<hideElementsInCurrentOnly>false</hideElementsInCurrentOnly>
<bounds x="279" y="1012" width="170" height="110"/>
</OView>
<OView class="oracle.dbtools.crest.swingui.relational.TVTable" oid="C694EBA7-B28D-5A69-9070-D50A0A9B1254" otype="Table" vid="B7AA6E14-9B97-7702-429F-7119219CF5FC">
<hideElementsInCurrentOnly>false</hideElementsInCurrentOnly>
<bounds x="990" y="205" width="154" height="97"/>
</OView>
<OView class="oracle.dbtools.crest.swingui.relational.TVTable" oid="C85C25FA-9F53-8422-3788-38AF5F001123" otype="Table" vid="7CBFAFE1-DF3B-9D41-1401-5EAAA420B8B5">
<hideElementsInCurrentOnly>false</hideElementsInCurrentOnly>
<bounds x="432" y="805" width="170" height="110"/>
</OView>
<OView class="oracle.dbtools.crest.swingui.relational.TVTable" oid="CF7F268D-9A94-EF81-51E9-C40239037B4C" otype="Table" vid="F708206E-5D13-4206-4F98-51D256D70F07">
<hideElementsInCurrentOnly>false</hideElementsInCurrentOnly>
<bounds x="1861" y="70" width="173" height="91"/>
</OView>
<OView class="oracle.dbtools.crest.swingui.relational.TVTable" oid="D12FDC46-5A6B-E392-0829-F4CB7F179E00" otype="Table" vid="DC72A556-8B9C-749A-5F32-C9EEFCC1EFA0">
<hideElementsInCurrentOnly>false</hideElementsInCurrentOnly>
<bounds x="1381" y="806" width="174" height="139"/>
</OView>
<OView class="oracle.dbtools.crest.swingui.relational.TVTable" oid="D39BF017-DE0B-89A4-0E4D-E0D59365309F" otype="Table" vid="0C4C6A08-48D6-333A-78BC-FB0324BEF0AF">
<hideElementsInCurrentOnly>false</hideElementsInCurrentOnly>
<bounds x="10" y="140" width="170" height="111"/>
</OView>
<OView class="oracle.dbtools.crest.swingui.relational.TVTable" oid="DA45E72E-EE1B-CE78-9929-5BDFBEF437D1" otype="Table" vid="EA54616F-2B45-E37C-F197-2D9D160D679B">
<hideElementsInCurrentOnly>false</hideElementsInCurrentOnly>
<bounds x="1409" y="666" width="170" height="111"/>
</OView>
<OView class="oracle.dbtools.crest.swingui.relational.TVTable" oid="DBBA4E29-389D-C654-551D-A359A06DFDFE" otype="Table" vid="5F346F9C-A55C-B8B0-FAD8-D625BCB480F2">
<hideElementsInCurrentOnly>false</hideElementsInCurrentOnly>
<bounds x="1859" y="704" width="116" height="103"/>
</OView>
<OView class="oracle.dbtools.crest.swingui.relational.TVTable" oid="DD57A4A4-D68D-D28B-72D2-BBE414C7A390" otype="Table" vid="B607513A-7F86-F08F-8576-CAED4A4D9ABF">
<hideElementsInCurrentOnly>false</hideElementsInCurrentOnly>
<bounds x="1009" y="700" width="181" height="149"/>
</OView>
<OView class="oracle.dbtools.crest.swingui.relational.TVTable" oid="E47FA52A-1EB7-CD07-232E-103C0A7BA105" otype="Table" vid="35C9D1C6-0126-F2A5-70ED-0162BB9796FF">
<hideElementsInCurrentOnly>false</hideElementsInCurrentOnly>
<bounds x="1692" y="8" width="113" height="68"/>
</OView>
<OView class="oracle.dbtools.crest.swingui.relational.TVTable" oid="EA13AAE5-2934-DBB9-AD0E-CD40E79AEBB5" otype="Table" vid="E82BFFCD-8245-4D27-E0DF-0387673E4EE3">
<hideElementsInCurrentOnly>false</hideElementsInCurrentOnly>
<bounds x="10" y="469" width="170" height="110"/>
</OView>
<OView class="oracle.dbtools.crest.swingui.relational.TVTable" oid="ED5866A1-E5C7-55AE-55A5-F3E47BEEBE9B" otype="Table" vid="71B3BAEE-0F19-DC47-7021-22D517E12BD1">
<hideElementsInCurrentOnly>false</hideElementsInCurrentOnly>
<bounds x="962" y="44" width="197" height="84"/>
</OView>
<OView class="oracle.dbtools.crest.swingui.relational.TVTable" oid="EDEDF439-EEDA-BC41-D773-CB5538180796" otype="Table" vid="6B527C3F-18EC-3F37-CBE9-7840E87ECD00">
<hideElementsInCurrentOnly>false</hideElementsInCurrentOnly>
<bounds x="979" y="892" width="259" height="178"/>
</OView>
<OView class="oracle.dbtools.crest.swingui.relational.TVTable" oid="EE7DE9F9-5C23-93DC-D8ED-EAE9B5F921DC" otype="Table" vid="BDDEC07F-A43E-4790-87C4-8D91026B5201">
<hideElementsInCurrentOnly>false</hideElementsInCurrentOnly>
<bounds x="1213" y="397" width="166" height="124"/>
</OView>
<OView class="oracle.dbtools.crest.swingui.relational.TVTable" oid="F0228B39-69C4-3968-C7E6-A91F22EF5691" otype="Table" vid="95F8CE83-FB4F-DA40-F21A-7DC4D6A0B717">
<hideElementsInCurrentOnly>false</hideElementsInCurrentOnly>
<bounds x="1652" y="715" width="123" height="132"/>
</OView>
<OView class="oracle.dbtools.crest.swingui.relational.TVTable" oid="F43C3BAD-4395-8833-7184-F300975881B1" otype="Table" vid="64BCABD7-B6EE-2AAF-7DD0-7A23AF8D56FF">
<hideElementsInCurrentOnly>false</hideElementsInCurrentOnly>
<bounds x="699" y="468" width="228" height="213"/>
</OView>
<OView class="oracle.dbtools.crest.swingui.relational.TVTable" oid="FE23FD10-DF31-FBA2-2BC0-E0ACF1395E82" otype="Table" vid="59FD0B6B-6B2C-1002-70EB-D80DFA04D09E">
<hideElementsInCurrentOnly>false</hideElementsInCurrentOnly>
<bounds x="1898" y="356" width="153" height="112"/>
</OView>
</objectViews>
<connectors>
<Connector class="oracle.dbtools.crest.swingui.relational.TVFKRelation" oid="0B197E9B-5515-6BDA-68AE-5C7E9563F2D1" otype="FKIndexAssociation" vid_source="67A6446B-0190-E3D7-6085-C43F3AC01904" vid_target="CDED0952-03BC-900A-5992-87CC22B93F95">
<hideElementsInCurrentOnly>false</hideElementsInCurrentOnly>
<backgroundColor>-16777216</backgroundColor>
<lineWidth>1</lineWidth>
<points>
<point x="342" y="910"/>
<point x="342" y="1012"/>
</points>
</Connector>
<Connector class="oracle.dbtools.crest.swingui.relational.TVFKRelation" oid="0D68A384-6A7B-160E-A762-05F6E9FBB9AE" otype="FKIndexAssociation" vid_source="146707F7-5FC5-EC84-E471-F7FF3536AF52" vid_target="BDDEC07F-A43E-4790-87C4-8D91026B5201">
<hideElementsInCurrentOnly>false</hideElementsInCurrentOnly>
<backgroundColor>-16777216</backgroundColor>
<lineWidth>1</lineWidth>
<points>
<point x="1166" y="459"/>
<point x="1213" y="459"/>
</points>
</Connector>
<Connector class="oracle.dbtools.crest.swingui.relational.TVFKRelation" oid="1D01CEDA-47F7-5E33-C254-03B97053D96A" otype="FKIndexAssociation" vid_source="472C1B54-04DA-78B0-0DCE-BD43CFF18A62" vid_target="C73FD86E-0287-0F81-5697-CDC200C409DF">
<hideElementsInCurrentOnly>false</hideElementsInCurrentOnly>
<backgroundColor>-16777216</backgroundColor>
<lineWidth>1</lineWidth>
<points>
<point x="384" y="230"/>
<point x="384" y="272"/>
</points>
</Connector>
<Connector class="oracle.dbtools.crest.swingui.relational.TVFKRelation" oid="1D3425A2-96DC-3CBB-DD55-014FEA56EE56" otype="FKIndexAssociation" vid_source="B06CCFF7-F5A2-D7E3-35B3-56DB1BEC5532" vid_target="6B527C3F-18EC-3F37-CBE9-7840E87ECD00">
<hideElementsInCurrentOnly>false</hideElementsInCurrentOnly>
<backgroundColor>-16777216</backgroundColor>
<lineWidth>1</lineWidth>
<points>
<point x="1394" y="996"/>
<point x="1183" y="912"/>
</points>
</Connector>
<Connector class="oracle.dbtools.crest.swingui.relational.TVFKRelation" oid="237D6351-F29B-6392-860A-F8B916B54A1C" otype="FKIndexAssociation" vid_source="F216AFB2-F463-2D1B-FF0C-57982CD491C1" vid_target="07441ED5-EB74-A2BD-CACE-10CCC57F3420">
<hideElementsInCurrentOnly>false</hideElementsInCurrentOnly>
<backgroundColor>-16777216</backgroundColor>
<lineWidth>1</lineWidth>
<points>
<point x="1611" y="1193"/>
<point x="1524" y="1193"/>
</points>
</Connector>
<Connector class="oracle.dbtools.crest.swingui.relational.TVFKRelation" oid="23E299B6-233A-C0B2-25A8-D3C7B6D686E3" otype="FKIndexAssociation" vid_source="1ED599B1-83BE-2FDC-C553-8FDE4A941CDB" vid_target="472C1B54-04DA-78B0-0DCE-BD43CFF18A62">
<hideElementsInCurrentOnly>false</hideElementsInCurrentOnly>
<backgroundColor>-16777216</backgroundColor>
<lineWidth>1</lineWidth>
<points>
<point x="197" y="319"/>
<point x="298" y="230"/>
</points>
</Connector>
<Connector class="oracle.dbtools.crest.swingui.relational.TVFKRelation" oid="27B40EBF-0709-5B3B-44C2-A85C250820C6" otype="FKIndexAssociation" vid_source="1ED599B1-83BE-2FDC-C553-8FDE4A941CDB" vid_target="8AD56B12-D764-FE5E-AE81-5CB5A0EEA45F">
<hideElementsInCurrentOnly>false</hideElementsInCurrentOnly>
<backgroundColor>-16777216</backgroundColor>
<lineWidth>1</lineWidth>
<points>
<point x="220" y="321"/>
<point x="702" y="113"/>
</points>
</Connector>
<Connector class="oracle.dbtools.crest.swingui.relational.TVFKRelation" oid="2BA4DC86-7B1C-2F42-C1A2-51AEB4E6E2A3" otype="FKIndexAssociation" vid_source="B607513A-7F86-F08F-8576-CAED4A4D9ABF" vid_target="2ACCDB09-B78C-F470-6EBF-654181F690EE">
<hideElementsInCurrentOnly>false</hideElementsInCurrentOnly>
<backgroundColor>-16777216</backgroundColor>
<lineWidth>1</lineWidth>
<points>
<point x="1190" y="723"/>
<point x="1414" y="648"/>
</points>
</Connector>
<Connector class="oracle.dbtools.crest.swingui.relational.TVFKRelation" oid="2F0BD0B9-A1D7-D815-F030-6A80E43D5DCD" otype="FKIndexAssociation" vid_source="B607513A-7F86-F08F-8576-CAED4A4D9ABF" vid_target="FF917D9E-FEB2-6942-150E-44E7866776BB">
<hideElementsInCurrentOnly>false</hideElementsInCurrentOnly>
<backgroundColor>-16777216</backgroundColor>
<lineWidth>1</lineWidth>
<points>
<point x="1009" y="786"/>
<point x="894" y="786"/>
</points>
</Connector>
<Connector class="oracle.dbtools.crest.swingui.relational.TVFKRelation" oid="448C2C51-FF67-CB7E-63A8-39ED78A3E86A" otype="FKIndexAssociation" vid_source="6B527C3F-18EC-3F37-CBE9-7840E87ECD00" vid_target="62218CC3-ED5C-F2CE-9B3F-E25DFADCB2D6">
<hideElementsInCurrentOnly>false</hideElementsInCurrentOnly>
<backgroundColor>-16777216</backgroundColor>
<lineWidth>1</lineWidth>
<points>
<point x="1149" y="1070"/>
<point x="1149" y="1182"/>
</points>
</Connector>
<Connector class="oracle.dbtools.crest.swingui.relational.TVFKRelation" oid="45488541-D108-DC87-1BB5-60382815464D" otype="FKIndexAssociation" vid_source="146707F7-5FC5-EC84-E471-F7FF3536AF52" vid_target="CB20DFAE-9117-2ADB-EF53-2B403E476830">
<hideElementsInCurrentOnly>false</hideElementsInCurrentOnly>
<backgroundColor>-16777216</backgroundColor>
<lineWidth>1</lineWidth>
<points>
<point x="978" y="380"/>
<point x="778" y="380"/>
</points>
</Connector>
<Connector class="oracle.dbtools.crest.swingui.relational.TVFKRelation" oid="4854D5B9-0E10-DF70-6F36-6AF358FFDC58" otype="FKIndexAssociation" vid_source="64BCABD7-B6EE-2AAF-7DD0-7A23AF8D56FF" vid_target="7CBFAFE1-DF3B-9D41-1401-5EAAA420B8B5">
<hideElementsInCurrentOnly>false</hideElementsInCurrentOnly>
<backgroundColor>-16777216</backgroundColor>
<lineWidth>1</lineWidth>
<points>
<point x="702" y="681"/>
<point x="574" y="805"/>
</points>
</Connector>
<Connector class="oracle.dbtools.crest.swingui.relational.TVFKRelation" oid="4B4E1EB1-370A-3D3B-25E9-21F62CEF2430" otype="FKIndexAssociation" vid_source="EA54616F-2B45-E37C-F197-2D9D160D679B" vid_target="B607513A-7F86-F08F-8576-CAED4A4D9ABF">
<hideElementsInCurrentOnly>false</hideElementsInCurrentOnly>
<backgroundColor>-16777216</backgroundColor>
<lineWidth>1</lineWidth>
<points>
<point x="1409" y="708"/>
<point x="1190" y="708"/>
</points>
</Connector>
<Connector class="oracle.dbtools.crest.swingui.relational.TVFKRelation" oid="4C732FE8-081B-CB43-2365-3F864DE0E688" otype="FKIndexAssociation" vid_source="44A6F179-7632-B2E4-CE83-C7F3EF2B6B54" vid_target="CDED0952-03BC-900A-5992-87CC22B93F95">
<hideElementsInCurrentOnly>false</hideElementsInCurrentOnly>
<backgroundColor>-16777216</backgroundColor>
<lineWidth>1</lineWidth>
<points>
<point x="202" y="1022"/>
<point x="279" y="1022"/>
</points>
</Connector>
<Connector class="oracle.dbtools.crest.swingui.relational.TVFKRelation" oid="4F2C6E78-524F-9C28-A762-AC34730F16BD" otype="FKIndexAssociation" vid_source="1ED599B1-83BE-2FDC-C553-8FDE4A941CDB" vid_target="A91D323A-3AD8-6FAE-C345-9C19A797F673">
<hideElementsInCurrentOnly>false</hideElementsInCurrentOnly>
<backgroundColor>-16777216</backgroundColor>
<lineWidth>1</lineWidth>
<points>
<point x="189" y="430"/>
<point x="875" y="1134"/>
</points>
</Connector>
<Connector class="oracle.dbtools.crest.swingui.relational.TVFKRelation" oid="54383098-E606-EE5E-1463-86C2E9B4184F" otype="FKIndexAssociation" vid_source="146707F7-5FC5-EC84-E471-F7FF3536AF52" vid_target="06189AEE-0097-C02D-F7BA-0B2A0BB4588D">
<hideElementsInCurrentOnly>false</hideElementsInCurrentOnly>
<backgroundColor>-16777216</backgroundColor>
<lineWidth>1</lineWidth>
<points>
<point x="1109" y="526"/>
<point x="1109" y="556"/>
</points>
</Connector>
<Connector class="oracle.dbtools.crest.swingui.relational.TVFKRelation" oid="5CE39793-5476-F57A-8F66-DA7887743F39" otype="FKIndexAssociation" vid_source="44A6F179-7632-B2E4-CE83-C7F3EF2B6B54" vid_target="EC0778D5-2F76-D14A-9280-31255C0930D8">
<hideElementsInCurrentOnly>false</hideElementsInCurrentOnly>
<backgroundColor>-16777216</backgroundColor>
<lineWidth>1</lineWidth>
<points>
<point x="132" y="1033"/>
<point x="132" y="1109"/>
</points>
</Connector>
<Connector class="oracle.dbtools.crest.swingui.relational.TVFKRelation" oid="5E3EDF6E-6B03-CFF1-F520-6600B2932A54" otype="FKIndexAssociation" vid_source="07441ED5-EB74-A2BD-CACE-10CCC57F3420" vid_target="6B527C3F-18EC-3F37-CBE9-7840E87ECD00">
<hideElementsInCurrentOnly>false</hideElementsInCurrentOnly>
<backgroundColor>-16777216</backgroundColor>
<lineWidth>1</lineWidth>
<points>
<point x="1353" y="1173"/>
<point x="1144" y="892"/>
</points>
</Connector>
<Connector class="oracle.dbtools.crest.swingui.relational.TVFKRelation" oid="60BAA579-BA21-BE75-AB70-CA1F52AFFB42" otype="FKIndexAssociation" vid_source="CA0A6F32-AA35-3DE4-9616-3AC12A186538" vid_target="2ACCDB09-B78C-F470-6EBF-654181F690EE">
<hideElementsInCurrentOnly>false</hideElementsInCurrentOnly>
<backgroundColor>-16777216</backgroundColor>
<lineWidth>1</lineWidth>
<points>
<point x="1608" y="585"/>
<point x="1492" y="585"/>
</points>
</Connector>
<Connector class="oracle.dbtools.crest.swingui.relational.TVFKRelation" oid="62054276-6341-E6FE-F9E4-28A29700DB9F" otype="FKIndexAssociation" vid_source="B607513A-7F86-F08F-8576-CAED4A4D9ABF" vid_target="07441ED5-EB74-A2BD-CACE-10CCC57F3420">
<hideElementsInCurrentOnly>false</hideElementsInCurrentOnly>
<backgroundColor>-16777216</backgroundColor>
<lineWidth>1</lineWidth>
<points>
<point x="1150" y="849"/>
<point x="1374" y="1173"/>
</points>
</Connector>
<Connector class="oracle.dbtools.crest.swingui.relational.TVFKRelation" oid="67BF1F00-BC26-693C-AD50-C1A8F68FC021" otype="FKIndexAssociation" vid_source="85EAB8BC-826D-ADDE-BA35-F0880F874FCD" vid_target="00CA2AB7-9505-4010-9641-F15BCF3F937C">
<hideElementsInCurrentOnly>false</hideElementsInCurrentOnly>
<backgroundColor>-16777216</backgroundColor>
<lineWidth>1</lineWidth>
<points>
<point x="1513" y="204"/>
<point x="1513" y="316"/>
</points>
</Connector>
<Connector class="oracle.dbtools.crest.swingui.relational.TVFKRelation" oid="69475F89-7CEA-BBE5-F7A3-F33903A63DD8" otype="FKIndexAssociation" vid_source="64BCABD7-B6EE-2AAF-7DD0-7A23AF8D56FF" vid_target="C73FD86E-0287-0F81-5697-CDC200C409DF">
<hideElementsInCurrentOnly>false</hideElementsInCurrentOnly>
<backgroundColor>-16777216</backgroundColor>
<lineWidth>1</lineWidth>
<points>
<point x="699" y="476"/>
<point x="601" y="476"/>
</points>
</Connector>
<Connector class="oracle.dbtools.crest.swingui.relational.TVFKRelation" oid="6CCCA62A-1846-0EF7-0E96-B4B18D1C3E8A" otype="FKIndexAssociation" vid_source="64BCABD7-B6EE-2AAF-7DD0-7A23AF8D56FF" vid_target="C73FD86E-0287-0F81-5697-CDC200C409DF">
<hideElementsInCurrentOnly>false</hideElementsInCurrentOnly>
<backgroundColor>-16777216</backgroundColor>
<lineWidth>1</lineWidth>
<points>
<point x="699" y="476"/>
<point x="601" y="476"/>
</points>
</Connector>
<Connector class="oracle.dbtools.crest.swingui.relational.TVFKRelation" oid="6FAADD87-FED8-B9DD-03A9-D8A0EEA3E1C9" otype="FKIndexAssociation" vid_source="B7AA6E14-9B97-7702-429F-7119219CF5FC" vid_target="8AD56B12-D764-FE5E-AE81-5CB5A0EEA45F">
<hideElementsInCurrentOnly>false</hideElementsInCurrentOnly>
<backgroundColor>-16777216</backgroundColor>
<lineWidth>1</lineWidth>
<points>
<point x="990" y="222"/>
<point x="702" y="99"/>
</points>
</Connector>
<Connector class="oracle.dbtools.crest.swingui.relational.TVFKRelation" oid="71CE3160-C9AB-679B-1686-05157AB3DD30" otype="FKIndexAssociation" vid_source="1ED599B1-83BE-2FDC-C553-8FDE4A941CDB" vid_target="978FA4CA-E84F-DBD4-EF56-44311D7B40A2">
<hideElementsInCurrentOnly>false</hideElementsInCurrentOnly>
<backgroundColor>-16777216</backgroundColor>
<lineWidth>1</lineWidth>
<points>
<point x="149" y="319"/>
<point x="149" y="110"/>
</points>
</Connector>
<Connector class="oracle.dbtools.crest.swingui.relational.TVFKRelation" oid="722AF8D4-9816-77D2-D75D-78342708BB9C" otype="FKIndexAssociation" vid_source="472C1B54-04DA-78B0-0DCE-BD43CFF18A62" vid_target="62218CC3-ED5C-F2CE-9B3F-E25DFADCB2D6">
<hideElementsInCurrentOnly>false</hideElementsInCurrentOnly>
<backgroundColor>-16777216</backgroundColor>
<lineWidth>1</lineWidth>
<points>
<point x="419" y="230"/>
<point x="1109" y="1182"/>
</points>
</Connector>
<Connector class="oracle.dbtools.crest.swingui.relational.TVFKRelation" oid="75473835-2562-FD8A-9593-3ED2641653B4" otype="FKIndexAssociation" vid_source="B607513A-7F86-F08F-8576-CAED4A4D9ABF" vid_target="95F8CE83-FB4F-DA40-F21A-7DC4D6A0B717">
<hideElementsInCurrentOnly>false</hideElementsInCurrentOnly>
<backgroundColor>-16777216</backgroundColor>
<lineWidth>1</lineWidth>
<points>
<point x="1190" y="796"/>
<point x="1652" y="796"/>
</points>
</Connector>
<Connector class="oracle.dbtools.crest.swingui.relational.TVFKRelation" oid="84C80D89-CCCF-BD79-8F32-87C92C6865D2" otype="FKIndexAssociation" vid_source="00CA2AB7-9505-4010-9641-F15BCF3F937C" vid_target="BDDEC07F-A43E-4790-87C4-8D91026B5201">
<hideElementsInCurrentOnly>false</hideElementsInCurrentOnly>
<backgroundColor>-16777216</backgroundColor>
<lineWidth>1</lineWidth>
<points>
<point x="1445" y="430"/>
<point x="1379" y="430"/>
</points>
</Connector>
<Connector class="oracle.dbtools.crest.swingui.relational.TVFKRelation" oid="86D524FD-05BF-1EB6-6EF5-7413DFB5C572" otype="FKIndexAssociation" vid_source="0C4C6A08-48D6-333A-78BC-FB0324BEF0AF" vid_target="1ED599B1-83BE-2FDC-C553-8FDE4A941CDB">
<hideElementsInCurrentOnly>false</hideElementsInCurrentOnly>
<backgroundColor>-16777216</backgroundColor>
<lineWidth>1</lineWidth>
<points>
<point x="130" y="251"/>
<point x="130" y="319"/>
</points>
</Connector>
<Connector class="oracle.dbtools.crest.swingui.relational.TVFKRelation" oid="8C0CF947-6F6D-676D-14A6-C623C23E182B" otype="FKIndexAssociation" vid_source="1ED599B1-83BE-2FDC-C553-8FDE4A941CDB" vid_target="64BCABD7-B6EE-2AAF-7DD0-7A23AF8D56FF">
<hideElementsInCurrentOnly>false</hideElementsInCurrentOnly>
<backgroundColor>-16777216</backgroundColor>
<lineWidth>1</lineWidth>
<points>
<point x="220" y="395"/>
<point x="699" y="529"/>
</points>
</Connector>
<Connector class="oracle.dbtools.crest.swingui.relational.TVFKRelation" oid="8ECE7AE2-3558-86BE-5A30-6E0195E220BE" otype="FKIndexAssociation" vid_source="839D1D5D-409A-B9E3-48D6-91CE5DEBA7B4" vid_target="F216AFB2-F463-2D1B-FF0C-57982CD491C1">
<hideElementsInCurrentOnly>false</hideElementsInCurrentOnly>
<backgroundColor>-16777216</backgroundColor>
<lineWidth>1</lineWidth>
<points>
<point x="1757" y="1032"/>
<point x="1757" y="1103"/>
</points>
</Connector>
<Connector class="oracle.dbtools.crest.swingui.relational.TVFKRelation" oid="91082C2D-4B71-4533-4BAC-58C236C36831" otype="FKIndexAssociation" vid_source="B607513A-7F86-F08F-8576-CAED4A4D9ABF" vid_target="DC72A556-8B9C-749A-5F32-C9EEFCC1EFA0">
<hideElementsInCurrentOnly>false</hideElementsInCurrentOnly>
<backgroundColor>-16777216</backgroundColor>
<lineWidth>1</lineWidth>
<points>
<point x="1190" y="827"/>
<point x="1381" y="827"/>
</points>
</Connector>
<Connector class="oracle.dbtools.crest.swingui.relational.TVFKRelation" oid="945A3C7F-70B9-7BC5-178E-D42E3F04876C" otype="FKIndexAssociation" vid_source="44A6F179-7632-B2E4-CE83-C7F3EF2B6B54" vid_target="EC0778D5-2F76-D14A-9280-31255C0930D8">
<hideElementsInCurrentOnly>false</hideElementsInCurrentOnly>
<backgroundColor>-16777216</backgroundColor>
<lineWidth>1</lineWidth>
<points>
<point x="117" y="1033"/>
<point x="117" y="1109"/>
</points>
</Connector>
<Connector class="oracle.dbtools.crest.swingui.relational.TVFKRelation" oid="9A9F9FEB-714A-6BCC-9E00-EB2918FDFE07" otype="FKIndexAssociation" vid_source="EE5A17D0-491F-3D87-6CFD-1680B51E1C2B" vid_target="E86A7C2A-5838-9F3C-FF9A-2E140FA41793">
<hideElementsInCurrentOnly>false</hideElementsInCurrentOnly>
<backgroundColor>-16777216</backgroundColor>
<lineWidth>1</lineWidth>
<points>
<point x="350" y="619"/>
<point x="439" y="619"/>
</points>
</Connector>
<Connector class="oracle.dbtools.crest.swingui.relational.TVFKRelation" oid="9BC091FF-A2AF-EC9D-D5F8-3CF0E866CCE9" otype="FKIndexAssociation" vid_source="110F9111-8204-9F1A-CE91-B2FF061A52FB" vid_target="59FD0B6B-6B2C-1002-70EB-D80DFA04D09E">
<hideElementsInCurrentOnly>false</hideElementsInCurrentOnly>
<backgroundColor>-16777216</backgroundColor>
<lineWidth>1</lineWidth>
<points>
<point x="1962" y="306"/>
<point x="1962" y="356"/>
</points>
</Connector>
<Connector class="oracle.dbtools.crest.swingui.relational.TVFKRelation" oid="9C937DF9-518D-D734-10B7-EADF54C0C6DD" otype="FKIndexAssociation" vid_source="BE89550C-1E0C-7B50-E0EF-977DF4BD9046" vid_target="E82BFFCD-8245-4D27-E0DF-0387673E4EE3">
<hideElementsInCurrentOnly>false</hideElementsInCurrentOnly>
<backgroundColor>-16777216</backgroundColor>
<lineWidth>1</lineWidth>
<points>
<point x="97" y="713"/>
<point x="97" y="579"/>
</points>
</Connector>
<Connector class="oracle.dbtools.crest.swingui.relational.TVFKRelation" oid="A177313A-CD58-3A28-F419-A2411B3B1251" otype="FKIndexAssociation" vid_source="64BCABD7-B6EE-2AAF-7DD0-7A23AF8D56FF" vid_target="E86A7C2A-5838-9F3C-FF9A-2E140FA41793">
<hideElementsInCurrentOnly>false</hideElementsInCurrentOnly>
<backgroundColor>-16777216</backgroundColor>
<lineWidth>1</lineWidth>
<points>
<point x="699" y="589"/>
<point x="657" y="589"/>
</points>
</Connector>
<Connector class="oracle.dbtools.crest.swingui.relational.TVFKRelation" oid="A7DC76B5-B3DC-0B00-8CFC-57D69B1D6A00" otype="FKIndexAssociation" vid_source="6B527C3F-18EC-3F37-CBE9-7840E87ECD00" vid_target="A91D323A-3AD8-6FAE-C345-9C19A797F673">
<hideElementsInCurrentOnly>false</hideElementsInCurrentOnly>
<backgroundColor>-16777216</backgroundColor>
<lineWidth>1</lineWidth>
<points>
<point x="996" y="1070"/>
<point x="996" y="1134"/>
</points>
</Connector>
<Connector class="oracle.dbtools.crest.swingui.relational.TVFKRelation" oid="A8981C9F-3887-2F08-A0A5-24EF2DB49FD0" otype="FKIndexAssociation" vid_source="2AB75264-F785-17E6-EFEE-F1006DFD2481" vid_target="95F8CE83-FB4F-DA40-F21A-7DC4D6A0B717">
<hideElementsInCurrentOnly>false</hideElementsInCurrentOnly>
<backgroundColor>-16777216</backgroundColor>
<lineWidth>1</lineWidth>
<points>
<point x="1892" y="633"/>
<point x="1775" y="722"/>
</points>
</Connector>
<Connector class="oracle.dbtools.crest.swingui.relational.TVFKRelation" oid="AB62EA58-299F-536C-4AB2-2268BC5F8DAE" otype="FKIndexAssociation" vid_source="59FD0B6B-6B2C-1002-70EB-D80DFA04D09E" vid_target="2AB75264-F785-17E6-EFEE-F1006DFD2481">
<hideElementsInCurrentOnly>false</hideElementsInCurrentOnly>
<backgroundColor>-16777216</backgroundColor>
<lineWidth>1</lineWidth>
<points>
<point x="1974" y="468"/>
<point x="1974" y="511"/>
</points>
</Connector>
<Connector class="oracle.dbtools.crest.swingui.relational.TVFKRelation" oid="ACEDC9CD-03BE-B500-333A-D58C6FBCCF39" otype="FKIndexAssociation" vid_source="DC72A556-8B9C-749A-5F32-C9EEFCC1EFA0" vid_target="6B527C3F-18EC-3F37-CBE9-7840E87ECD00">
<hideElementsInCurrentOnly>false</hideElementsInCurrentOnly>
<backgroundColor>-16777216</backgroundColor>
<lineWidth>1</lineWidth>
<points>
<point x="1381" y="918"/>
<point x="1238" y="918"/>
</points>
</Connector>
<Connector class="oracle.dbtools.crest.swingui.relational.TVFKRelation" oid="AEE44AC7-D9C2-1721-D624-0C1492A50022" otype="FKIndexAssociation" vid_source="978FA4CA-E84F-DBD4-EF56-44311D7B40A2" vid_target="472C1B54-04DA-78B0-0DCE-BD43CFF18A62">
<hideElementsInCurrentOnly>false</hideElementsInCurrentOnly>
<backgroundColor>-16777216</backgroundColor>
<lineWidth>1</lineWidth>
<points>
<point x="219" y="105"/>
<point x="270" y="105"/>
</points>
</Connector>
<Connector class="oracle.dbtools.crest.swingui.relational.TVFKRelation" oid="B2800F3E-BBB1-C2D6-40EA-1AE2ADC70D3F" otype="FKIndexAssociation" vid_source="5F346F9C-A55C-B8B0-FAD8-D625BCB480F2" vid_target="95F8CE83-FB4F-DA40-F21A-7DC4D6A0B717">
<hideElementsInCurrentOnly>false</hideElementsInCurrentOnly>
<backgroundColor>-16777216</backgroundColor>
<lineWidth>1</lineWidth>
<points>
<point x="1859" y="761"/>
<point x="1775" y="761"/>
</points>
</Connector>
<Connector class="oracle.dbtools.crest.swingui.relational.TVFKRelation" oid="B2B8557C-62FB-AB60-E907-519ECB7C1EF2" otype="FKIndexAssociation" vid_source="B7AA6E14-9B97-7702-429F-7119219CF5FC" vid_target="146707F7-5FC5-EC84-E471-F7FF3536AF52">
<hideElementsInCurrentOnly>false</hideElementsInCurrentOnly>
<backgroundColor>-16777216</backgroundColor>
<lineWidth>1</lineWidth>
<points>
<point x="1067" y="302"/>
<point x="1067" y="364"/>
</points>
</Connector>
<Connector class="oracle.dbtools.crest.swingui.relational.TVFKRelation" oid="B8D440B6-A70A-957A-6F21-5CBDB838C384" otype="FKIndexAssociation" vid_source="44A6F179-7632-B2E4-CE83-C7F3EF2B6B54" vid_target="BE89550C-1E0C-7B50-E0EF-977DF4BD9046">
<hideElementsInCurrentOnly>false</hideElementsInCurrentOnly>
<backgroundColor>-16777216</backgroundColor>
<lineWidth>1</lineWidth>
<points>
<point x="112" y="922"/>
<point x="112" y="853"/>
</points>
</Connector>
<Connector class="oracle.dbtools.crest.swingui.relational.TVFKRelation" oid="B971AFAB-B60A-EF09-4792-49003D036F41" otype="FKIndexAssociation" vid_source="146707F7-5FC5-EC84-E471-F7FF3536AF52" vid_target="75E578E5-18A1-B96A-B189-2F24E57ADACE">
<hideElementsInCurrentOnly>false</hideElementsInCurrentOnly>
<backgroundColor>-16777216</backgroundColor>
<lineWidth>1</lineWidth>
<points>
<point x="983" y="364"/>
<point x="938" y="312"/>
</points>
</Connector>
<Connector class="oracle.dbtools.crest.swingui.relational.TVFKRelation" oid="BA08A436-4208-2BBD-25EF-19134314B560" otype="FKIndexAssociation" vid_source="FBF9085D-F223-E935-4992-6F6AF861C7E5" vid_target="B94EEFAE-ECD4-8AE7-A899-45B2477D6B5A">
<hideElementsInCurrentOnly>false</hideElementsInCurrentOnly>
<backgroundColor>-16777216</backgroundColor>
<lineWidth>1</lineWidth>
<points>
<point x="1293" y="205"/>
<point x="1293" y="240"/>
</points>
</Connector>
<Connector class="oracle.dbtools.crest.swingui.relational.TVFKRelation" oid="C19D1E68-D201-BF9A-EA0F-0021E5F646A6" otype="FKIndexAssociation" vid_source="B607513A-7F86-F08F-8576-CAED4A4D9ABF" vid_target="DC72A556-8B9C-749A-5F32-C9EEFCC1EFA0">
<hideElementsInCurrentOnly>false</hideElementsInCurrentOnly>
<backgroundColor>-16777216</backgroundColor>
<lineWidth>1</lineWidth>
<points>
<point x="1190" y="842"/>
<point x="1381" y="842"/>
</points>
</Connector>
<Connector class="oracle.dbtools.crest.swingui.relational.TVFKRelation" oid="C6C2970E-3317-391A-19B6-5AAA61F9DF57" otype="FKIndexAssociation" vid_source="146707F7-5FC5-EC84-E471-F7FF3536AF52" vid_target="F708206E-5D13-4206-4F98-51D256D70F07">
<hideElementsInCurrentOnly>false</hideElementsInCurrentOnly>
<backgroundColor>-16777216</backgroundColor>
<lineWidth>1</lineWidth>
<points>
<point x="1166" y="412"/>
<point x="1946" y="161"/>
</points>
</Connector>
<Connector class="oracle.dbtools.crest.swingui.relational.TVFKRelation" oid="CD9945E3-B252-C57F-A386-E8EF04E8F551" otype="FKIndexAssociation" vid_source="6B527C3F-18EC-3F37-CBE9-7840E87ECD00" vid_target="FF917D9E-FEB2-6942-150E-44E7866776BB">
<hideElementsInCurrentOnly>false</hideElementsInCurrentOnly>
<backgroundColor>-16777216</backgroundColor>
<lineWidth>1</lineWidth>
<points>
<point x="979" y="897"/>
<point x="878" y="833"/>
</points>
</Connector>
<Connector class="oracle.dbtools.crest.swingui.relational.TVFKRelation" oid="CF57E8FC-0018-C8E8-3851-17C1364FDE5A" otype="FKIndexAssociation" vid_source="64BCABD7-B6EE-2AAF-7DD0-7A23AF8D56FF" vid_target="67A6446B-0190-E3D7-6085-C43F3AC01904">
<hideElementsInCurrentOnly>false</hideElementsInCurrentOnly>
<backgroundColor>-16777216</backgroundColor>
<lineWidth>1</lineWidth>
<points>
<point x="699" y="639"/>
<point x="405" y="806"/>
</points>
</Connector>
<Connector class="oracle.dbtools.crest.swingui.relational.TVFKRelation" oid="D937C462-23F2-5EE4-9636-87E34B390469" otype="FKIndexAssociation" vid_source="35C9D1C6-0126-F2A5-70ED-0162BB9796FF" vid_target="F708206E-5D13-4206-4F98-51D256D70F07">
<hideElementsInCurrentOnly>false</hideElementsInCurrentOnly>
<backgroundColor>-16777216</backgroundColor>
<lineWidth>1</lineWidth>
<points>
<point x="1805" y="73"/>
<point x="1861" y="73"/>
</points>
</Connector>
<Connector class="oracle.dbtools.crest.swingui.relational.TVFKRelation" oid="DFF6C44F-71E7-A85A-F8DD-F9AC3AA7F65F" otype="FKIndexAssociation" vid_source="64BCABD7-B6EE-2AAF-7DD0-7A23AF8D56FF" vid_target="E82BFFCD-8245-4D27-E0DF-0387673E4EE3">
<hideElementsInCurrentOnly>false</hideElementsInCurrentOnly>
<backgroundColor>-16777216</backgroundColor>
<lineWidth>1</lineWidth>
<points>
<point x="699" y="524"/>
<point x="180" y="524"/>
</points>
</Connector>
<Connector class="oracle.dbtools.crest.swingui.relational.TVFKRelation" oid="E950D9D0-17CE-91E2-2B39-29386618BD21" otype="FKIndexAssociation" vid_source="110F9111-8204-9F1A-CE91-B2FF061A52FB" vid_target="59FD0B6B-6B2C-1002-70EB-D80DFA04D09E">
<hideElementsInCurrentOnly>false</hideElementsInCurrentOnly>
<backgroundColor>-16777216</backgroundColor>
<lineWidth>1</lineWidth>
<points>
<point x="1947" y="306"/>
<point x="1947" y="356"/>
</points>
</Connector>
<Connector class="oracle.dbtools.crest.swingui.relational.TVFKRelation" oid="F0220DD3-4A94-25DC-C492-8C68EA2A7FAE" otype="FKIndexAssociation" vid_source="B607513A-7F86-F08F-8576-CAED4A4D9ABF" vid_target="95F8CE83-FB4F-DA40-F21A-7DC4D6A0B717">
<hideElementsInCurrentOnly>false</hideElementsInCurrentOnly>
<backgroundColor>-16777216</backgroundColor>
<lineWidth>1</lineWidth>
<points>
<point x="1190" y="781"/>
<point x="1652" y="781"/>
</points>
</Connector>
<Connector class="oracle.dbtools.crest.swingui.relational.TVFKRelation" oid="F068BF3D-F02B-0189-E89B-1758003F39FD" otype="FKIndexAssociation" vid_source="146707F7-5FC5-EC84-E471-F7FF3536AF52" vid_target="B94EEFAE-ECD4-8AE7-A899-45B2477D6B5A">
<hideElementsInCurrentOnly>false</hideElementsInCurrentOnly>
<backgroundColor>-16777216</backgroundColor>
<lineWidth>1</lineWidth>
<points>
<point x="1166" y="375"/>
<point x="1227" y="375"/>
</points>
</Connector>
<Connector class="oracle.dbtools.crest.swingui.relational.TVFKRelation" oid="FD9FE6D9-35A9-B665-27DD-03470DA7628C" otype="FKIndexAssociation" vid_source="B607513A-7F86-F08F-8576-CAED4A4D9ABF" vid_target="06189AEE-0097-C02D-F7BA-0B2A0BB4588D">
<hideElementsInCurrentOnly>false</hideElementsInCurrentOnly>
<backgroundColor>-16777216</backgroundColor>
<lineWidth>1</lineWidth>
<points>
<point x="1109" y="700"/>
<point x="1109" y="670"/>
</points>
</Connector>
<Connector class="oracle.dbtools.crest.swingui.relational.TVFKRelation" oid="FE6877E5-1481-4687-2435-53DCCE3466D6" otype="FKIndexAssociation" vid_source="B7AA6E14-9B97-7702-429F-7119219CF5FC" vid_target="64BCABD7-B6EE-2AAF-7DD0-7A23AF8D56FF">
<hideElementsInCurrentOnly>false</hideElementsInCurrentOnly>
<backgroundColor>-16777216</backgroundColor>
<lineWidth>1</lineWidth>
<points>
<point x="1022" y="302"/>
<point x="877" y="468"/>
</points>
</Connector>
</connectors>
</Diagram>