<?xml version = '1.0' encoding = 'UTF-8'?>
<FKIndexAssociation class="oracle.dbtools.crest.model.design.relational.FKIndexAssociation" directorySegmentName="seg_0" id="0D68A384-6A7B-160E-A762-05F6E9FBB9AE" containerWithKeyObject="EE7DE9F9-5C23-93DC-D8ED-EAE9B5F921DC" localFKIndex="2BCB4BB0-7C48-4429-22AA-5BFD535F5A62" name="Klijent_fond_Klijent_FK">
<createdBy>helena</createdBy>
<createdTime>2024-10-06 15:28:52 UTC</createdTime>
<ownerDesignName>n8</ownerDesignName>
<referredTableLongName>Klijent</referredTableLongName>
<deleteRule>NO ACTION</deleteRule>
<referredTableID>78F4C191-6110-451B-766D-8CEF6F4A947C</referredTableID>
<keyObject>E15F79CE-1328-6C14-3543-2EB4A8AB1508</keyObject>
<referredKeyID>E15F79CE-1328-6C14-3543-2EB4A8AB1508</referredKeyID>
<mandatory>true</mandatory>
<refColNames>klijent_id</refColNames>
<transferable>true</transferable>
<rely>false</rely>
<columnDependencyConstraintGenerateInDDL>true</columnDependencyConstraintGenerateInDDL>
</FKIndexAssociation>