<?xml version = '1.0' encoding = 'UTF-8'?>
<FKIndexAssociation class="oracle.dbtools.crest.model.design.relational.FKIndexAssociation" directorySegmentName="seg_0" id="1D01CEDA-47F7-5E33-C254-03B97053D96A" containerWithKeyObject="5E8FA712-D533-5554-9E3B-E230E0297EBE" localFKIndex="AAFAF1A1-3498-A889-D665-39F429B208C2" name="Ekspozitura_radnik_Ekspozitura_FK">
<createdBy>Master</createdBy>
<createdTime>2024-10-16 16:29:22 UTC</createdTime>
<ownerDesignName>n8</ownerDesignName>
<referredTableLongName>Ekspozitura</referredTableLongName>
<deleteRule>NO ACTION</deleteRule>
<referredTableID>72C31F57-6D26-B57B-965D-B373E2700C2E</referredTableID>
<keyObject>D87BA6FC-CD0E-C028-F31F-EC185E6BB322</keyObject>
<referredKeyID>D87BA6FC-CD0E-C028-F31F-EC185E6BB322</referredKeyID>
<mandatory>true</mandatory>
<refColNames>ekspozitura_id</refColNames>
<transferable>true</transferable>
<rely>false</rely>
<columnDependencyConstraintGenerateInDDL>true</columnDependencyConstraintGenerateInDDL>
</FKIndexAssociation>