<?xml version = '1.0' encoding = 'UTF-8'?>
<FKIndexAssociation class="oracle.dbtools.crest.model.design.relational.FKIndexAssociation" directorySegmentName="seg_0" id="2BA4DC86-7B1C-2F42-C1A2-51AEB4E6E2A3" containerWithKeyObject="158857E3-6A32-654C-54FE-4C813D5E22DC" localFKIndex="E2235B25-F4AC-A485-8521-E4F584840E90" name="Kartica_Racun_FK">
<createdBy>helena</createdBy>
<createdTime>2024-11-25 18:01:07 UTC</createdTime>
<ownerDesignName>n8</ownerDesignName>
<referredTableLongName>Racun</referredTableLongName>
<deleteRule>NO ACTION</deleteRule>
<referredTableID>DD57A4A4-D68D-D28B-72D2-BBE414C7A390</referredTableID>
<keyObject>AAA2BEF7-06C0-A22F-7EA5-24BF4173B393</keyObject>
<referredKeyID>AAA2BEF7-06C0-A22F-7EA5-24BF4173B393</referredKeyID>
<mandatory>true</mandatory>
<refColNames>racun_id</refColNames>
<transferable>true</transferable>
<rely>false</rely>
<columnDependencyConstraintGenerateInDDL>true</columnDependencyConstraintGenerateInDDL>
</FKIndexAssociation>