<?xml version = '1.0' encoding = 'UTF-8'?>
<FKIndexAssociation class="oracle.dbtools.crest.model.design.relational.FKIndexAssociation" directorySegmentName="seg_0" id="2F0BD0B9-A1D7-D815-F030-6A80E43D5DCD" containerWithKeyObject="3C01A47B-7D6B-B6B2-C277-80AB4DA355CE" localFKIndex="85C9FBC9-643A-207E-72D8-921BC0B736B8" name="TABLE_44_Racun_FK">
<createdBy>helena</createdBy>
<createdTime>2024-11-25 17:23:02 UTC</createdTime>
<ownerDesignName>n8</ownerDesignName>
<referredTableLongName>Racun</referredTableLongName>
<deleteRule>NO ACTION</deleteRule>
<referredTableID>DD57A4A4-D68D-D28B-72D2-BBE414C7A390</referredTableID>
<keyObject>AAA2BEF7-06C0-A22F-7EA5-24BF4173B393</keyObject>
<referredKeyID>AAA2BEF7-06C0-A22F-7EA5-24BF4173B393</referredKeyID>
<mandatory>true</mandatory>
<refColNames>racun_id</refColNames>
<transferable>true</transferable>
<rely>false</rely>
<columnDependencyConstraintGenerateInDDL>true</columnDependencyConstraintGenerateInDDL>
</FKIndexAssociation>