<?xml version = '1.0' encoding = 'UTF-8'?>
<FKIndexAssociation class="oracle.dbtools.crest.model.design.relational.FKIndexAssociation" directorySegmentName="seg_0" id="448C2C51-FF67-CB7E-63A8-39ED78A3E86A" containerWithKeyObject="C29C3AEE-A849-BAE5-A8F7-78A76405C60E" localFKIndex="8B3AAA8F-7062-5C13-C54C-683A20887F3B" name="TABLE_32_Transakcija_FK">
<createdBy>Master</createdBy>
<createdTime>2024-10-29 14:05:01 UTC</createdTime>
<ownerDesignName>n8</ownerDesignName>
<referredTableLongName>Transakcija</referredTableLongName>
<deleteRule>NO ACTION</deleteRule>
<referredTableID>EDEDF439-EEDA-BC41-D773-CB5538180796</referredTableID>
<keyObject>2B0D3F2B-7D65-5E1D-1738-FC3309E63E1B</keyObject>
<referredKeyID>2B0D3F2B-7D65-5E1D-1738-FC3309E63E1B</referredKeyID>
<mandatory>true</mandatory>
<refColNames>transakcija_id</refColNames>
<transferable>true</transferable>
<rely>false</rely>
<columnDependencyConstraintGenerateInDDL>true</columnDependencyConstraintGenerateInDDL>
</FKIndexAssociation>