<?xml version = '1.0' encoding = 'UTF-8'?>
<FKIndexAssociation class="oracle.dbtools.crest.model.design.relational.FKIndexAssociation" directorySegmentName="seg_0" id="45488541-D108-DC87-1BB5-60382815464D" containerWithKeyObject="1A0FB8BE-0F36-A701-111A-0CEAA7D215FC" localFKIndex="F0C1EDFA-071C-CF51-2949-CF2D62C45257" name="Mejl_Klijent_FK">
<createdBy>helena</createdBy>
<createdTime>2024-11-25 16:26:23 UTC</createdTime>
<ownerDesignName>n8</ownerDesignName>
<referredTableLongName>Klijent</referredTableLongName>
<deleteRule>NO ACTION</deleteRule>
<referredTableID>78F4C191-6110-451B-766D-8CEF6F4A947C</referredTableID>
<keyObject>E15F79CE-1328-6C14-3543-2EB4A8AB1508</keyObject>
<referredKeyID>E15F79CE-1328-6C14-3543-2EB4A8AB1508</referredKeyID>
<mandatory>true</mandatory>
<refColNames>klijent_id</refColNames>
<transferable>true</transferable>
<rely>false</rely>
<columnDependencyConstraintGenerateInDDL>true</columnDependencyConstraintGenerateInDDL>
</FKIndexAssociation>