<?xml version = '1.0' encoding = 'UTF-8'?>
<FKIndexAssociation class="oracle.dbtools.crest.model.design.relational.FKIndexAssociation" directorySegmentName="seg_0" id="4854D5B9-0E10-DF70-6F36-6AF358FFDC58" containerWithKeyObject="C85C25FA-9F53-8422-3788-38AF5F001123" localFKIndex="112AFC3D-19F1-A4B4-B6CD-5663A668376C" name="Podredjeni_Radnik_FK">
<createdBy>Matija</createdBy>
<createdTime>2024-10-29 16:21:06 UTC</createdTime>
<ownerDesignName>n8</ownerDesignName>
<referredTableLongName>Radnik</referredTableLongName>
<deleteRule>NO ACTION</deleteRule>
<referredTableID>F43C3BAD-4395-8833-7184-F300975881B1</referredTableID>
<keyObject>238962B7-BC89-3FC7-9446-11B23FB5AF2A</keyObject>
<referredKeyID>238962B7-BC89-3FC7-9446-11B23FB5AF2A</referredKeyID>
<mandatory>true</mandatory>
<refColNames>radnik_id</refColNames>
<transferable>true</transferable>
<rely>false</rely>
<columnDependencyConstraintGenerateInDDL>true</columnDependencyConstraintGenerateInDDL>
</FKIndexAssociation>