<?xml version = '1.0' encoding = 'UTF-8'?>
<FKIndexAssociation class="oracle.dbtools.crest.model.design.relational.FKIndexAssociation" directorySegmentName="seg_0" id="4C732FE8-081B-CB43-2365-3F864DE0E688" containerWithKeyObject="C58B0375-45FC-17A3-88B9-2EF76E336C97" localFKIndex="79E6D300-2DEE-2961-6A06-F6DDE21E24DD" name="Odeljenje_nadredjeni_Odeljenje_FK">
<createdBy>Matija</createdBy>
<createdTime>2024-10-29 16:28:30 UTC</createdTime>
<ownerDesignName>n8</ownerDesignName>
<referredTableLongName>Odeljenje</referredTableLongName>
<deleteRule>NO ACTION</deleteRule>
<referredTableID>A6AAF8B4-DBE9-5FB1-80C7-4CEFC64A1ED5</referredTableID>
<keyObject>C2451575-88E3-29D3-823F-E7DCFC7F370B</keyObject>
<referredKeyID>C2451575-88E3-29D3-823F-E7DCFC7F370B</referredKeyID>
<mandatory>true</mandatory>
<refColNames>odeljenje_id</refColNames>
<transferable>true</transferable>
<rely>false</rely>
<columnDependencyConstraintGenerateInDDL>true</columnDependencyConstraintGenerateInDDL>
</FKIndexAssociation>