<?xml version = '1.0' encoding = 'UTF-8'?>
<FKIndexAssociation class="oracle.dbtools.crest.model.design.relational.FKIndexAssociation" directorySegmentName="seg_0" id="4F2C6E78-524F-9C28-A762-AC34730F16BD" containerWithKeyObject="C189FB41-7F34-E9DB-FC84-7629DBE76B2E" localFKIndex="1086487D-320E-9290-3CC7-5ADDAE4F03E5" name="Bankomat_Grad_FK">
<createdBy>Matija</createdBy>
<createdTime>2024-10-16 19:28:07 UTC</createdTime>
<ownerDesignName>n8</ownerDesignName>
<referredTableLongName>Grad</referredTableLongName>
<deleteRule>NO ACTION</deleteRule>
<referredTableID>132E293D-4053-D377-B91B-4857B09C3AD7</referredTableID>
<keyObject>7D47EC85-8904-4ABD-3E7B-AED836129289</keyObject>
<referredKeyID>7D47EC85-8904-4ABD-3E7B-AED836129289</referredKeyID>
<mandatory>true</mandatory>
<refColNames>grad_id</refColNames>
<transferable>true</transferable>
<rely>false</rely>
<columnDependencyConstraintGenerateInDDL>true</columnDependencyConstraintGenerateInDDL>
</FKIndexAssociation>