<?xml version = '1.0' encoding = 'UTF-8'?>
<FKIndexAssociation class="oracle.dbtools.crest.model.design.relational.FKIndexAssociation" directorySegmentName="seg_0" id="54383098-E606-EE5E-1463-86C2E9B4184F" containerWithKeyObject="5FA95CF3-6858-01D4-DA39-35413BDD99C8" localFKIndex="6F0EFB47-5486-E3C9-D9DB-880D84F58180" name="TABLE_54_Klijent_FK">
<createdBy>helena</createdBy>
<createdTime>2024-11-27 20:34:31 UTC</createdTime>
<ownerDesignName>n8</ownerDesignName>
<referredTableLongName>Klijent</referredTableLongName>
<deleteRule>NO ACTION</deleteRule>
<referredTableID>78F4C191-6110-451B-766D-8CEF6F4A947C</referredTableID>
<keyObject>E15F79CE-1328-6C14-3543-2EB4A8AB1508</keyObject>
<referredKeyID>E15F79CE-1328-6C14-3543-2EB4A8AB1508</referredKeyID>
<mandatory>true</mandatory>
<refColNames>klijent_id</refColNames>
<transferable>true</transferable>
<rely>false</rely>
<columnDependencyConstraintGenerateInDDL>true</columnDependencyConstraintGenerateInDDL>
</FKIndexAssociation>