<?xml version = '1.0' encoding = 'UTF-8'?>
<FKIndexAssociation class="oracle.dbtools.crest.model.design.relational.FKIndexAssociation" directorySegmentName="seg_0" id="5CE39793-5476-F57A-8F66-DA7887743F39" containerWithKeyObject="1D1719E0-777A-7363-5965-2FB71CEF5F98" localFKIndex="1974B1EB-24C8-4800-DAB2-0B1331F687E1" name="Hierarhija_Odeljenje_FKv1">
<createdBy>Matija</createdBy>
<createdTime>2024-10-29 15:33:29 UTC</createdTime>
<ownerDesignName>n8</ownerDesignName>
<referredTableLongName>Odeljenje</referredTableLongName>
<deleteRule>NO ACTION</deleteRule>
<referredTableID>A6AAF8B4-DBE9-5FB1-80C7-4CEFC64A1ED5</referredTableID>
<keyObject>C2451575-88E3-29D3-823F-E7DCFC7F370B</keyObject>
<referredKeyID>C2451575-88E3-29D3-823F-E7DCFC7F370B</referredKeyID>
<mandatory>true</mandatory>
<refColNames>odeljenje_id</refColNames>
<transferable>true</transferable>
<rely>false</rely>
<columnDependencyConstraintGenerateInDDL>true</columnDependencyConstraintGenerateInDDL>
</FKIndexAssociation>