<?xml version = '1.0' encoding = 'UTF-8'?>
<FKIndexAssociation class="oracle.dbtools.crest.model.design.relational.FKIndexAssociation" directorySegmentName="seg_0" id="5E3EDF6E-6B03-CFF1-F520-6600B2932A54" containerWithKeyObject="EDEDF439-EEDA-BC41-D773-CB5538180796" localFKIndex="B068D449-84AA-69BB-EA36-34F8CEEC4EFA" name="Transakcija_Eksterna_banka_FK">
<createdBy>helena</createdBy>
<createdTime>2024-11-25 17:33:52 UTC</createdTime>
<ownerDesignName>n8</ownerDesignName>
<referredTableLongName>Eksterna_banka</referredTableLongName>
<deleteRule>NO ACTION</deleteRule>
<referredTableID>823421AE-495E-8D92-0338-7A5363636D68</referredTableID>
<keyObject>825872BD-EF3C-3A86-F087-3B17C846E55A</keyObject>
<referredKeyID>825872BD-EF3C-3A86-F087-3B17C846E55A</referredKeyID>
<mandatory>false</mandatory>
<refColNames>eksterna_banka_id</refColNames>
<transferable>true</transferable>
<rely>false</rely>
<columnDependencyConstraintGenerateInDDL>true</columnDependencyConstraintGenerateInDDL>
</FKIndexAssociation>