<?xml version = '1.0' encoding = 'UTF-8'?>
<FKIndexAssociation class="oracle.dbtools.crest.model.design.relational.FKIndexAssociation" directorySegmentName="seg_0" id="60BAA579-BA21-BE75-AB70-CA1F52AFFB42" containerWithKeyObject="158857E3-6A32-654C-54FE-4C813D5E22DC" localFKIndex="F1F62C36-1BD8-A591-DA8D-A38FD4E47606" name="Kartica_Tip_kartica_FK">
<createdBy>helena</createdBy>
<createdTime>2024-11-25 18:00:42 UTC</createdTime>
<ownerDesignName>n8</ownerDesignName>
<referredTableLongName>Tip_kartica</referredTableLongName>
<deleteRule>NO ACTION</deleteRule>
<referredTableID>B695827C-CEBC-EDCD-F139-EE3B4FAB8D10</referredTableID>
<keyObject>8871439D-146A-CDBC-488F-830618283F1F</keyObject>
<referredKeyID>8871439D-146A-CDBC-488F-830618283F1F</referredKeyID>
<mandatory>true</mandatory>
<refColNames>tip_id</refColNames>
<transferable>true</transferable>
<rely>false</rely>
<columnDependencyConstraintGenerateInDDL>true</columnDependencyConstraintGenerateInDDL>
</FKIndexAssociation>