<?xml version = '1.0' encoding = 'UTF-8'?>
<FKIndexAssociation class="oracle.dbtools.crest.model.design.relational.FKIndexAssociation" directorySegmentName="seg_0" id="69475F89-7CEA-BBE5-F7A3-F33903A63DD8" containerWithKeyObject="5E8FA712-D533-5554-9E3B-E230E0297EBE" localFKIndex="818D966A-9093-8F6B-3FA2-0B6B2BB10A7D" name="Ekspozitura_radnik_Radnik_FKv2">
<createdBy>helena</createdBy>
<createdTime>2024-11-25 16:41:38 UTC</createdTime>
<ownerDesignName>n8</ownerDesignName>
<referredTableLongName>Radnik</referredTableLongName>
<deleteRule>NO ACTION</deleteRule>
<referredTableID>F43C3BAD-4395-8833-7184-F300975881B1</referredTableID>
<keyObject>238962B7-BC89-3FC7-9446-11B23FB5AF2A</keyObject>
<referredKeyID>238962B7-BC89-3FC7-9446-11B23FB5AF2A</referredKeyID>
<mandatory>true</mandatory>
<refColNames>radnik_id</refColNames>
<transferable>true</transferable>
<rely>false</rely>
<columnDependencyConstraintGenerateInDDL>true</columnDependencyConstraintGenerateInDDL>
</FKIndexAssociation>