<?xml version = '1.0' encoding = 'UTF-8'?>
<FKIndexAssociation class="oracle.dbtools.crest.model.design.relational.FKIndexAssociation" directorySegmentName="seg_0" id="71CE3160-C9AB-679B-1686-05157AB3DD30" containerWithKeyObject="A5C6BD7C-C30A-805E-D4CB-BE359D02EB06" localFKIndex="01905EEB-96A5-9C50-D8E4-2536FBC03EFC" name="Banka_Grad_FK">
<createdBy>Master</createdBy>
<createdTime>2024-10-16 17:05:55 UTC</createdTime>
<ownerDesignName>n8</ownerDesignName>
<referredTableLongName>Grad</referredTableLongName>
<deleteRule>NO ACTION</deleteRule>
<referredTableID>132E293D-4053-D377-B91B-4857B09C3AD7</referredTableID>
<keyObject>7D47EC85-8904-4ABD-3E7B-AED836129289</keyObject>
<referredKeyID>7D47EC85-8904-4ABD-3E7B-AED836129289</referredKeyID>
<mandatory>true</mandatory>
<refColNames>grad_id</refColNames>
<transferable>true</transferable>
<rely>false</rely>
<columnDependencyConstraintGenerateInDDL>true</columnDependencyConstraintGenerateInDDL>
</FKIndexAssociation>