<?xml version = '1.0' encoding = 'UTF-8'?>
<FKIndexAssociation class="oracle.dbtools.crest.model.design.relational.FKIndexAssociation" directorySegmentName="seg_0" id="75473835-2562-FD8A-9593-3ED2641653B4" containerWithKeyObject="F0228B39-69C4-3968-C7E6-A91F22EF5691" localFKIndex="49D07AAA-5B83-71FF-8144-2D2450F2199F" name="Racun_konverzija_Racun_FKv2">
<createdBy>helena</createdBy>
<createdTime>2024-11-27 20:48:28 UTC</createdTime>
<ownerDesignName>n8</ownerDesignName>
<referredTableLongName>Racun</referredTableLongName>
<deleteRule>NO ACTION</deleteRule>
<referredTableID>DD57A4A4-D68D-D28B-72D2-BBE414C7A390</referredTableID>
<keyObject>AAA2BEF7-06C0-A22F-7EA5-24BF4173B393</keyObject>
<referredKeyID>AAA2BEF7-06C0-A22F-7EA5-24BF4173B393</referredKeyID>
<mandatory>true</mandatory>
<refColNames>racun_id</refColNames>
<transferable>true</transferable>
<rely>false</rely>
<columnDependencyConstraintGenerateInDDL>true</columnDependencyConstraintGenerateInDDL>
</FKIndexAssociation>