<?xml version = '1.0' encoding = 'UTF-8'?>
<FKIndexAssociation class="oracle.dbtools.crest.model.design.relational.FKIndexAssociation" directorySegmentName="seg_0" id="84C80D89-CCCF-BD79-8F32-87C92C6865D2" containerWithKeyObject="EE7DE9F9-5C23-93DC-D8ED-EAE9B5F921DC" localFKIndex="1298CAA0-F82D-02B8-D487-5E27BB744966" name="Klijent_fond_Fond_FK">
<createdBy>helena</createdBy>
<createdTime>2024-10-06 15:29:03 UTC</createdTime>
<ownerDesignName>n8</ownerDesignName>
<referredTableLongName>Fond</referredTableLongName>
<deleteRule>NO ACTION</deleteRule>
<referredTableID>7F96D6BE-C873-B4B5-7613-2D26EEA6AF76</referredTableID>
<keyObject>35BA698C-6B74-934F-C096-37B0353379F2</keyObject>
<referredKeyID>35BA698C-6B74-934F-C096-37B0353379F2</referredKeyID>
<mandatory>true</mandatory>
<refColNames>fond_id</refColNames>
<transferable>true</transferable>
<rely>false</rely>
<columnDependencyConstraintGenerateInDDL>true</columnDependencyConstraintGenerateInDDL>
</FKIndexAssociation>