<?xml version = '1.0' encoding = 'UTF-8'?>
<FKIndexAssociation class="oracle.dbtools.crest.model.design.relational.FKIndexAssociation" directorySegmentName="seg_0" id="8C0CF947-6F6D-676D-14A6-C623C23E182B" containerWithKeyObject="F43C3BAD-4395-8833-7184-F300975881B1" localFKIndex="4DE9AA2E-F699-37A4-7954-D4BD5B4B1FC8" name="Radnik_Grad_FK">
<createdBy>helena</createdBy>
<createdTime>2024-11-25 16:20:25 UTC</createdTime>
<ownerDesignName>n8</ownerDesignName>
<referredTableLongName>Grad</referredTableLongName>
<deleteRule>NO ACTION</deleteRule>
<referredTableID>132E293D-4053-D377-B91B-4857B09C3AD7</referredTableID>
<keyObject>7D47EC85-8904-4ABD-3E7B-AED836129289</keyObject>
<referredKeyID>7D47EC85-8904-4ABD-3E7B-AED836129289</referredKeyID>
<mandatory>true</mandatory>
<refColNames>grad_id</refColNames>
<transferable>true</transferable>
<rely>false</rely>
<columnDependencyConstraintGenerateInDDL>true</columnDependencyConstraintGenerateInDDL>
</FKIndexAssociation>