<?xml version = '1.0' encoding = 'UTF-8'?>
<FKIndexAssociation class="oracle.dbtools.crest.model.design.relational.FKIndexAssociation" directorySegmentName="seg_0" id="9A9F9FEB-714A-6BCC-9E00-EB2918FDFE07" containerWithKeyObject="6FE085D8-5D5C-78DE-47B6-1733EB8D88F5" localFKIndex="80BB1413-B69E-3A2C-5DD4-668D33AC091F" name="Namena_radnika_Namena_FK">
<createdBy>Matija</createdBy>
<createdTime>2024-10-29 15:56:58 UTC</createdTime>
<ownerDesignName>n8</ownerDesignName>
<referredTableLongName>Namena</referredTableLongName>
<deleteRule>NO ACTION</deleteRule>
<referredTableID>304A165D-9AC6-3415-7102-4B41DAF7B003</referredTableID>
<keyObject>3AD6319F-2844-BF09-FE8A-AB5F5CB9B9AE</keyObject>
<referredKeyID>3AD6319F-2844-BF09-FE8A-AB5F5CB9B9AE</referredKeyID>
<mandatory>true</mandatory>
<refColNames>namena_id</refColNames>
<transferable>true</transferable>
<rely>false</rely>
<columnDependencyConstraintGenerateInDDL>true</columnDependencyConstraintGenerateInDDL>
</FKIndexAssociation>