<?xml version = '1.0' encoding = 'UTF-8'?>
<FKIndexAssociation class="oracle.dbtools.crest.model.design.relational.FKIndexAssociation" directorySegmentName="seg_0" id="9BC091FF-A2AF-EC9D-D5F8-3CF0E866CCE9" containerWithKeyObject="FE23FD10-DF31-FBA2-2BC0-E0ACF1395E82" localFKIndex="60DB0462-CDD9-6D00-456E-868DA904B783" name="Kurs_Valuta_FKv2">
<createdBy>helena</createdBy>
<createdTime>2024-11-27 20:24:07 UTC</createdTime>
<ownerDesignName>n8</ownerDesignName>
<referredTableLongName>Valuta</referredTableLongName>
<deleteRule>NO ACTION</deleteRule>
<referredTableID>04857AE0-2114-B9AD-B5D0-FD4C3C909EDE</referredTableID>
<keyObject>581D96BC-E63E-F67E-CB92-FAC06D25444D</keyObject>
<referredKeyID>581D96BC-E63E-F67E-CB92-FAC06D25444D</referredKeyID>
<mandatory>true</mandatory>
<refColNames>valuta_id</refColNames>
<transferable>true</transferable>
<rely>false</rely>
<columnDependencyConstraintGenerateInDDL>true</columnDependencyConstraintGenerateInDDL>
</FKIndexAssociation>