<?xml version = '1.0' encoding = 'UTF-8'?>
<FKIndexAssociation class="oracle.dbtools.crest.model.design.relational.FKIndexAssociation" directorySegmentName="seg_0" id="A177313A-CD58-3A28-F419-A2411B3B1251" containerWithKeyObject="6FE085D8-5D5C-78DE-47B6-1733EB8D88F5" localFKIndex="2238DFAE-577D-5FD3-3DE1-11D3479CD537" name="Namena_radnika_Radnik_FK">
<createdBy>Matija</createdBy>
<createdTime>2024-10-29 15:56:58 UTC</createdTime>
<ownerDesignName>n8</ownerDesignName>
<referredTableLongName>Radnik</referredTableLongName>
<deleteRule>NO ACTION</deleteRule>
<referredTableID>F43C3BAD-4395-8833-7184-F300975881B1</referredTableID>
<keyObject>238962B7-BC89-3FC7-9446-11B23FB5AF2A</keyObject>
<referredKeyID>238962B7-BC89-3FC7-9446-11B23FB5AF2A</referredKeyID>
<mandatory>true</mandatory>
<refColNames>radnik_id</refColNames>
<transferable>true</transferable>
<rely>false</rely>
<columnDependencyConstraintGenerateInDDL>true</columnDependencyConstraintGenerateInDDL>
</FKIndexAssociation>