<?xml version = '1.0' encoding = 'UTF-8'?>
<FKIndexAssociation class="oracle.dbtools.crest.model.design.relational.FKIndexAssociation" directorySegmentName="seg_0" id="A8981C9F-3887-2F08-A0A5-24EF2DB49FD0" containerWithKeyObject="F0228B39-69C4-3968-C7E6-A91F22EF5691" localFKIndex="C5110670-6E68-1832-BE3A-940594C32A34" name="Racun_konverzija_Menjacnica_FK">
<createdBy>helena</createdBy>
<createdTime>2024-11-27 20:49:11 UTC</createdTime>
<ownerDesignName>n8</ownerDesignName>
<referredTableLongName>Menjacnica</referredTableLongName>
<deleteRule>NO ACTION</deleteRule>
<referredTableID>3E9538D4-2BC0-3A1C-5F82-9E4B4F3967C3</referredTableID>
<keyObject>E67E8969-BD34-A9FB-31FA-962217162942</keyObject>
<referredKeyID>E67E8969-BD34-A9FB-31FA-962217162942</referredKeyID>
<mandatory>true</mandatory>
<refColNames>menjacnica_id</refColNames>
<transferable>true</transferable>
<rely>false</rely>
<columnDependencyConstraintGenerateInDDL>true</columnDependencyConstraintGenerateInDDL>
</FKIndexAssociation>