<?xml version = '1.0' encoding = 'UTF-8'?>
<FKIndexAssociation class="oracle.dbtools.crest.model.design.relational.FKIndexAssociation" directorySegmentName="seg_0" id="AB62EA58-299F-536C-4AB2-2268BC5F8DAE" containerWithKeyObject="3E9538D4-2BC0-3A1C-5F82-9E4B4F3967C3" localFKIndex="5BBE7DDA-9158-5B42-B692-628F27011837" name="Menjacnica_Kurs_FK">
<createdBy>helena</createdBy>
<createdTime>2024-11-27 20:28:42 UTC</createdTime>
<ownerDesignName>n8</ownerDesignName>
<referredTableLongName>Kurs</referredTableLongName>
<deleteRule>NO ACTION</deleteRule>
<referredTableID>FE23FD10-DF31-FBA2-2BC0-E0ACF1395E82</referredTableID>
<keyObject>84442C3C-9752-0715-E365-7EC23F9D0213</keyObject>
<referredKeyID>84442C3C-9752-0715-E365-7EC23F9D0213</referredKeyID>
<mandatory>true</mandatory>
<refColNames>kurs_id</refColNames>
<transferable>true</transferable>
<rely>false</rely>
<columnDependencyConstraintGenerateInDDL>true</columnDependencyConstraintGenerateInDDL>
</FKIndexAssociation>