<?xml version = '1.0' encoding = 'UTF-8'?>
<FKIndexAssociation class="oracle.dbtools.crest.model.design.relational.FKIndexAssociation" directorySegmentName="seg_0" id="ACEDC9CD-03BE-B500-333A-D58C6FBCCF39" containerWithKeyObject="EDEDF439-EEDA-BC41-D773-CB5538180796" localFKIndex="7D11DB01-C4AB-A11C-7EA7-CFA3E4440C29" name="Transakcija_Racun_racun_FK">
<createdBy>helena</createdBy>
<createdTime>2024-11-25 17:18:31 UTC</createdTime>
<ownerDesignName>n8</ownerDesignName>
<referredTableLongName>Racun_racun</referredTableLongName>
<deleteRule>NO ACTION</deleteRule>
<referredTableID>D12FDC46-5A6B-E392-0829-F4CB7F179E00</referredTableID>
<keyObject>BA7A67BC-5A21-F946-F0BD-47AA7B06DCE9</keyObject>
<referredKeyID>BA7A67BC-5A21-F946-F0BD-47AA7B06DCE9</referredKeyID>
<mandatory>false</mandatory>
<refColNames>racun_racun_id</refColNames>
<transferable>true</transferable>
<rely>false</rely>
<columnDependencyConstraintGenerateInDDL>true</columnDependencyConstraintGenerateInDDL>
</FKIndexAssociation>