<?xml version = '1.0' encoding = 'UTF-8'?>
<FKIndexAssociation class="oracle.dbtools.crest.model.design.relational.FKIndexAssociation" directorySegmentName="seg_0" id="AEE44AC7-D9C2-1721-D624-0C1492A50022" containerWithKeyObject="72C31F57-6D26-B57B-965D-B373E2700C2E" localFKIndex="F2FDD76F-3710-8390-809E-B2B21D89C2FD" name="Ekspozitura_Banka_FK">
<createdBy>Master</createdBy>
<createdTime>2024-10-16 17:00:36 UTC</createdTime>
<ownerDesignName>n8</ownerDesignName>
<referredTableLongName>Banka</referredTableLongName>
<deleteRule>NO ACTION</deleteRule>
<referredTableID>A5C6BD7C-C30A-805E-D4CB-BE359D02EB06</referredTableID>
<keyObject>6F4F4FE2-3626-490F-6D59-D50A4BE63744</keyObject>
<referredKeyID>6F4F4FE2-3626-490F-6D59-D50A4BE63744</referredKeyID>
<mandatory>true</mandatory>
<refColNames>banka_id</refColNames>
<transferable>true</transferable>
<rely>false</rely>
<columnDependencyConstraintGenerateInDDL>true</columnDependencyConstraintGenerateInDDL>
</FKIndexAssociation>