<?xml version = '1.0' encoding = 'UTF-8'?>
<FKIndexAssociation class="oracle.dbtools.crest.model.design.relational.FKIndexAssociation" directorySegmentName="seg_0" id="B2B8557C-62FB-AB60-E907-519ECB7C1EF2" containerWithKeyObject="78F4C191-6110-451B-766D-8CEF6F4A947C" localFKIndex="1028F8B5-9257-998B-3F28-00A8AB4DACA5" name="Klijent_Pol_FK">
<createdBy>helena</createdBy>
<createdTime>2024-11-25 16:23:55 UTC</createdTime>
<ownerDesignName>n8</ownerDesignName>
<referredTableLongName>Pol</referredTableLongName>
<deleteRule>NO ACTION</deleteRule>
<referredTableID>C694EBA7-B28D-5A69-9070-D50A0A9B1254</referredTableID>
<keyObject>817C999B-A84F-0960-B992-72E701D45BB9</keyObject>
<referredKeyID>817C999B-A84F-0960-B992-72E701D45BB9</referredKeyID>
<mandatory>true</mandatory>
<refColNames>pol_id</refColNames>
<transferable>true</transferable>
<rely>false</rely>
<columnDependencyConstraintGenerateInDDL>true</columnDependencyConstraintGenerateInDDL>
</FKIndexAssociation>