<?xml version = '1.0' encoding = 'UTF-8'?>
<FKIndexAssociation class="oracle.dbtools.crest.model.design.relational.FKIndexAssociation" directorySegmentName="seg_0" id="B971AFAB-B60A-EF09-4792-49003D036F41" containerWithKeyObject="18A74A3F-0C39-9D9F-8B06-CF1DB2106FEE" localFKIndex="3477873D-9D99-B8A4-2415-A38CA97FA692" name="Telefon_Klijent_FK">
<createdBy>helena</createdBy>
<createdTime>2024-11-25 16:27:15 UTC</createdTime>
<ownerDesignName>n8</ownerDesignName>
<referredTableLongName>Klijent</referredTableLongName>
<deleteRule>NO ACTION</deleteRule>
<referredTableID>78F4C191-6110-451B-766D-8CEF6F4A947C</referredTableID>
<keyObject>E15F79CE-1328-6C14-3543-2EB4A8AB1508</keyObject>
<referredKeyID>E15F79CE-1328-6C14-3543-2EB4A8AB1508</referredKeyID>
<mandatory>true</mandatory>
<refColNames>klijent_id</refColNames>
<transferable>true</transferable>
<rely>false</rely>
<columnDependencyConstraintGenerateInDDL>true</columnDependencyConstraintGenerateInDDL>
</FKIndexAssociation>