<?xml version = '1.0' encoding = 'UTF-8'?>
<FKIndexAssociation class="oracle.dbtools.crest.model.design.relational.FKIndexAssociation" directorySegmentName="seg_0" id="CD9945E3-B252-C57F-A386-E8EF04E8F551" containerWithKeyObject="3C01A47B-7D6B-B6B2-C277-80AB4DA355CE" localFKIndex="E0D23C43-2D14-34A0-F287-284A0FA8ACD9" name="TABLE_44_Transakcija_FK">
<createdBy>helena</createdBy>
<createdTime>2024-11-25 17:23:02 UTC</createdTime>
<ownerDesignName>n8</ownerDesignName>
<referredTableLongName>Transakcija</referredTableLongName>
<deleteRule>NO ACTION</deleteRule>
<referredTableID>EDEDF439-EEDA-BC41-D773-CB5538180796</referredTableID>
<keyObject>2B0D3F2B-7D65-5E1D-1738-FC3309E63E1B</keyObject>
<referredKeyID>2B0D3F2B-7D65-5E1D-1738-FC3309E63E1B</referredKeyID>
<mandatory>true</mandatory>
<refColNames>transakcija_id</refColNames>
<transferable>true</transferable>
<rely>false</rely>
<columnDependencyConstraintGenerateInDDL>true</columnDependencyConstraintGenerateInDDL>
</FKIndexAssociation>