<?xml version = '1.0' encoding = 'UTF-8'?>
<FKIndexAssociation class="oracle.dbtools.crest.model.design.relational.FKIndexAssociation" directorySegmentName="seg_0" id="D937C462-23F2-5EE4-9636-87E34B390469" containerWithKeyObject="CF7F268D-9A94-EF81-51E9-C40239037B4C" localFKIndex="2B553480-B8AE-FB0A-287E-FF333315C7D3" name="Kredit_Tip_kredit_FK">
<createdBy>helena</createdBy>
<createdTime>2024-11-27 21:00:57 UTC</createdTime>
<ownerDesignName>n8</ownerDesignName>
<referredTableLongName>Tip_kredit</referredTableLongName>
<deleteRule>NO ACTION</deleteRule>
<referredTableID>E47FA52A-1EB7-CD07-232E-103C0A7BA105</referredTableID>
<keyObject>7AEEF2DE-12B2-5D2C-B1F0-E0630B1A6D24</keyObject>
<referredKeyID>7AEEF2DE-12B2-5D2C-B1F0-E0630B1A6D24</referredKeyID>
<mandatory>true</mandatory>
<refColNames>tip_id</refColNames>
<transferable>true</transferable>
<rely>false</rely>
<columnDependencyConstraintGenerateInDDL>true</columnDependencyConstraintGenerateInDDL>
</FKIndexAssociation>