<?xml version = '1.0' encoding = 'UTF-8'?>
<FKIndexAssociation class="oracle.dbtools.crest.model.design.relational.FKIndexAssociation" directorySegmentName="seg_0" id="E950D9D0-17CE-91E2-2B39-29386618BD21" containerWithKeyObject="FE23FD10-DF31-FBA2-2BC0-E0ACF1395E82" localFKIndex="862EF93E-F594-92E2-F300-DA6CC0901AE4" name="Kurs_Valuta_FK">
<createdBy>helena</createdBy>
<createdTime>2024-11-27 20:24:07 UTC</createdTime>
<ownerDesignName>n8</ownerDesignName>
<referredTableLongName>Valuta</referredTableLongName>
<deleteRule>NO ACTION</deleteRule>
<referredTableID>04857AE0-2114-B9AD-B5D0-FD4C3C909EDE</referredTableID>
<keyObject>581D96BC-E63E-F67E-CB92-FAC06D25444D</keyObject>
<referredKeyID>581D96BC-E63E-F67E-CB92-FAC06D25444D</referredKeyID>
<mandatory>true</mandatory>
<refColNames>valuta_id</refColNames>
<transferable>true</transferable>
<rely>false</rely>
<columnDependencyConstraintGenerateInDDL>true</columnDependencyConstraintGenerateInDDL>
</FKIndexAssociation>