<?xml version = '1.0' encoding = 'UTF-8'?>
<FKIndexAssociation class="oracle.dbtools.crest.model.design.relational.FKIndexAssociation" directorySegmentName="seg_0" id="FD9FE6D9-35A9-B665-27DD-03470DA7628C" containerWithKeyObject="5FA95CF3-6858-01D4-DA39-35413BDD99C8" localFKIndex="FBB56D4B-9634-580E-4E87-35DFCD177CFC" name="Istorija_racun_Racun_FK">
<createdBy>helena</createdBy>
<createdTime>2024-11-27 20:34:41 UTC</createdTime>
<ownerDesignName>n8</ownerDesignName>
<referredTableLongName>Racun</referredTableLongName>
<deleteRule>NO ACTION</deleteRule>
<referredTableID>DD57A4A4-D68D-D28B-72D2-BBE414C7A390</referredTableID>
<keyObject>AAA2BEF7-06C0-A22F-7EA5-24BF4173B393</keyObject>
<referredKeyID>AAA2BEF7-06C0-A22F-7EA5-24BF4173B393</referredKeyID>
<mandatory>true</mandatory>
<refColNames>racun_id</refColNames>
<transferable>true</transferable>
<rely>false</rely>
<columnDependencyConstraintGenerateInDDL>true</columnDependencyConstraintGenerateInDDL>
</FKIndexAssociation>