<?xml version = '1.0' encoding = 'UTF-8'?>
<FKIndexAssociation class="oracle.dbtools.crest.model.design.relational.FKIndexAssociation" directorySegmentName="seg_0" id="FE6877E5-1481-4687-2435-53DCCE3466D6" containerWithKeyObject="F43C3BAD-4395-8833-7184-F300975881B1" localFKIndex="56AFDAA9-488F-DC03-F239-CCB86D4420FB" name="Radnik_Mejl_FKv1">
<createdBy>helena</createdBy>
<createdTime>2024-11-25 16:20:25 UTC</createdTime>
<ownerDesignName>n8</ownerDesignName>
<referredTableLongName>Pol</referredTableLongName>
<deleteRule>NO ACTION</deleteRule>
<referredTableID>C694EBA7-B28D-5A69-9070-D50A0A9B1254</referredTableID>
<keyObject>817C999B-A84F-0960-B992-72E701D45BB9</keyObject>
<referredKeyID>817C999B-A84F-0960-B992-72E701D45BB9</referredKeyID>
<mandatory>true</mandatory>
<refColNames>pol_id</refColNames>
<transferable>true</transferable>
<rely>false</rely>
<columnDependencyConstraintGenerateInDDL>true</columnDependencyConstraintGenerateInDDL>
</FKIndexAssociation>