<?xml version = '1.0' encoding = 'UTF-8'?>
<FKIndexAssociation class="oracle.dbtools.crest.model.design.relational.FKIndexAssociation" directorySegmentName="seg_0" id="0B197E9B-5515-6BDA-68AE-5C7E9563F2D1" containerWithKeyObject="C58B0375-45FC-17A3-88B9-2EF76E336C97" localFKIndex="9D448D70-76E9-2614-0F7C-C1CE3FD59926" name="Odeljenje_nadredjeni_Nadredjeni_FK">
<createdBy>Matija</createdBy>
<createdTime>2024-10-29 16:28:14 UTC</createdTime>
<ownerDesignName>Fizicki_model__12</ownerDesignName>
<referredTableLongName>Nadredjeni</referredTableLongName>
<deleteRule>NO ACTION</deleteRule>
<referredTableID>C3CF5810-F985-6509-D695-F19E32E857B0</referredTableID>
<keyObject>CDA9189B-8C58-24C6-F2C1-BFAAB9623D4D</keyObject>
<referredKeyID>CDA9189B-8C58-24C6-F2C1-BFAAB9623D4D</referredKeyID>
<mandatory>true</mandatory>
<refColNames>osoba_id</refColNames>
<transferable>true</transferable>
<rely>false</rely>
<columnDependencyConstraintGenerateInDDL>true</columnDependencyConstraintGenerateInDDL>
</FKIndexAssociation>