<?xml version = '1.0' encoding = 'UTF-8'?>
<FKIndexAssociation class="oracle.dbtools.crest.model.design.relational.FKIndexAssociation" directorySegmentName="seg_0" id="0F44CB0B-9B26-156B-232F-719DB85D2FB5" containerWithKeyObject="78F4C191-6110-451B-766D-8CEF6F4A947C" localFKIndex="A55CEC3A-26FE-C8EB-883B-3A97615318DB" name="Klijent_Tip_zaposlenosti_FK">
<createdBy>Matija</createdBy>
<createdTime>2024-11-28 17:34:43 UTC</createdTime>
<ownerDesignName>Fizicki_model__12</ownerDesignName>
<referredTableLongName>Tip_zaposlenosti</referredTableLongName>
<deleteRule>NO ACTION</deleteRule>
<referredTableID>11269610-8EEA-7501-EB72-135AD3724989</referredTableID>
<keyObject>717BE656-D072-6FBD-DFA8-E5B4198F7818</keyObject>
<referredKeyID>717BE656-D072-6FBD-DFA8-E5B4198F7818</referredKeyID>
<mandatory>true</mandatory>
<refColNames>tip_zaposlenosti_id</refColNames>
<transferable>true</transferable>
<rely>false</rely>
<columnDependencyConstraintGenerateInDDL>true</columnDependencyConstraintGenerateInDDL>
</FKIndexAssociation>