<?xml version = '1.0' encoding = 'UTF-8'?>
<FKIndexAssociation class="oracle.dbtools.crest.model.design.relational.FKIndexAssociation" directorySegmentName="seg_0" id="10DA355F-F8CA-E1A2-68BA-E05BB846BBFE" containerWithKeyObject="E88FE346-38C9-AECD-03C1-BCC9BE097CBC" localFKIndex="C532480B-184B-5A33-668F-AE9696BEE2E6" name="Klijent_fond_Fond_FK">
<createdBy>helena</createdBy>
<createdTime>2025-01-09 19:42:36 UTC</createdTime>
<ownerDesignName>Fizicki_model__12</ownerDesignName>
<referredTableLongName>Fond</referredTableLongName>
<deleteRule>NO ACTION</deleteRule>
<referredTableID>7F96D6BE-C873-B4B5-7613-2D26EEA6AF76</referredTableID>
<keyObject>35BA698C-6B74-934F-C096-37B0353379F2</keyObject>
<referredKeyID>35BA698C-6B74-934F-C096-37B0353379F2</referredKeyID>
<mandatory>true</mandatory>
<refColNames>fond_id</refColNames>
<transferable>true</transferable>
<rely>false</rely>
<columnDependencyConstraintGenerateInDDL>true</columnDependencyConstraintGenerateInDDL>
</FKIndexAssociation>