<?xml version = '1.0' encoding = 'UTF-8'?>
<FKIndexAssociation class="oracle.dbtools.crest.model.design.relational.FKIndexAssociation" directorySegmentName="seg_0" id="110D52C1-4D2A-8D06-3226-738C1D83D0A7" containerWithKeyObject="2B930C93-7DB3-538E-49DE-4117AC3438AB" localFKIndex="878B1DD1-E7FD-7560-B680-30C6C9A5B3E5" name="Reklama_Trosak_FK">
<createdBy>Matija</createdBy>
<createdTime>2024-12-19 17:23:59 UTC</createdTime>
<ownerDesignName>Fizicki_model__12</ownerDesignName>
<referredTableLongName>Trosak</referredTableLongName>
<deleteRule>NO ACTION</deleteRule>
<referredTableID>91699EF3-724D-C241-5648-7EC00E41682B</referredTableID>
<keyObject>A6BABDC0-8495-3E24-7D6A-D1C22779C029</keyObject>
<referredKeyID>A6BABDC0-8495-3E24-7D6A-D1C22779C029</referredKeyID>
<mandatory>true</mandatory>
<refColNames>trosak_id</refColNames>
<transferable>true</transferable>
<rely>false</rely>
<columnDependencyConstraintGenerateInDDL>true</columnDependencyConstraintGenerateInDDL>
</FKIndexAssociation>