<?xml version = '1.0' encoding = 'UTF-8'?>
<FKIndexAssociation class="oracle.dbtools.crest.model.design.relational.FKIndexAssociation" directorySegmentName="seg_0" id="11210B31-682A-C571-8C71-111458AB46CC" containerWithKeyObject="DD26557A-E74B-E006-8669-A744B802FDBD" localFKIndex="8349E022-AB98-F29F-3FBB-0A7DBDAFF9C7" name="Isorija_rata_Oplata_rate_FK">
<createdBy>Matija</createdBy>
<createdTime>2024-12-05 21:14:19 UTC</createdTime>
<ownerDesignName>Fizicki_model__12</ownerDesignName>
<referredTableLongName>Oplata_rate</referredTableLongName>
<deleteRule>NO ACTION</deleteRule>
<referredTableID>2CEE4199-FB67-B20F-4C15-DFE4E27B22DD</referredTableID>
<keyObject>A1FA9D20-A325-BB11-3FBB-A96F1AE81E55</keyObject>
<referredKeyID>A1FA9D20-A325-BB11-3FBB-A96F1AE81E55</referredKeyID>
<mandatory>true</mandatory>
<refColNames>otplata_rate_id</refColNames>
<transferable>true</transferable>
<rely>false</rely>
<columnDependencyConstraintGenerateInDDL>true</columnDependencyConstraintGenerateInDDL>
</FKIndexAssociation>