<?xml version = '1.0' encoding = 'UTF-8'?>
<FKIndexAssociation class="oracle.dbtools.crest.model.design.relational.FKIndexAssociation" directorySegmentName="seg_0" id="237D6351-F29B-6392-860A-F8B916B54A1C" containerWithKeyObject="823421AE-495E-8D92-0338-7A5363636D68" localFKIndex="665817CC-6829-1BE0-B82F-D2A2FFF12BDC" name="Eksterna_banka_Racun_strani_FK">
<createdBy>helena</createdBy>
<createdTime>2024-11-25 17:54:02 UTC</createdTime>
<ownerDesignName>Fizicki_model__12</ownerDesignName>
<referredTableLongName>Racun_strani</referredTableLongName>
<deleteRule>NO ACTION</deleteRule>
<referredTableID>83E68447-7580-1EF0-1BE3-93EA2691F1A5</referredTableID>
<keyObject>D84573A3-F519-2310-C259-F19547A9B439</keyObject>
<referredKeyID>D84573A3-F519-2310-C259-F19547A9B439</referredKeyID>
<mandatory>true</mandatory>
<refColNames>racun_id</refColNames>
<transferable>true</transferable>
<rely>false</rely>
<columnDependencyConstraintGenerateInDDL>true</columnDependencyConstraintGenerateInDDL>
</FKIndexAssociation>