<?xml version = '1.0' encoding = 'UTF-8'?>
<FKIndexAssociation class="oracle.dbtools.crest.model.design.relational.FKIndexAssociation" directorySegmentName="seg_0" id="2A1308F9-44A2-72FD-C767-D678F2855461" containerWithKeyObject="97110504-B03F-41CA-DA5A-86F9948A9E94" localFKIndex="0517A4B4-BDE7-79BF-07C1-B564354F8906" name="Dodatna_primanja_Tip_dodatnih_primanja_FK">
<createdBy>Matija</createdBy>
<createdTime>2024-11-28 17:41:55 UTC</createdTime>
<ownerDesignName>Fizicki_model__12</ownerDesignName>
<referredTableLongName>Tip_dodatnih_primanja</referredTableLongName>
<deleteRule>NO ACTION</deleteRule>
<referredTableID>367EE510-420C-CB55-49A8-0F97C145E8A9</referredTableID>
<keyObject>26DFD992-B627-7E5D-D846-49A5355A9DDC</keyObject>
<referredKeyID>26DFD992-B627-7E5D-D846-49A5355A9DDC</referredKeyID>
<mandatory>true</mandatory>
<refColNames>tip_dodatnih_primanja</refColNames>
<transferable>true</transferable>
<rely>false</rely>
<columnDependencyConstraintGenerateInDDL>true</columnDependencyConstraintGenerateInDDL>
</FKIndexAssociation>