<?xml version = '1.0' encoding = 'UTF-8'?>
<FKIndexAssociation class="oracle.dbtools.crest.model.design.relational.FKIndexAssociation" directorySegmentName="seg_0" id="3C302C8F-1776-E13F-2A22-D90D63ED3075" containerWithKeyObject="253C0E14-C77E-B4F5-3F3F-CC84BCDA4E7E" localFKIndex="D28C2E1B-B7B4-6216-4E92-6389681BD66E" name="Uslovi_za_kredit_Kredit_FK">
<createdBy>Matija</createdBy>
<createdTime>2024-11-28 17:47:31 UTC</createdTime>
<ownerDesignName>Fizicki_model__12</ownerDesignName>
<referredTableLongName>Kredit</referredTableLongName>
<deleteRule>NO ACTION</deleteRule>
<referredTableID>CF7F268D-9A94-EF81-51E9-C40239037B4C</referredTableID>
<keyObject>45B4C3AC-7876-285B-F418-FFF2F171E8DA</keyObject>
<referredKeyID>45B4C3AC-7876-285B-F418-FFF2F171E8DA</referredKeyID>
<mandatory>true</mandatory>
<refColNames>kredit_id</refColNames>
<transferable>true</transferable>
<rely>false</rely>
<columnDependencyConstraintGenerateInDDL>true</columnDependencyConstraintGenerateInDDL>
</FKIndexAssociation>