<?xml version = '1.0' encoding = 'UTF-8'?>
<FKIndexAssociation class="oracle.dbtools.crest.model.design.relational.FKIndexAssociation" directorySegmentName="seg_0" id="454D9A77-B217-8FB3-BE48-A636427D3D25" containerWithKeyObject="39119133-97BB-9FA5-085C-5DB6401DFE03" localFKIndex="595BDD3E-EA9A-8F5C-FF54-09F815002EE7" name="Zahtev_za_kredit_Klijent_FK">
<createdBy>Matija</createdBy>
<createdTime>2024-12-19 16:22:42 UTC</createdTime>
<ownerDesignName>Fizicki_model__12</ownerDesignName>
<referredTableLongName>Klijent</referredTableLongName>
<deleteRule>NO ACTION</deleteRule>
<referredTableID>78F4C191-6110-451B-766D-8CEF6F4A947C</referredTableID>
<keyObject>E15F79CE-1328-6C14-3543-2EB4A8AB1508</keyObject>
<referredKeyID>E15F79CE-1328-6C14-3543-2EB4A8AB1508</referredKeyID>
<mandatory>true</mandatory>
<refColNames>klijent_id</refColNames>
<transferable>true</transferable>
<rely>false</rely>
<columnDependencyConstraintGenerateInDDL>true</columnDependencyConstraintGenerateInDDL>
</FKIndexAssociation>