<?xml version = '1.0' encoding = 'UTF-8'?>
<FKIndexAssociation class="oracle.dbtools.crest.model.design.relational.FKIndexAssociation" directorySegmentName="seg_0" id="46C7E2CD-3963-13EF-6DC5-5835E5DB6EBA" containerWithKeyObject="91699EF3-724D-C241-5648-7EC00E41682B" localFKIndex="A8F876C4-A15C-9AEE-2847-EBE8AC75FE0B" name="Trosak_Tip_troska_FK">
<createdBy>Matija</createdBy>
<createdTime>2024-12-19 17:17:58 UTC</createdTime>
<ownerDesignName>Fizicki_model__12</ownerDesignName>
<referredTableLongName>Tip_troska</referredTableLongName>
<deleteRule>NO ACTION</deleteRule>
<referredTableID>3F03DF41-2E43-BD02-CA14-31B32352952D</referredTableID>
<keyObject>A055990F-89C1-163D-D9FC-5FC9D32E5DD5</keyObject>
<referredKeyID>A055990F-89C1-163D-D9FC-5FC9D32E5DD5</referredKeyID>
<mandatory>true</mandatory>
<refColNames>tip_troska</refColNames>
<transferable>true</transferable>
<rely>false</rely>
<columnDependencyConstraintGenerateInDDL>true</columnDependencyConstraintGenerateInDDL>
</FKIndexAssociation>