<?xml version = '1.0' encoding = 'UTF-8'?>
<FKIndexAssociation class="oracle.dbtools.crest.model.design.relational.FKIndexAssociation" directorySegmentName="seg_0" id="4B4E1EB1-370A-3D3B-25E9-21F62CEF2430" containerWithKeyObject="DD57A4A4-D68D-D28B-72D2-BBE414C7A390" localFKIndex="F6651868-3B45-383F-0788-F82E840508B5" name="Racun_Tip_FK">
<createdBy>helena</createdBy>
<createdTime>2024-10-06 15:00:05 UTC</createdTime>
<ownerDesignName>Fizicki_model__12</ownerDesignName>
<referredTableLongName>Tip_racun</referredTableLongName>
<deleteRule>NO ACTION</deleteRule>
<referredTableID>DA45E72E-EE1B-CE78-9929-5BDFBEF437D1</referredTableID>
<keyObject>F4D449E8-D699-22C1-471F-8D8C045CE1CA</keyObject>
<referredKeyID>F4D449E8-D699-22C1-471F-8D8C045CE1CA</referredKeyID>
<mandatory>true</mandatory>
<refColNames>tip_racun_id</refColNames>
<transferable>true</transferable>
<rely>false</rely>
<columnDependencyConstraintGenerateInDDL>true</columnDependencyConstraintGenerateInDDL>
</FKIndexAssociation>