<?xml version = '1.0' encoding = 'UTF-8'?>
<FKIndexAssociation class="oracle.dbtools.crest.model.design.relational.FKIndexAssociation" directorySegmentName="seg_0" id="525FED19-0312-3F4C-4E6E-2A64576805FB" containerWithKeyObject="0E883536-D57C-5E91-493B-BD9B8495E806" localFKIndex="D5D7C384-CA02-530B-F237-9C104B9FF567" name="Odobren_Zahtev_za_kredit_FK">
<createdBy>Matija</createdBy>
<createdTime>2024-12-19 16:23:52 UTC</createdTime>
<ownerDesignName>Fizicki_model__12</ownerDesignName>
<referredTableLongName>Zahtev_za_kredit</referredTableLongName>
<deleteRule>NO ACTION</deleteRule>
<referredTableID>39119133-97BB-9FA5-085C-5DB6401DFE03</referredTableID>
<keyObject>4A6AACE9-272F-811E-711C-AB3419C83173</keyObject>
<referredKeyID>4A6AACE9-272F-811E-711C-AB3419C83173</referredKeyID>
<mandatory>true</mandatory>
<refColNames>zahtev_za_kredit_id</refColNames>
<transferable>true</transferable>
<rely>false</rely>
<columnDependencyConstraintGenerateInDDL>true</columnDependencyConstraintGenerateInDDL>
</FKIndexAssociation>