<?xml version = '1.0' encoding = 'UTF-8'?>
<FKIndexAssociation class="oracle.dbtools.crest.model.design.relational.FKIndexAssociation" directorySegmentName="seg_0" id="58914520-ABC2-319E-347A-F10D5327EC57" containerWithKeyObject="823421AE-495E-8D92-0338-7A5363636D68" localFKIndex="68078ACC-A6B8-07D0-AB47-2B2DF7EA62F5" name="Eksterna_banka_Transakcija_FK">
<createdBy>Matija</createdBy>
<createdTime>2024-12-05 17:41:53 UTC</createdTime>
<ownerDesignName>Fizicki_model__12</ownerDesignName>
<referredTableLongName>Transakcija</referredTableLongName>
<deleteRule>NO ACTION</deleteRule>
<referredTableID>EDEDF439-EEDA-BC41-D773-CB5538180796</referredTableID>
<keyObject>2B0D3F2B-7D65-5E1D-1738-FC3309E63E1B</keyObject>
<referredKeyID>2B0D3F2B-7D65-5E1D-1738-FC3309E63E1B</referredKeyID>
<mandatory>true</mandatory>
<refColNames>transakcija_id</refColNames>
<transferable>true</transferable>
<rely>false</rely>
<columnDependencyConstraintGenerateInDDL>true</columnDependencyConstraintGenerateInDDL>
</FKIndexAssociation>