<?xml version = '1.0' encoding = 'UTF-8'?>
<FKIndexAssociation class="oracle.dbtools.crest.model.design.relational.FKIndexAssociation" directorySegmentName="seg_0" id="5A4DE64A-5716-FBAA-8A7F-ECD33B0BAEA0" containerWithKeyObject="E07B82A8-93BD-8DF7-DFE0-290E7BCE3126" localFKIndex="C1E2AA4D-4953-A966-09B4-ECCEAEAABCFD" name="Kapanja_Banka_FK">
<createdBy>Matija</createdBy>
<createdTime>2024-12-19 16:49:11 UTC</createdTime>
<ownerDesignName>Fizicki_model__12</ownerDesignName>
<referredTableLongName>Banka</referredTableLongName>
<deleteRule>NO ACTION</deleteRule>
<referredTableID>A5C6BD7C-C30A-805E-D4CB-BE359D02EB06</referredTableID>
<keyObject>6F4F4FE2-3626-490F-6D59-D50A4BE63744</keyObject>
<referredKeyID>6F4F4FE2-3626-490F-6D59-D50A4BE63744</referredKeyID>
<mandatory>true</mandatory>
<refColNames>banka_id</refColNames>
<transferable>true</transferable>
<rely>false</rely>
<columnDependencyConstraintGenerateInDDL>true</columnDependencyConstraintGenerateInDDL>
</FKIndexAssociation>