<?xml version = '1.0' encoding = 'UTF-8'?>
<FKIndexAssociation class="oracle.dbtools.crest.model.design.relational.FKIndexAssociation" directorySegmentName="seg_0" id="5BC165CE-A9AD-130D-6D53-5CAE9AE88481" containerWithKeyObject="EEB78D2A-468C-3879-C8E0-4BE3891B7881" localFKIndex="943BFA87-F588-B7C0-D2AB-24FB7C70F14D" name="Kampanja_finasijski_plan_Finasijski_plan_kampanje_FK">
<createdBy>Matija</createdBy>
<createdTime>2024-12-19 16:53:54 UTC</createdTime>
<ownerDesignName>Fizicki_model__12</ownerDesignName>
<referredTableLongName>Paketi_trosak</referredTableLongName>
<deleteRule>NO ACTION</deleteRule>
<referredTableID>53DFC080-1B77-BF2F-9076-405D058703F6</referredTableID>
<keyObject>9823CD32-C9FD-525D-CC79-8607E3835AF5</keyObject>
<referredKeyID>9823CD32-C9FD-525D-CC79-8607E3835AF5</referredKeyID>
<mandatory>true</mandatory>
<refColNames>paket_trosak_id</refColNames>
<transferable>true</transferable>
<rely>false</rely>
<columnDependencyConstraintGenerateInDDL>true</columnDependencyConstraintGenerateInDDL>
</FKIndexAssociation>