<?xml version = '1.0' encoding = 'UTF-8'?>
<FKIndexAssociation class="oracle.dbtools.crest.model.design.relational.FKIndexAssociation" directorySegmentName="seg_0" id="60EDBBA5-AE5C-2A0A-6090-BA4100C920AE" containerWithKeyObject="672F3BDB-8357-16DE-17A5-05C6CE3822D2" localFKIndex="2B8E4921-21CF-7A17-E050-91BDEA100FD7" name="Pocetno_pozajnica_Kredit_FK">
<createdBy>Matija</createdBy>
<createdTime>2024-12-26 17:17:47 UTC</createdTime>
<ownerDesignName>Fizicki_model__12</ownerDesignName>
<referredTableLongName>Kredit</referredTableLongName>
<deleteRule>NO ACTION</deleteRule>
<referredTableID>CF7F268D-9A94-EF81-51E9-C40239037B4C</referredTableID>
<keyObject>45B4C3AC-7876-285B-F418-FFF2F171E8DA</keyObject>
<referredKeyID>45B4C3AC-7876-285B-F418-FFF2F171E8DA</referredKeyID>
<mandatory>true</mandatory>
<refColNames>kredit_id</refColNames>
<transferable>true</transferable>
<rely>false</rely>
<columnDependencyConstraintGenerateInDDL>true</columnDependencyConstraintGenerateInDDL>
</FKIndexAssociation>