<?xml version = '1.0' encoding = 'UTF-8'?>
<FKIndexAssociation class="oracle.dbtools.crest.model.design.relational.FKIndexAssociation" directorySegmentName="seg_0" id="6D530608-64A7-FE3D-FC86-129E86115329" containerWithKeyObject="7F96D6BE-C873-B4B5-7613-2D26EEA6AF76" localFKIndex="B0DF8A23-7B1B-22D5-F72D-731751F91FB8" name="Fond_Banka_FK">
<createdBy>Matija</createdBy>
<createdTime>2024-12-26 18:16:57 UTC</createdTime>
<ownerDesignName>Fizicki_model__12</ownerDesignName>
<referredTableLongName>Banka</referredTableLongName>
<deleteRule>NO ACTION</deleteRule>
<referredTableID>A5C6BD7C-C30A-805E-D4CB-BE359D02EB06</referredTableID>
<keyObject>6F4F4FE2-3626-490F-6D59-D50A4BE63744</keyObject>
<referredKeyID>6F4F4FE2-3626-490F-6D59-D50A4BE63744</referredKeyID>
<mandatory>true</mandatory>
<refColNames>banka_id</refColNames>
<transferable>true</transferable>
<rely>false</rely>
<columnDependencyConstraintGenerateInDDL>true</columnDependencyConstraintGenerateInDDL>
</FKIndexAssociation>