<?xml version = '1.0' encoding = 'UTF-8'?>
<FKIndexAssociation class="oracle.dbtools.crest.model.design.relational.FKIndexAssociation" directorySegmentName="seg_0" id="722AF8D4-9816-77D2-D75D-78342708BB9C" containerWithKeyObject="C29C3AEE-A849-BAE5-A8F7-78A76405C60E" localFKIndex="1845E727-F7E6-94E1-2D1E-5BFB07A63E3B" name="TABLE_32_Ekspozitura_FK">
<createdBy>Master</createdBy>
<createdTime>2024-10-29 14:05:01 UTC</createdTime>
<ownerDesignName>Fizicki_model__12</ownerDesignName>
<referredTableLongName>Ekspozitura</referredTableLongName>
<deleteRule>NO ACTION</deleteRule>
<referredTableID>72C31F57-6D26-B57B-965D-B373E2700C2E</referredTableID>
<keyObject>D87BA6FC-CD0E-C028-F31F-EC185E6BB322</keyObject>
<referredKeyID>D87BA6FC-CD0E-C028-F31F-EC185E6BB322</referredKeyID>
<mandatory>true</mandatory>
<refColNames>ekspozitura_id</refColNames>
<transferable>true</transferable>
<rely>false</rely>
<columnDependencyConstraintGenerateInDDL>true</columnDependencyConstraintGenerateInDDL>
</FKIndexAssociation>