<?xml version = '1.0' encoding = 'UTF-8'?>
<FKIndexAssociation class="oracle.dbtools.crest.model.design.relational.FKIndexAssociation" directorySegmentName="seg_0" id="7FC27587-8882-7F3D-5D7C-4DE278C61D2B" containerWithKeyObject="D0DC793E-5121-B362-4518-6F4703271A8C" localFKIndex="BF11113D-CE73-4E2F-42C8-9B6FB7BE77CD" name="Isplata_Istorija_udela_FK">
<createdBy>helena</createdBy>
<createdTime>2025-01-09 19:52:55 UTC</createdTime>
<ownerDesignName>Fizicki_model__12</ownerDesignName>
<referredTableLongName>Istorija_udela</referredTableLongName>
<deleteRule>NO ACTION</deleteRule>
<referredTableID>A4787563-6B82-1633-F6D0-0C4707115406</referredTableID>
<keyObject>09196176-308C-5704-D0D1-8CE8CBC5206A</keyObject>
<referredKeyID>09196176-308C-5704-D0D1-8CE8CBC5206A</referredKeyID>
<mandatory>true</mandatory>
<refColNames>Istorija_udela_id</refColNames>
<transferable>true</transferable>
<rely>false</rely>
<columnDependencyConstraintGenerateInDDL>true</columnDependencyConstraintGenerateInDDL>
</FKIndexAssociation>