<?xml version = '1.0' encoding = 'UTF-8'?>
<FKIndexAssociation class="oracle.dbtools.crest.model.design.relational.FKIndexAssociation" directorySegmentName="seg_0" id="896066C4-BA7E-E87C-F47D-C3FFFE74C5D3" containerWithKeyObject="A4787563-6B82-1633-F6D0-0C4707115406" localFKIndex="135C0854-CB89-3B83-0FEE-9EAD50C2D336" name="Istorija_udela_Udeo_FK">
<createdBy>Matija</createdBy>
<createdTime>2024-12-26 22:43:24 UTC</createdTime>
<ownerDesignName>Fizicki_model__12</ownerDesignName>
<referredTableLongName>Udeo</referredTableLongName>
<deleteRule>NO ACTION</deleteRule>
<referredTableID>3AB2F36C-F9BF-827E-C494-F41BA66B18E2</referredTableID>
<keyObject>050E3D1D-EDB4-1518-EBA3-523B2205032E</keyObject>
<referredKeyID>050E3D1D-EDB4-1518-EBA3-523B2205032E</referredKeyID>
<mandatory>true</mandatory>
<refColNames>udeo_id</refColNames>
<transferable>true</transferable>
<rely>false</rely>
<columnDependencyConstraintGenerateInDDL>true</columnDependencyConstraintGenerateInDDL>
</FKIndexAssociation>