<?xml version = '1.0' encoding = 'UTF-8'?>
<FKIndexAssociation class="oracle.dbtools.crest.model.design.relational.FKIndexAssociation" directorySegmentName="seg_0" id="8ECE7AE2-3558-86BE-5A30-6E0195E220BE" containerWithKeyObject="83E68447-7580-1EF0-1BE3-93EA2691F1A5" localFKIndex="C2E7A2EE-0CFD-9772-560C-E1C91F1E8532" name="Racun_strani_Banka_strana_FK">
<createdBy>helena</createdBy>
<createdTime>2024-11-25 17:53:00 UTC</createdTime>
<ownerDesignName>Fizicki_model__12</ownerDesignName>
<referredTableLongName>Banka_strana</referredTableLongName>
<deleteRule>NO ACTION</deleteRule>
<referredTableID>74AD0812-A9D6-CBD5-E161-B572D1DAEEDD</referredTableID>
<keyObject>EDC173A0-0804-280D-B3E5-2C5C1943C773</keyObject>
<referredKeyID>EDC173A0-0804-280D-B3E5-2C5C1943C773</referredKeyID>
<mandatory>true</mandatory>
<refColNames>banka_strana_id</refColNames>
<transferable>true</transferable>
<rely>false</rely>
<columnDependencyConstraintGenerateInDDL>true</columnDependencyConstraintGenerateInDDL>
</FKIndexAssociation>