<?xml version = '1.0' encoding = 'UTF-8'?>
<FKIndexAssociation class="oracle.dbtools.crest.model.design.relational.FKIndexAssociation" directorySegmentName="seg_0" id="91082C2D-4B71-4533-4BAC-58C236C36831" containerWithKeyObject="D12FDC46-5A6B-E392-0829-F4CB7F179E00" localFKIndex="2656F6CF-0AC9-FBB7-392A-C4549CCE2124" name="TABLE_40_Racun_FK">
<createdBy>helena</createdBy>
<createdTime>2024-11-25 17:13:05 UTC</createdTime>
<ownerDesignName>Fizicki_model__12</ownerDesignName>
<referredTableLongName>Racun</referredTableLongName>
<deleteRule>NO ACTION</deleteRule>
<referredTableID>DD57A4A4-D68D-D28B-72D2-BBE414C7A390</referredTableID>
<keyObject>AAA2BEF7-06C0-A22F-7EA5-24BF4173B393</keyObject>
<referredKeyID>AAA2BEF7-06C0-A22F-7EA5-24BF4173B393</referredKeyID>
<mandatory>true</mandatory>
<refColNames>racun_id</refColNames>
<transferable>true</transferable>
<rely>false</rely>
<columnDependencyConstraintGenerateInDDL>true</columnDependencyConstraintGenerateInDDL>
</FKIndexAssociation>