<?xml version = '1.0' encoding = 'UTF-8'?>
<FKIndexAssociation class="oracle.dbtools.crest.model.design.relational.FKIndexAssociation" directorySegmentName="seg_0" id="945A3C7F-70B9-7BC5-178E-D42E3F04876C" containerWithKeyObject="1D1719E0-777A-7363-5965-2FB71CEF5F98" localFKIndex="88BF06C2-0B1B-DF5A-8F17-29E0B0EA91AE" name="Hierarhija_Odeljenje_FK">
<createdBy>Matija</createdBy>
<createdTime>2024-10-29 15:33:29 UTC</createdTime>
<ownerDesignName>Fizicki_model__12</ownerDesignName>
<referredTableLongName>Odeljenje</referredTableLongName>
<deleteRule>NO ACTION</deleteRule>
<referredTableID>A6AAF8B4-DBE9-5FB1-80C7-4CEFC64A1ED5</referredTableID>
<keyObject>C2451575-88E3-29D3-823F-E7DCFC7F370B</keyObject>
<referredKeyID>C2451575-88E3-29D3-823F-E7DCFC7F370B</referredKeyID>
<mandatory>true</mandatory>
<refColNames>odeljenje_id</refColNames>
<transferable>true</transferable>
<rely>false</rely>
<columnDependencyConstraintGenerateInDDL>true</columnDependencyConstraintGenerateInDDL>
</FKIndexAssociation>