<?xml version = '1.0' encoding = 'UTF-8'?>
<FKIndexAssociation class="oracle.dbtools.crest.model.design.relational.FKIndexAssociation" directorySegmentName="seg_0" id="9C937DF9-518D-D734-10B7-EADF54C0C6DD" containerWithKeyObject="EA13AAE5-2934-DBB9-AD0E-CD40E79AEBB5" localFKIndex="34D55933-A3AB-F1D7-43AF-E686A62F99B2" name="pozicija_radnik_Pozicija_FK">
<createdBy>Master</createdBy>
<createdTime>2024-10-16 16:32:01 UTC</createdTime>
<ownerDesignName>Fizicki_model__12</ownerDesignName>
<referredTableLongName>Pozicija</referredTableLongName>
<deleteRule>NO ACTION</deleteRule>
<referredTableID>B4A9D1C8-A37B-71C3-3F73-E4F182A5A1D5</referredTableID>
<keyObject>A616A763-5088-327F-A129-F8B5474BF596</keyObject>
<referredKeyID>A616A763-5088-327F-A129-F8B5474BF596</referredKeyID>
<mandatory>true</mandatory>
<refColNames>pozicija_id</refColNames>
<transferable>true</transferable>
<rely>false</rely>
<columnDependencyConstraintGenerateInDDL>true</columnDependencyConstraintGenerateInDDL>
</FKIndexAssociation>