<?xml version = '1.0' encoding = 'UTF-8'?>
<FKIndexAssociation class="oracle.dbtools.crest.model.design.relational.FKIndexAssociation" directorySegmentName="seg_0" id="B2800F3E-BBB1-C2D6-40EA-1AE2ADC70D3F" containerWithKeyObject="F0228B39-69C4-3968-C7E6-A91F22EF5691" localFKIndex="CFB211CC-CD1F-150E-8717-1702AE9ADAF6" name="Racun_konverzija_Tip_pretvaranja_FK">
<createdBy>helena</createdBy>
<createdTime>2024-11-27 20:49:11 UTC</createdTime>
<ownerDesignName>Fizicki_model__12</ownerDesignName>
<referredTableLongName>Tip_pretvaranja</referredTableLongName>
<deleteRule>NO ACTION</deleteRule>
<referredTableID>DBBA4E29-389D-C654-551D-A359A06DFDFE</referredTableID>
<keyObject>0A754C6A-EE22-223F-DCBD-FC4BD4F7EABC</keyObject>
<referredKeyID>0A754C6A-EE22-223F-DCBD-FC4BD4F7EABC</referredKeyID>
<mandatory>true</mandatory>
<refColNames>tip_pretvaranja_id</refColNames>
<transferable>true</transferable>
<rely>false</rely>
<columnDependencyConstraintGenerateInDDL>true</columnDependencyConstraintGenerateInDDL>
</FKIndexAssociation>