<?xml version = '1.0' encoding = 'UTF-8'?>
<FKIndexAssociation class="oracle.dbtools.crest.model.design.relational.FKIndexAssociation" directorySegmentName="seg_0" id="B6B71D65-5ADD-7E0C-ED6A-2F0BC43F883A" containerWithKeyObject="E88FE346-38C9-AECD-03C1-BCC9BE097CBC" localFKIndex="3C161654-1470-ACD1-7759-E89F4E5C842D" name="Klijent_fond_Klijent_FK">
<createdBy>helena</createdBy>
<createdTime>2025-01-09 19:42:36 UTC</createdTime>
<ownerDesignName>Fizicki_model__12</ownerDesignName>
<referredTableLongName>Klijent</referredTableLongName>
<deleteRule>NO ACTION</deleteRule>
<referredTableID>78F4C191-6110-451B-766D-8CEF6F4A947C</referredTableID>
<keyObject>E15F79CE-1328-6C14-3543-2EB4A8AB1508</keyObject>
<referredKeyID>E15F79CE-1328-6C14-3543-2EB4A8AB1508</referredKeyID>
<mandatory>true</mandatory>
<refColNames>klijent_id</refColNames>
<transferable>true</transferable>
<rely>false</rely>
<columnDependencyConstraintGenerateInDDL>true</columnDependencyConstraintGenerateInDDL>
</FKIndexAssociation>