<?xml version = '1.0' encoding = 'UTF-8'?>
<FKIndexAssociation class="oracle.dbtools.crest.model.design.relational.FKIndexAssociation" directorySegmentName="seg_0" id="BA08A436-4208-2BBD-25EF-19134314B560" containerWithKeyObject="5D254D49-901B-14B1-A6F4-AA9603BBA6FA" localFKIndex="9DA6B208-04FF-3A33-55CF-61CD0FB75849" name="TABLE_27_Sef_FK">
<createdBy>Master</createdBy>
<createdTime>2024-10-16 16:48:05 UTC</createdTime>
<ownerDesignName>Fizicki_model__12</ownerDesignName>
<referredTableLongName>Sef</referredTableLongName>
<deleteRule>NO ACTION</deleteRule>
<referredTableID>842C932C-0B57-ADE0-88A2-C7FAF58A8D21</referredTableID>
<keyObject>0F979118-B135-BD5D-22D7-F9D65C152AD5</keyObject>
<referredKeyID>0F979118-B135-BD5D-22D7-F9D65C152AD5</referredKeyID>
<mandatory>true</mandatory>
<refColNames>sef_id</refColNames>
<transferable>true</transferable>
<rely>false</rely>
<columnDependencyConstraintGenerateInDDL>true</columnDependencyConstraintGenerateInDDL>
</FKIndexAssociation>