<?xml version = '1.0' encoding = 'UTF-8'?>
<FKIndexAssociation class="oracle.dbtools.crest.model.design.relational.FKIndexAssociation" directorySegmentName="seg_0" id="C9D1FBD7-9DF5-B2FC-74A1-AFD883BDB00A" containerWithKeyObject="C189FB41-7F34-E9DB-FC84-7629DBE76B2E" localFKIndex="6F7564AE-6F1F-B80E-5B08-C9257418284F" name="Bankomat_Grad_FK">
<createdBy>Matija</createdBy>
<createdTime>2024-12-05 15:57:30 UTC</createdTime>
<ownerDesignName>Fizicki_model__12</ownerDesignName>
<referredTableLongName>Grad</referredTableLongName>
<deleteRule>NO ACTION</deleteRule>
<referredTableID>132E293D-4053-D377-B91B-4857B09C3AD7</referredTableID>
<keyObject>7D47EC85-8904-4ABD-3E7B-AED836129289</keyObject>
<referredKeyID>7D47EC85-8904-4ABD-3E7B-AED836129289</referredKeyID>
<mandatory>true</mandatory>
<refColNames>grad_id</refColNames>
<transferable>true</transferable>
<rely>false</rely>
<columnDependencyConstraintGenerateInDDL>true</columnDependencyConstraintGenerateInDDL>
</FKIndexAssociation>