<?xml version = '1.0' encoding = 'UTF-8'?>
<FKIndexAssociation class="oracle.dbtools.crest.model.design.relational.FKIndexAssociation" directorySegmentName="seg_0" id="CF57E8FC-0018-C8E8-3851-17C1364FDE5A" containerWithKeyObject="C3CF5810-F985-6509-D695-F19E32E857B0" localFKIndex="106C6FB7-326A-5D4A-8980-A9904663C59C" name="TABLE_42_Radnik_FK">
<createdBy>Matija</createdBy>
<createdTime>2024-10-29 16:22:46 UTC</createdTime>
<ownerDesignName>Fizicki_model__12</ownerDesignName>
<referredTableLongName>Radnik</referredTableLongName>
<deleteRule>NO ACTION</deleteRule>
<referredTableID>F43C3BAD-4395-8833-7184-F300975881B1</referredTableID>
<keyObject>238962B7-BC89-3FC7-9446-11B23FB5AF2A</keyObject>
<referredKeyID>238962B7-BC89-3FC7-9446-11B23FB5AF2A</referredKeyID>
<mandatory>true</mandatory>
<refColNames>radnik_id</refColNames>
<transferable>true</transferable>
<rely>false</rely>
<columnDependencyConstraintGenerateInDDL>true</columnDependencyConstraintGenerateInDDL>
</FKIndexAssociation>