<?xml version = '1.0' encoding = 'UTF-8'?>
<FKIndexAssociation class="oracle.dbtools.crest.model.design.relational.FKIndexAssociation" directorySegmentName="seg_0" id="DA894FF4-9CA5-F20F-6FC8-3563E6DB199F" containerWithKeyObject="56BA4068-54E4-3188-EE2B-B40B96545DC6" localFKIndex="D994B5AA-A377-AE56-73BF-D52AA378B6F0" name="Poseduje_fondove_Klijentovo_stanje_FK">
<createdBy>Matija</createdBy>
<createdTime>2024-12-26 22:32:26 UTC</createdTime>
<ownerDesignName>Fizicki_model__12</ownerDesignName>
<referredTableLongName>Klijentovo_stanje</referredTableLongName>
<deleteRule>NO ACTION</deleteRule>
<referredTableID>9E0EF5E8-3660-BA97-B29E-F11C5711D8F9</referredTableID>
<keyObject>B0BAB8BD-5986-77CE-953A-E88C9FF66189</keyObject>
<referredKeyID>B0BAB8BD-5986-77CE-953A-E88C9FF66189</referredKeyID>
<mandatory>true</mandatory>
<refColNames>klijentovo_stanje_id</refColNames>
<transferable>true</transferable>
<rely>false</rely>
<columnDependencyConstraintGenerateInDDL>true</columnDependencyConstraintGenerateInDDL>
</FKIndexAssociation>