<?xml version = '1.0' encoding = 'UTF-8'?>
<FKIndexAssociation class="oracle.dbtools.crest.model.design.relational.FKIndexAssociation" directorySegmentName="seg_0" id="DC560D4B-09BC-2168-1E26-D0E5CB7E283D" containerWithKeyObject="CAA35CD1-BF5E-8C65-F4F5-4733FE986DF9" localFKIndex="788864B5-2231-A8C2-D7BE-C81F62B90AA7" name="Paket_kredita_Kampanja_FK">
<createdBy>Matija</createdBy>
<createdTime>2024-12-26 16:58:12 UTC</createdTime>
<ownerDesignName>Fizicki_model__12</ownerDesignName>
<referredTableLongName>Kampanja</referredTableLongName>
<deleteRule>NO ACTION</deleteRule>
<referredTableID>E07B82A8-93BD-8DF7-DFE0-290E7BCE3126</referredTableID>
<keyObject>9191D55C-6034-1899-CB1E-A3FCDCE4FA0B</keyObject>
<referredKeyID>9191D55C-6034-1899-CB1E-A3FCDCE4FA0B</referredKeyID>
<mandatory>false</mandatory>
<refColNames>kapanja_id</refColNames>
<transferable>true</transferable>
<rely>false</rely>
<columnDependencyConstraintGenerateInDDL>true</columnDependencyConstraintGenerateInDDL>
</FKIndexAssociation>