<?xml version = '1.0' encoding = 'UTF-8'?>
<FKIndexAssociation class="oracle.dbtools.crest.model.design.relational.FKIndexAssociation" directorySegmentName="seg_0" id="DFF6C44F-71E7-A85A-F8DD-F9AC3AA7F65F" containerWithKeyObject="EA13AAE5-2934-DBB9-AD0E-CD40E79AEBB5" localFKIndex="322C70B5-60BF-1BD6-AF5F-372382BD6D63" name="pozicija_radnik_Radnik_FK">
<createdBy>Master</createdBy>
<createdTime>2024-10-16 16:32:01 UTC</createdTime>
<ownerDesignName>Fizicki_model__12</ownerDesignName>
<referredTableLongName>Radnik</referredTableLongName>
<deleteRule>NO ACTION</deleteRule>
<referredTableID>F43C3BAD-4395-8833-7184-F300975881B1</referredTableID>
<keyObject>238962B7-BC89-3FC7-9446-11B23FB5AF2A</keyObject>
<referredKeyID>238962B7-BC89-3FC7-9446-11B23FB5AF2A</referredKeyID>
<mandatory>true</mandatory>
<refColNames>radnik_id</refColNames>
<transferable>true</transferable>
<rely>false</rely>
<columnDependencyConstraintGenerateInDDL>true</columnDependencyConstraintGenerateInDDL>
</FKIndexAssociation>