<?xml version = '1.0' encoding = 'UTF-8'?>
<FKIndexAssociation class="oracle.dbtools.crest.model.design.relational.FKIndexAssociation" directorySegmentName="seg_0" id="E3EC99B5-64D8-57CF-B9EE-4F36955E9D6B" containerWithKeyObject="253C0E14-C77E-B4F5-3F3F-CC84BCDA4E7E" localFKIndex="81A54453-4BB5-B4CA-998B-128363301A31" name="Uslovi_za_kredit_Klijent_FK">
<createdBy>Matija</createdBy>
<createdTime>2024-11-28 17:47:31 UTC</createdTime>
<ownerDesignName>Fizicki_model__12</ownerDesignName>
<referredTableLongName>Klijent</referredTableLongName>
<deleteRule>NO ACTION</deleteRule>
<referredTableID>78F4C191-6110-451B-766D-8CEF6F4A947C</referredTableID>
<keyObject>E15F79CE-1328-6C14-3543-2EB4A8AB1508</keyObject>
<referredKeyID>E15F79CE-1328-6C14-3543-2EB4A8AB1508</referredKeyID>
<mandatory>true</mandatory>
<refColNames>klijent_id</refColNames>
<transferable>true</transferable>
<rely>false</rely>
<columnDependencyConstraintGenerateInDDL>true</columnDependencyConstraintGenerateInDDL>
</FKIndexAssociation>