<?xml version = '1.0' encoding = 'UTF-8'?>
<FKIndexAssociation class="oracle.dbtools.crest.model.design.relational.FKIndexAssociation" directorySegmentName="seg_0" id="EC5446D1-3A90-ED30-32FF-8AAAF28F90CD" containerWithKeyObject="DD26557A-E74B-E006-8669-A744B802FDBD" localFKIndex="6A63F4DF-F8A3-C637-C4EA-91DDDD920FDA" name="Isorija_rata_Kredit_FK">
<createdBy>Matija</createdBy>
<createdTime>2024-12-05 21:14:19 UTC</createdTime>
<ownerDesignName>Fizicki_model__12</ownerDesignName>
<referredTableLongName>Kredit</referredTableLongName>
<deleteRule>NO ACTION</deleteRule>
<referredTableID>CF7F268D-9A94-EF81-51E9-C40239037B4C</referredTableID>
<keyObject>45B4C3AC-7876-285B-F418-FFF2F171E8DA</keyObject>
<referredKeyID>45B4C3AC-7876-285B-F418-FFF2F171E8DA</referredKeyID>
<mandatory>true</mandatory>
<refColNames>kredit_id</refColNames>
<transferable>true</transferable>
<rely>false</rely>
<columnDependencyConstraintGenerateInDDL>true</columnDependencyConstraintGenerateInDDL>
</FKIndexAssociation>