<?xml version = '1.0' encoding = 'UTF-8'?>
<FKIndexAssociation class="oracle.dbtools.crest.model.design.relational.FKIndexAssociation" directorySegmentName="seg_0" id="F1E9AEB5-07AE-E21E-2FDA-1BDE7E956C38" containerWithKeyObject="652B5345-31CB-1162-9774-055B6762F0BA" localFKIndex="B92B9517-7044-E1B4-68C5-E49156FE5249" name="TABLE_77_Trosak_FK">
<createdBy>Matija</createdBy>
<createdTime>2024-12-19 17:25:39 UTC</createdTime>
<ownerDesignName>Fizicki_model__12</ownerDesignName>
<referredTableLongName>Trosak</referredTableLongName>
<deleteRule>NO ACTION</deleteRule>
<referredTableID>91699EF3-724D-C241-5648-7EC00E41682B</referredTableID>
<keyObject>A6BABDC0-8495-3E24-7D6A-D1C22779C029</keyObject>
<referredKeyID>A6BABDC0-8495-3E24-7D6A-D1C22779C029</referredKeyID>
<mandatory>true</mandatory>
<refColNames>trosak_id</refColNames>
<transferable>true</transferable>
<rely>false</rely>
<columnDependencyConstraintGenerateInDDL>true</columnDependencyConstraintGenerateInDDL>
</FKIndexAssociation>