<?xml version = '1.0' encoding = 'UTF-8'?>
<FKIndexAssociation class="oracle.dbtools.crest.model.design.relational.FKIndexAssociation" directorySegmentName="seg_0" id="FEECBC6C-02A5-AE81-914C-584FBCB87749" containerWithKeyObject="EEB78D2A-468C-3879-C8E0-4BE3891B7881" localFKIndex="DDD40A1B-B695-40C3-7BBC-266F6EDD5DA8" name="Kampanja_finasijski_plan_Kampanja_FK">
<createdBy>Matija</createdBy>
<createdTime>2024-12-19 16:53:54 UTC</createdTime>
<ownerDesignName>Fizicki_model__12</ownerDesignName>
<referredTableLongName>Kampanja</referredTableLongName>
<deleteRule>NO ACTION</deleteRule>
<referredTableID>E07B82A8-93BD-8DF7-DFE0-290E7BCE3126</referredTableID>
<keyObject>9191D55C-6034-1899-CB1E-A3FCDCE4FA0B</keyObject>
<referredKeyID>9191D55C-6034-1899-CB1E-A3FCDCE4FA0B</referredKeyID>
<mandatory>true</mandatory>
<refColNames>kapanja_id</refColNames>
<transferable>true</transferable>
<rely>false</rely>
<columnDependencyConstraintGenerateInDDL>true</columnDependencyConstraintGenerateInDDL>
</FKIndexAssociation>