<?xml version = '1.0' encoding = 'UTF-8'?>
<Table class="oracle.dbtools.crest.model.design.relational.Table" directorySegmentName="seg_0" id="0005C5F7-EFBA-5E14-440E-88FA8EFDD514" name="Tip_transakcija_banke">
<createdBy>Matija</createdBy>
<createdTime>2024-12-05 19:54:54 UTC</createdTime>
<ownerDesignName>Fizicki_model__12</ownerDesignName>
<ordsAlias>table_76</ordsAlias>
<allowColumnReorder>false</allowColumnReorder>
<existDependencyGenerateInDDl>true</existDependencyGenerateInDDl>
<parsed>true</parsed>
<columns itemClass="oracle.dbtools.crest.model.design.relational.Column">
<Column name="tip_transakcija_banke_id" id="A0452A77-E745-FA7B-3F01-F1C106CEDDC7">
<createdBy>Matija</createdBy>
<createdTime>2024-12-05 19:56:10 UTC</createdTime>
<ownerDesignName>Fizicki_model__12</ownerDesignName>
<useDomainConstraints>false</useDomainConstraints>
<use>1</use>
<logicalDatatype>LOGDT011</logicalDatatype>
<ownDataTypeParameters>,,</ownDataTypeParameters>
<autoIncrementCycle>false</autoIncrementCycle>
</Column>
<Column name="naziv" id="65167B33-7589-2BD6-0470-019277866B8A">
<createdBy>Matija</createdBy>
<createdTime>2024-12-05 19:56:10 UTC</createdTime>
<ownerDesignName>Fizicki_model__12</ownerDesignName>
<useDomainConstraints>false</useDomainConstraints>
<use>1</use>
<logicalDatatype>LOGDT024</logicalDatatype>
<dataTypeSize>100</dataTypeSize>
<ownDataTypeParameters>100,,</ownDataTypeParameters>
<autoIncrementCycle>false</autoIncrementCycle>
</Column>
</columns>
<indexes itemClass="oracle.dbtools.crest.model.design.relational.Index">
<ind_PK_UK id="83EAD5FA-BD39-EC8A-ED5A-68C47EFD0202" name="Tip_transakcija_banke_PK">
<createdBy>Matija</createdBy>
<createdTime>2024-12-05 19:56:10 UTC</createdTime>
<ownerDesignName>Fizicki_model__12</ownerDesignName>
<pk>true</pk>
<indexState>Primary Constraint</indexState>
<isSurrogateKey>false</isSurrogateKey>
<indexColumnUsage>
<colUsage columnID="A0452A77-E745-FA7B-3F01-F1C106CEDDC7"/>
</indexColumnUsage>
</ind_PK_UK>
</indexes>
</Table>