<?xml version = '1.0' encoding = 'UTF-8'?>
<Table class="oracle.dbtools.crest.model.design.relational.Table" directorySegmentName="seg_0" id="015F9AB0-5D06-9A45-252C-20C914C15204" name="Istorija_racuna_banke">
<createdBy>Matija</createdBy>
<createdTime>2024-12-05 19:59:31 UTC</createdTime>
<ownerDesignName>Fizicki_model__12</ownerDesignName>
<ordsAlias>table_78</ordsAlias>
<allowColumnReorder>false</allowColumnReorder>
<existDependencyGenerateInDDl>true</existDependencyGenerateInDDl>
<parsed>true</parsed>
<columns itemClass="oracle.dbtools.crest.model.design.relational.Column">
<Column name="istorija_racuna_banke_id" id="44C57FF6-8275-8FC5-3DB2-82DAC0C58A10">
<createdBy>Matija</createdBy>
<createdTime>2024-12-05 20:02:21 UTC</createdTime>
<ownerDesignName>Fizicki_model__12</ownerDesignName>
<useDomainConstraints>false</useDomainConstraints>
<use>1</use>
<logicalDatatype>LOGDT011</logicalDatatype>
<ownDataTypeParameters>,,</ownDataTypeParameters>
<autoIncrementCycle>false</autoIncrementCycle>
</Column>
<Column name="banka_id" id="8C6FA0B9-3F89-92E8-DCDC-E74EEC9A1197">
<createdBy>Matija</createdBy>
<createdTime>2024-12-05 20:02:21 UTC</createdTime>
<ownerDesignName>Fizicki_model__12</ownerDesignName>
<useDomainConstraints>false</useDomainConstraints>
<use>1</use>
<logicalDatatype>LOGDT011</logicalDatatype>
<ownDataTypeParameters>,,</ownDataTypeParameters>
<autoIncrementCycle>false</autoIncrementCycle>
<associations>
<colAssociation fkAssociation="A99CFAB4-7743-B2AC-023D-E40F544F6222" referredColumn="38662735-A766-F3E2-752D-1A74D37602B7"/>
</associations>
</Column>
<Column name="racun_banka_id" id="9788BECB-D263-58CC-2554-253B6F231E37">
<createdBy>Matija</createdBy>
<createdTime>2024-12-05 20:02:21 UTC</createdTime>
<ownerDesignName>Fizicki_model__12</ownerDesignName>
<useDomainConstraints>false</useDomainConstraints>
<use>1</use>
<logicalDatatype>LOGDT011</logicalDatatype>
<ownDataTypeParameters>,,</ownDataTypeParameters>
<autoIncrementCycle>false</autoIncrementCycle>
<associations>
<colAssociation fkAssociation="D76B2ED2-A004-6E83-1957-33DCEF36B441" referredColumn="BA70C08B-841B-8200-9ABD-6FB36D78B009"/>
</associations>
</Column>
<Column name="datum_od" id="4E25823D-249E-2427-A364-CC1992221195">
<createdBy>Matija</createdBy>
<createdTime>2024-12-05 20:02:21 UTC</createdTime>
<ownerDesignName>Fizicki_model__12</ownerDesignName>
<useDomainConstraints>false</useDomainConstraints>
<use>1</use>
<logicalDatatype>LOGDT007</logicalDatatype>
<ownDataTypeParameters>,,</ownDataTypeParameters>
<autoIncrementCycle>false</autoIncrementCycle>
</Column>
<Column name="datum_do" id="20C48FD3-A83F-ABCD-7606-3E5B0DB134E6">
<createdBy>Matija</createdBy>
<createdTime>2024-12-05 20:02:21 UTC</createdTime>
<ownerDesignName>Fizicki_model__12</ownerDesignName>
<useDomainConstraints>false</useDomainConstraints>
<use>1</use>
<logicalDatatype>LOGDT007</logicalDatatype>
<ownDataTypeParameters>,,</ownDataTypeParameters>
<autoIncrementCycle>false</autoIncrementCycle>
</Column>
<Column name="aktivan" id="B77DCF5C-B7BD-2701-8454-CEBE026E316F">
<createdBy>Matija</createdBy>
<createdTime>2024-12-05 20:02:21 UTC</createdTime>
<ownerDesignName>Fizicki_model__12</ownerDesignName>
<useDomainConstraints>false</useDomainConstraints>
<use>1</use>
<logicalDatatype>LOGDT006</logicalDatatype>
<dataTypeSize>1</dataTypeSize>
<ownDataTypeParameters>1,,</ownDataTypeParameters>
<autoIncrementCycle>false</autoIncrementCycle>
</Column>
</columns>
<indexes itemClass="oracle.dbtools.crest.model.design.relational.Index">
<ind_PK_UK id="987D277A-546F-EA5E-26C3-6FA61D1D8CF3" name="Istorija_racuna_banke_PK">
<createdBy>Matija</createdBy>
<createdTime>2024-12-05 20:02:21 UTC</createdTime>
<ownerDesignName>Fizicki_model__12</ownerDesignName>
<pk>true</pk>
<indexState>Primary Constraint</indexState>
<isSurrogateKey>false</isSurrogateKey>
<indexColumnUsage>
<colUsage columnID="44C57FF6-8275-8FC5-3DB2-82DAC0C58A10"/>
</indexColumnUsage>
</ind_PK_UK>
<ind_PK_UK id="8373EAC2-507E-8C76-EBF6-33ED4F269EA6" name="Istorija_racuna_banke_Banka_FK">
<createdBy>Matija</createdBy>
<createdTime>2024-12-05 20:02:58 UTC</createdTime>
<ownerDesignName>Fizicki_model__12</ownerDesignName>
<indexState>Foreign Key</indexState>
<isSurrogateKey>false</isSurrogateKey>
<indexColumnUsage>
<colUsage columnID="8C6FA0B9-3F89-92E8-DCDC-E74EEC9A1197"/>
</indexColumnUsage>
</ind_PK_UK>
<ind_PK_UK id="C004894B-1F46-5FDE-91B6-CA1907DAF4B5" name="Istorija_racuna_banke_Racun_banka_FK">
<createdBy>Matija</createdBy>
<createdTime>2024-12-05 20:02:58 UTC</createdTime>
<ownerDesignName>Fizicki_model__12</ownerDesignName>
<indexState>Foreign Key</indexState>
<isSurrogateKey>false</isSurrogateKey>
<indexColumnUsage>
<colUsage columnID="9788BECB-D263-58CC-2554-253B6F231E37"/>
</indexColumnUsage>
</ind_PK_UK>
</indexes>
</Table>