<?xml version = '1.0' encoding = 'UTF-8'?>
<Table class="oracle.dbtools.crest.model.design.relational.Table" directorySegmentName="seg_0" id="02C43461-689B-5C9F-A593-5B7D1453E947" name="Uslovi">
<createdBy>Matija</createdBy>
<createdTime>2024-12-05 16:18:43 UTC</createdTime>
<ownerDesignName>Fizicki_model__12</ownerDesignName>
<ordsAlias>table_57</ordsAlias>
<allowColumnReorder>false</allowColumnReorder>
<existDependencyGenerateInDDl>true</existDependencyGenerateInDDl>
<parsed>true</parsed>
<columns itemClass="oracle.dbtools.crest.model.design.relational.Column">
<Column name="uslovi_id" id="E5C6E8F9-BB53-A1B3-3A90-35CF34AE53CB">
<createdBy>Matija</createdBy>
<createdTime>2024-12-05 16:21:00 UTC</createdTime>
<ownerDesignName>Fizicki_model__12</ownerDesignName>
<useDomainConstraints>false</useDomainConstraints>
<use>1</use>
<logicalDatatype>LOGDT011</logicalDatatype>
<ownDataTypeParameters>,,</ownDataTypeParameters>
<autoIncrementCycle>false</autoIncrementCycle>
</Column>
<Column name="tekst" id="C52055CC-95FA-8A56-A113-A06CED64C1BB">
<createdBy>Matija</createdBy>
<createdTime>2024-12-05 16:21:00 UTC</createdTime>
<ownerDesignName>Fizicki_model__12</ownerDesignName>
<useDomainConstraints>false</useDomainConstraints>
<use>1</use>
<logicalDatatype>LOGDT028</logicalDatatype>
<ownDataTypeParameters>,,</ownDataTypeParameters>
<autoIncrementCycle>false</autoIncrementCycle>
</Column>
<Column name="tip_uslova_id" id="E0CC2C2F-2C71-B0F3-E56B-B255FECEC4BC">
<createdBy>Matija</createdBy>
<createdTime>2024-12-05 16:36:20 UTC</createdTime>
<ownerDesignName>Fizicki_model__12</ownerDesignName>
<useDomainConstraints>false</useDomainConstraints>
<use>1</use>
<logicalDatatype>LOGDT011</logicalDatatype>
<ownDataTypeParameters>,,</ownDataTypeParameters>
<autoIncrementCycle>false</autoIncrementCycle>
<associations>
<colAssociation fkAssociation="F3FE510C-17EE-C044-9E75-17890FE6F6C1" referredColumn="C98046B9-6467-1AB5-83ED-486964CE6678"/>
</associations>
</Column>
</columns>
<indexes itemClass="oracle.dbtools.crest.model.design.relational.Index">
<ind_PK_UK id="EDE1DCA4-5522-F377-F3BC-7C9309DC3391" name="Uslovi_PK">
<createdBy>Matija</createdBy>
<createdTime>2024-12-05 16:21:00 UTC</createdTime>
<ownerDesignName>Fizicki_model__12</ownerDesignName>
<pk>true</pk>
<indexState>Primary Constraint</indexState>
<isSurrogateKey>false</isSurrogateKey>
<indexColumnUsage>
<colUsage columnID="E5C6E8F9-BB53-A1B3-3A90-35CF34AE53CB"/>
</indexColumnUsage>
</ind_PK_UK>
<ind_PK_UK id="5A1988E7-E26B-5719-B520-9F8640EB31F2" name="Uslovi_Tip_uslova_FK">
<createdBy>Matija</createdBy>
<createdTime>2024-12-05 16:36:20 UTC</createdTime>
<ownerDesignName>Fizicki_model__12</ownerDesignName>
<indexState>Foreign Key</indexState>
<isSurrogateKey>false</isSurrogateKey>
<indexColumnUsage>
<colUsage columnID="E0CC2C2F-2C71-B0F3-E56B-B255FECEC4BC"/>
</indexColumnUsage>
</ind_PK_UK>
</indexes>
</Table>