<?xml version = '1.0' encoding = 'UTF-8'?>
<Table class="oracle.dbtools.crest.model.design.relational.Table" directorySegmentName="seg_0" id="04857AE0-2114-B9AD-B5D0-FD4C3C909EDE" name="Valuta">
<createdBy>helena</createdBy>
<createdTime>2024-11-27 20:17:16 UTC</createdTime>
<ownerDesignName>Fizicki_model__12</ownerDesignName>
<ordsAlias>table_51</ordsAlias>
<allowColumnReorder>false</allowColumnReorder>
<existDependencyGenerateInDDl>true</existDependencyGenerateInDDl>
<parsed>true</parsed>
<columns itemClass="oracle.dbtools.crest.model.design.relational.Column">
<Column name="valuta_id" id="947C21CD-7F7C-9DDE-AF3A-E94B88FCBB69">
<createdBy>helena</createdBy>
<createdTime>2024-11-27 20:18:45 UTC</createdTime>
<ownerDesignName>Fizicki_model__12</ownerDesignName>
<useDomainConstraints>false</useDomainConstraints>
<use>1</use>
<logicalDatatype>LOGDT011</logicalDatatype>
<ownDataTypeParameters>,,</ownDataTypeParameters>
<autoIncrementCycle>false</autoIncrementCycle>
</Column>
<Column name="oznaka" id="21C5F01C-F810-AD6A-9B75-B47CED0750BD">
<createdBy>helena</createdBy>
<createdTime>2024-11-27 20:18:45 UTC</createdTime>
<ownerDesignName>Fizicki_model__12</ownerDesignName>
<useDomainConstraints>false</useDomainConstraints>
<use>1</use>
<logicalDatatype>LOGDT024</logicalDatatype>
<dataTypeSize>10</dataTypeSize>
<ownDataTypeParameters>10,,</ownDataTypeParameters>
<autoIncrementCycle>false</autoIncrementCycle>
</Column>
<Column name="naziv" id="4F546DEB-9495-FFA6-044C-673CE262D787">
<createdBy>helena</createdBy>
<createdTime>2024-11-27 20:18:45 UTC</createdTime>
<ownerDesignName>Fizicki_model__12</ownerDesignName>
<useDomainConstraints>false</useDomainConstraints>
<use>1</use>
<logicalDatatype>LOGDT024</logicalDatatype>
<dataTypeSize>30</dataTypeSize>
<ownDataTypeParameters>30,,</ownDataTypeParameters>
<autoIncrementCycle>false</autoIncrementCycle>
</Column>
</columns>
<indexes itemClass="oracle.dbtools.crest.model.design.relational.Index">
<ind_PK_UK id="581D96BC-E63E-F67E-CB92-FAC06D25444D" name="Valuta_PK">
<createdBy>helena</createdBy>
<createdTime>2024-11-27 20:18:45 UTC</createdTime>
<ownerDesignName>Fizicki_model__12</ownerDesignName>
<pk>true</pk>
<indexState>Primary Constraint</indexState>
<isSurrogateKey>false</isSurrogateKey>
<indexColumnUsage>
<colUsage columnID="947C21CD-7F7C-9DDE-AF3A-E94B88FCBB69"/>
</indexColumnUsage>
</ind_PK_UK>
</indexes>
</Table>