<?xml version = '1.0' encoding = 'UTF-8'?>
<Table class="oracle.dbtools.crest.model.design.relational.Table" directorySegmentName="seg_0" id="0E883536-D57C-5E91-493B-BD9B8495E806" name="Odobren">
<createdBy>Matija</createdBy>
<createdTime>2024-11-28 17:48:23 UTC</createdTime>
<ownerDesignName>Fizicki_model__12</ownerDesignName>
<ordsAlias>table_61</ordsAlias>
<allowColumnReorder>false</allowColumnReorder>
<existDependencyGenerateInDDl>true</existDependencyGenerateInDDl>
<parsed>true</parsed>
<columns itemClass="oracle.dbtools.crest.model.design.relational.Column">
<Column name="odobren_id" id="0DB97B49-48F0-A6C1-B290-7C7640850764">
<createdBy>Matija</createdBy>
<createdTime>2024-11-28 17:52:31 UTC</createdTime>
<ownerDesignName>Fizicki_model__12</ownerDesignName>
<useDomainConstraints>false</useDomainConstraints>
<use>1</use>
<logicalDatatype>LOGDT011</logicalDatatype>
<ownDataTypeParameters>,,</ownDataTypeParameters>
<autoIncrementCycle>false</autoIncrementCycle>
</Column>
<Column name="uslovi_za_kredit_id" id="357614B0-C588-C88F-96EA-8A1CB0E1EA65">
<createdBy>Matija</createdBy>
<createdTime>2024-11-28 17:52:31 UTC</createdTime>
<ownerDesignName>Fizicki_model__12</ownerDesignName>
<useDomainConstraints>false</useDomainConstraints>
<use>1</use>
<logicalDatatype>LOGDT011</logicalDatatype>
<ownDataTypeParameters>,,</ownDataTypeParameters>
<autoIncrementCycle>false</autoIncrementCycle>
</Column>
<Column name="uslov_id" id="B8D5DF38-D635-1A6C-5940-998C4A03FDED">
<createdBy>Matija</createdBy>
<createdTime>2024-12-05 16:24:08 UTC</createdTime>
<ownerDesignName>Fizicki_model__12</ownerDesignName>
<useDomainConstraints>false</useDomainConstraints>
<use>1</use>
<logicalDatatype>LOGDT011</logicalDatatype>
<ownDataTypeParameters>,,</ownDataTypeParameters>
<autoIncrementCycle>false</autoIncrementCycle>
<associations>
<colAssociation fkAssociation="4B650698-DF35-B4E9-3C55-55A79765ACA4" referredColumn="E5C6E8F9-BB53-A1B3-3A90-35CF34AE53CB"/>
</associations>
</Column>
<Column name="odoberen" id="8C264125-E409-A404-85F6-D550385AC52C">
<createdBy>Matija</createdBy>
<createdTime>2024-12-05 16:26:16 UTC</createdTime>
<ownerDesignName>Fizicki_model__12</ownerDesignName>
<useDomainConstraints>false</useDomainConstraints>
<use>1</use>
<logicalDatatype>LOGDT006</logicalDatatype>
<dataTypeSize>1</dataTypeSize>
<ownDataTypeParameters>1,,</ownDataTypeParameters>
<autoIncrementCycle>false</autoIncrementCycle>
</Column>
<Column name="zahtev_za_klijenta_id" id="42ED7883-553B-6589-033C-99238B7D6E50">
<createdBy>Matija</createdBy>
<createdTime>2024-12-19 16:23:52 UTC</createdTime>
<ownerDesignName>Fizicki_model__12</ownerDesignName>
<useDomainConstraints>false</useDomainConstraints>
<use>1</use>
<logicalDatatype>LOGDT011</logicalDatatype>
<ownDataTypeParameters>,,</ownDataTypeParameters>
<autoIncrementCycle>false</autoIncrementCycle>
<associations>
<colAssociation fkAssociation="525FED19-0312-3F4C-4E6E-2A64576805FB" referredColumn="C5CB9763-0D1C-E898-DEC8-767BD2B63B53"/>
</associations>
</Column>
</columns>
<indexes itemClass="oracle.dbtools.crest.model.design.relational.Index">
<ind_PK_UK id="495E51E0-5670-34B0-F38D-28860FCAECC3" name="Odobren_PK">
<createdBy>Matija</createdBy>
<createdTime>2024-12-05 16:24:27 UTC</createdTime>
<ownerDesignName>Fizicki_model__12</ownerDesignName>
<pk>true</pk>
<indexState>Primary Constraint</indexState>
<isSurrogateKey>false</isSurrogateKey>
<indexColumnUsage>
<colUsage columnID="0DB97B49-48F0-A6C1-B290-7C7640850764"/>
</indexColumnUsage>
</ind_PK_UK>
<ind_PK_UK id="4A4588F8-85F2-264D-777C-70AA50DBB3AB" name="Lista_uslova_Uslovi_FK">
<createdBy>Matija</createdBy>
<createdTime>2024-12-05 16:24:08 UTC</createdTime>
<ownerDesignName>Fizicki_model__12</ownerDesignName>
<indexState>Foreign Key</indexState>
<isSurrogateKey>false</isSurrogateKey>
<indexColumnUsage>
<colUsage columnID="B8D5DF38-D635-1A6C-5940-998C4A03FDED"/>
</indexColumnUsage>
</ind_PK_UK>
<ind_PK_UK id="D5D7C384-CA02-530B-F237-9C104B9FF567" name="Odobren_Zahtev_za_kredit_FK">
<createdBy>Matija</createdBy>
<createdTime>2024-12-19 16:23:52 UTC</createdTime>
<ownerDesignName>Fizicki_model__12</ownerDesignName>
<indexState>Foreign Key</indexState>
<isSurrogateKey>false</isSurrogateKey>
<indexColumnUsage>
<colUsage columnID="42ED7883-553B-6589-033C-99238B7D6E50"/>
</indexColumnUsage>
</ind_PK_UK>
</indexes>
</Table>