<?xml version = '1.0' encoding = 'UTF-8'?>
<Table class="oracle.dbtools.crest.model.design.relational.Table" directorySegmentName="seg_0" id="11269610-8EEA-7501-EB72-135AD3724989" name="Tip_zaposlenosti">
<createdBy>Matija</createdBy>
<createdTime>2024-11-28 17:30:06 UTC</createdTime>
<ownerDesignName>Fizicki_model__12</ownerDesignName>
<ordsAlias>table_52</ordsAlias>
<allowColumnReorder>false</allowColumnReorder>
<existDependencyGenerateInDDl>true</existDependencyGenerateInDDl>
<parsed>true</parsed>
<columns itemClass="oracle.dbtools.crest.model.design.relational.Column">
<Column name="tip_zaposlenosti_id" id="523F3D4F-ECBD-FA41-916D-116238B2FEFF">
<createdBy>Matija</createdBy>
<createdTime>2024-11-28 17:31:49 UTC</createdTime>
<ownerDesignName>Fizicki_model__12</ownerDesignName>
<useDomainConstraints>false</useDomainConstraints>
<use>1</use>
<logicalDatatype>LOGDT011</logicalDatatype>
<ownDataTypeParameters>,,</ownDataTypeParameters>
<autoIncrementCycle>false</autoIncrementCycle>
</Column>
<Column name="naziv" id="3A8DEA3D-1F70-97BC-8A9D-9503BE3CE80E">
<createdBy>Matija</createdBy>
<createdTime>2024-11-28 17:31:49 UTC</createdTime>
<ownerDesignName>Fizicki_model__12</ownerDesignName>
<useDomainConstraints>false</useDomainConstraints>
<use>1</use>
<logicalDatatype>LOGDT024</logicalDatatype>
<ownDataTypeParameters>,,</ownDataTypeParameters>
<autoIncrementCycle>false</autoIncrementCycle>
</Column>
</columns>
<indexes itemClass="oracle.dbtools.crest.model.design.relational.Index">
<ind_PK_UK id="717BE656-D072-6FBD-DFA8-E5B4198F7818" name="tip_zaposlenosti_PK">
<createdBy>Matija</createdBy>
<createdTime>2024-11-28 17:31:49 UTC</createdTime>
<ownerDesignName>Fizicki_model__12</ownerDesignName>
<pk>true</pk>
<indexState>Primary Constraint</indexState>
<isSurrogateKey>false</isSurrogateKey>
<indexColumnUsage>
<colUsage columnID="523F3D4F-ECBD-FA41-916D-116238B2FEFF"/>
</indexColumnUsage>
</ind_PK_UK>
</indexes>
</Table>