<?xml version = '1.0' encoding = 'UTF-8'?>
<Table class="oracle.dbtools.crest.model.design.relational.Table" directorySegmentName="seg_0" id="132E293D-4053-D377-B91B-4857B09C3AD7" name="Grad">
<createdBy>helena</createdBy>
<createdTime>2024-10-06 13:19:56 UTC</createdTime>
<ownerDesignName>Fizicki_model__12</ownerDesignName>
<ordsAlias>table_3</ordsAlias>
<allowColumnReorder>false</allowColumnReorder>
<existDependencyGenerateInDDl>true</existDependencyGenerateInDDl>
<parsed>true</parsed>
<columns itemClass="oracle.dbtools.crest.model.design.relational.Column">
<Column name="grad_id" id="12A40850-6E82-F20C-79B4-2EBE0179A4D8">
<createdBy>helena</createdBy>
<createdTime>2024-10-06 13:20:36 UTC</createdTime>
<ownerDesignName>Fizicki_model__12</ownerDesignName>
<useDomainConstraints>false</useDomainConstraints>
<use>1</use>
<logicalDatatype>LOGDT011</logicalDatatype>
<ownDataTypeParameters>,,</ownDataTypeParameters>
<autoIncrementCycle>false</autoIncrementCycle>
</Column>
<Column name="naziv" id="62AD261F-DC7F-DB7C-2B71-1A20FE34E3A9">
<createdBy>helena</createdBy>
<createdTime>2024-10-06 13:20:36 UTC</createdTime>
<ownerDesignName>Fizicki_model__12</ownerDesignName>
<useDomainConstraints>false</useDomainConstraints>
<use>1</use>
<logicalDatatype>LOGDT024</logicalDatatype>
<dataTypeSize>30</dataTypeSize>
<ownDataTypeParameters>30,,</ownDataTypeParameters>
<autoIncrementCycle>false</autoIncrementCycle>
</Column>
<Column name="drzava_id" id="0462B23A-024B-FBD6-0780-3C56104770B2">
<createdBy>helena</createdBy>
<createdTime>2024-10-06 15:31:14 UTC</createdTime>
<ownerDesignName>Fizicki_model__12</ownerDesignName>
<useDomainConstraints>false</useDomainConstraints>
<use>1</use>
<logicalDatatype>LOGDT011</logicalDatatype>
<ownDataTypeParameters>,,</ownDataTypeParameters>
<autoIncrementCycle>false</autoIncrementCycle>
<associations>
<colAssociation fkAssociation="86D524FD-05BF-1EB6-6EF5-7413DFB5C572" referredColumn="11B2C5E0-1BB6-A2FB-430D-560F3F10935E"/>
</associations>
</Column>
</columns>
<indexes itemClass="oracle.dbtools.crest.model.design.relational.Index">
<ind_PK_UK id="7D47EC85-8904-4ABD-3E7B-AED836129289" name="Grad_PK">
<createdBy>helena</createdBy>
<createdTime>2024-10-06 13:20:36 UTC</createdTime>
<ownerDesignName>Fizicki_model__12</ownerDesignName>
<pk>true</pk>
<indexState>Primary Constraint</indexState>
<isSurrogateKey>false</isSurrogateKey>
<indexColumnUsage>
<colUsage columnID="12A40850-6E82-F20C-79B4-2EBE0179A4D8"/>
</indexColumnUsage>
</ind_PK_UK>
<ind_PK_UK id="D5552BCC-FF4A-31ED-368B-2CF93F5E3ECE" name="Grad_Drzava_FK">
<createdBy>helena</createdBy>
<createdTime>2024-10-06 15:33:31 UTC</createdTime>
<ownerDesignName>Fizicki_model__12</ownerDesignName>
<indexState>Foreign Key</indexState>
<isSurrogateKey>false</isSurrogateKey>
<indexColumnUsage>
<colUsage columnID="0462B23A-024B-FBD6-0780-3C56104770B2"/>
</indexColumnUsage>
</ind_PK_UK>
</indexes>
</Table>