<?xml version = '1.0' encoding = 'UTF-8'?>
<Table class="oracle.dbtools.crest.model.design.relational.Table" directorySegmentName="seg_0" id="158857E3-6A32-654C-54FE-4C813D5E22DC" name="Kartica">
<createdBy>helena</createdBy>
<createdTime>2024-11-25 16:59:10 UTC</createdTime>
<ownerDesignName>Fizicki_model__12</ownerDesignName>
<ordsAlias>table_38</ordsAlias>
<allowColumnReorder>false</allowColumnReorder>
<existDependencyGenerateInDDl>true</existDependencyGenerateInDDl>
<parsed>true</parsed>
<columns itemClass="oracle.dbtools.crest.model.design.relational.Column">
<Column name="kartica_id" id="730B83A9-9204-565E-062B-A9C83FFCBC04">
<createdBy>helena</createdBy>
<createdTime>2024-11-25 17:02:02 UTC</createdTime>
<ownerDesignName>Fizicki_model__12</ownerDesignName>
<useDomainConstraints>false</useDomainConstraints>
<use>1</use>
<logicalDatatype>LOGDT011</logicalDatatype>
<ownDataTypeParameters>,,</ownDataTypeParameters>
<autoIncrementCycle>false</autoIncrementCycle>
</Column>
<Column name="tip_id" id="40CC1802-3FD6-929C-F65C-344381C91B25">
<createdBy>helena</createdBy>
<createdTime>2024-11-25 17:02:02 UTC</createdTime>
<ownerDesignName>Fizicki_model__12</ownerDesignName>
<useDomainConstraints>false</useDomainConstraints>
<use>1</use>
<logicalDatatype>LOGDT011</logicalDatatype>
<ownDataTypeParameters>,,</ownDataTypeParameters>
<autoIncrementCycle>false</autoIncrementCycle>
<associations>
<colAssociation fkAssociation="60BAA579-BA21-BE75-AB70-CA1F52AFFB42" referredColumn="C5D33912-EE5C-4D5A-B523-1E76C5DC0EE6"/>
</associations>
</Column>
<Column name="broj_kartice" id="3C9A0F9F-7A8A-1D5A-7C93-FA4FBB90D9F3">
<createdBy>helena</createdBy>
<createdTime>2024-11-25 17:02:02 UTC</createdTime>
<ownerDesignName>Fizicki_model__12</ownerDesignName>
<useDomainConstraints>false</useDomainConstraints>
<use>1</use>
<logicalDatatype>LOGDT024</logicalDatatype>
<dataTypeSize>16</dataTypeSize>
<ownDataTypeParameters>16,,</ownDataTypeParameters>
<autoIncrementCycle>false</autoIncrementCycle>
</Column>
<Column name="datum_isteka" id="705C972C-F667-06FF-896B-1051A2A4B225">
<createdBy>helena</createdBy>
<createdTime>2024-11-25 17:02:02 UTC</createdTime>
<ownerDesignName>Fizicki_model__12</ownerDesignName>
<useDomainConstraints>false</useDomainConstraints>
<use>1</use>
<logicalDatatype>LOGDT007</logicalDatatype>
<ownDataTypeParameters>,,</ownDataTypeParameters>
<autoIncrementCycle>false</autoIncrementCycle>
</Column>
<Column name="racun_id" id="373426FA-630C-DEEA-4C58-432AA6A1F181">
<createdBy>helena</createdBy>
<createdTime>2024-11-25 17:02:02 UTC</createdTime>
<ownerDesignName>Fizicki_model__12</ownerDesignName>
<useDomainConstraints>false</useDomainConstraints>
<use>1</use>
<logicalDatatype>LOGDT011</logicalDatatype>
<ownDataTypeParameters>,,</ownDataTypeParameters>
<autoIncrementCycle>false</autoIncrementCycle>
<associations>
<colAssociation fkAssociation="2BA4DC86-7B1C-2F42-C1A2-51AEB4E6E2A3" referredColumn="3C189C4F-18AA-6E30-181F-D3781BAAE7A1"/>
</associations>
</Column>
</columns>
<indexes itemClass="oracle.dbtools.crest.model.design.relational.Index">
<ind_PK_UK id="370F886C-27BE-5A03-3E5A-8861652034F6" name="Kartica_PK">
<createdBy>helena</createdBy>
<createdTime>2024-11-25 17:02:02 UTC</createdTime>
<ownerDesignName>Fizicki_model__12</ownerDesignName>
<pk>true</pk>
<indexState>Primary Constraint</indexState>
<isSurrogateKey>false</isSurrogateKey>
<indexColumnUsage>
<colUsage columnID="730B83A9-9204-565E-062B-A9C83FFCBC04"/>
</indexColumnUsage>
</ind_PK_UK>
<ind_PK_UK id="F1F62C36-1BD8-A591-DA8D-A38FD4E47606" name="Kartica_Tip_kartica_FK">
<createdBy>helena</createdBy>
<createdTime>2024-11-25 18:00:42 UTC</createdTime>
<ownerDesignName>Fizicki_model__12</ownerDesignName>
<indexState>Foreign Key</indexState>
<isSurrogateKey>false</isSurrogateKey>
<indexColumnUsage>
<colUsage columnID="40CC1802-3FD6-929C-F65C-344381C91B25"/>
</indexColumnUsage>
</ind_PK_UK>
<ind_PK_UK id="E2235B25-F4AC-A485-8521-E4F584840E90" name="Kartica_Racun_FK">
<createdBy>helena</createdBy>
<createdTime>2024-11-25 18:01:07 UTC</createdTime>
<ownerDesignName>Fizicki_model__12</ownerDesignName>
<indexState>Foreign Key</indexState>
<isSurrogateKey>false</isSurrogateKey>
<indexColumnUsage>
<colUsage columnID="373426FA-630C-DEEA-4C58-432AA6A1F181"/>
</indexColumnUsage>
</ind_PK_UK>
</indexes>
</Table>