<?xml version = '1.0' encoding = 'UTF-8'?>
<Table class="oracle.dbtools.crest.model.design.relational.Table" directorySegmentName="seg_0" id="18FBFF54-B706-FAB5-0BB7-89BD8BB66240" name="Opsti_uslovi">
<createdBy>Matija</createdBy>
<createdTime>2024-12-05 16:36:28 UTC</createdTime>
<ownerDesignName>Fizicki_model__12</ownerDesignName>
<ordsAlias>table_61</ordsAlias>
<allowColumnReorder>false</allowColumnReorder>
<existDependencyGenerateInDDl>true</existDependencyGenerateInDDl>
<parsed>true</parsed>
<columns itemClass="oracle.dbtools.crest.model.design.relational.Column">
<Column name="uslov_id" id="FE61982C-AAAE-966C-C909-042458A9453E">
<createdBy>Matija</createdBy>
<createdTime>2024-12-05 16:39:58 UTC</createdTime>
<ownerDesignName>Fizicki_model__12</ownerDesignName>
<useDomainConstraints>false</useDomainConstraints>
<use>1</use>
<logicalDatatype>LOGDT011</logicalDatatype>
<ownDataTypeParameters>,,</ownDataTypeParameters>
<autoIncrementCycle>false</autoIncrementCycle>
<associations>
<colAssociation fkAssociation="520F34DE-8224-B0CC-A759-925B023B3A95" referredColumn="E5C6E8F9-BB53-A1B3-3A90-35CF34AE53CB"/>
</associations>
</Column>
<Column name="min_broj_god" id="98E5F9A8-B043-0E24-2150-5F544BC6B038">
<createdBy>Matija</createdBy>
<createdTime>2024-12-05 16:44:31 UTC</createdTime>
<ownerDesignName>Fizicki_model__12</ownerDesignName>
<useDomainConstraints>false</useDomainConstraints>
<use>1</use>
<logicalDatatype>LOGDT019</logicalDatatype>
<ownDataTypeParameters>,,</ownDataTypeParameters>
<autoIncrementCycle>false</autoIncrementCycle>
</Column>
<Column name="max_broj_god" id="91983ABB-7B28-9C1A-A959-77ADD0C015E4">
<createdBy>Matija</createdBy>
<createdTime>2024-12-05 16:44:31 UTC</createdTime>
<ownerDesignName>Fizicki_model__12</ownerDesignName>
<useDomainConstraints>false</useDomainConstraints>
<use>1</use>
<logicalDatatype>LOGDT019</logicalDatatype>
<ownDataTypeParameters>,,</ownDataTypeParameters>
<autoIncrementCycle>false</autoIncrementCycle>
</Column>
<Column name="koliko_dugo_zaposlen_mesec" id="413DC019-CDED-0086-8D2D-CEB35FDFDD58">
<createdBy>Matija</createdBy>
<createdTime>2024-12-05 16:56:16 UTC</createdTime>
<ownerDesignName>Fizicki_model__12</ownerDesignName>
<useDomainConstraints>false</useDomainConstraints>
<use>1</use>
<logicalDatatype>LOGDT019</logicalDatatype>
<ownDataTypeParameters>,,</ownDataTypeParameters>
<autoIncrementCycle>false</autoIncrementCycle>
</Column>
</columns>
<indexes itemClass="oracle.dbtools.crest.model.design.relational.Index">
<ind_PK_UK id="05556AEB-21E7-5E1B-B939-B9D0B5CF9D81" name="Opsti_uslovi_PK">
<createdBy>Matija</createdBy>
<createdTime>2024-12-05 16:38:17 UTC</createdTime>
<ownerDesignName>Fizicki_model__12</ownerDesignName>
<pk>true</pk>
<indexState>Primary Constraint</indexState>
<isSurrogateKey>false</isSurrogateKey>
<indexColumnUsage>
<colUsage columnID="FE61982C-AAAE-966C-C909-042458A9453E"/>
</indexColumnUsage>
</ind_PK_UK>
<ind_PK_UK id="29C4769D-9FFF-BD56-E5FD-ECB49998F8E4" name="Opsti_uslovi_Uslovi_FK">
<createdBy>Matija</createdBy>
<createdTime>2024-12-05 16:43:28 UTC</createdTime>
<ownerDesignName>Fizicki_model__12</ownerDesignName>
<indexState>Foreign Key</indexState>
<isSurrogateKey>false</isSurrogateKey>
<indexColumnUsage>
<colUsage columnID="FE61982C-AAAE-966C-C909-042458A9453E"/>
</indexColumnUsage>
</ind_PK_UK>
</indexes>
</Table>