<?xml version = '1.0' encoding = 'UTF-8'?>
<Table class="oracle.dbtools.crest.model.design.relational.Table" directorySegmentName="seg_0" id="253C0E14-C77E-B4F5-3F3F-CC84BCDA4E7E" name="Aktivni_krediti">
<createdBy>Matija</createdBy>
<createdTime>2024-11-28 17:44:14 UTC</createdTime>
<ownerDesignName>Fizicki_model__12</ownerDesignName>
<ordsAlias>table_58</ordsAlias>
<allowColumnReorder>false</allowColumnReorder>
<existDependencyGenerateInDDl>true</existDependencyGenerateInDDl>
<parsed>true</parsed>
<columns itemClass="oracle.dbtools.crest.model.design.relational.Column">
<Column name="aktivni_krediti_id" id="15709514-1803-6914-85F4-F4FDD077F59D">
<createdBy>Matija</createdBy>
<createdTime>2024-11-28 17:47:31 UTC</createdTime>
<ownerDesignName>Fizicki_model__12</ownerDesignName>
<useDomainConstraints>false</useDomainConstraints>
<use>1</use>
<logicalDatatype>LOGDT011</logicalDatatype>
<ownDataTypeParameters>,,</ownDataTypeParameters>
<autoIncrementCycle>false</autoIncrementCycle>
</Column>
<Column name="klijent_id" id="0EF043B2-186A-29FC-7762-E824671159A6">
<createdBy>Matija</createdBy>
<createdTime>2024-11-28 17:47:31 UTC</createdTime>
<ownerDesignName>Fizicki_model__12</ownerDesignName>
<useDomainConstraints>false</useDomainConstraints>
<use>1</use>
<logicalDatatype>LOGDT011</logicalDatatype>
<ownDataTypeParameters>,,</ownDataTypeParameters>
<autoIncrementCycle>false</autoIncrementCycle>
<associations>
<colAssociation fkAssociation="E3EC99B5-64D8-57CF-B9EE-4F36955E9D6B" referredColumn="9112CFF5-5FC3-D177-8533-B2D7E3AC3936"/>
</associations>
</Column>
<Column name="kredit_id" id="9EEF84E3-0198-6D85-24B7-087C4E1106DF">
<createdBy>Matija</createdBy>
<createdTime>2024-11-28 17:47:31 UTC</createdTime>
<ownerDesignName>Fizicki_model__12</ownerDesignName>
<useDomainConstraints>false</useDomainConstraints>
<use>1</use>
<logicalDatatype>LOGDT011</logicalDatatype>
<ownDataTypeParameters>,,</ownDataTypeParameters>
<autoIncrementCycle>false</autoIncrementCycle>
<associations>
<colAssociation fkAssociation="3C302C8F-1776-E13F-2A22-D90D63ED3075" referredColumn="B015D34D-592A-C08F-739A-9E1CB9171630"/>
</associations>
</Column>
</columns>
<indexes itemClass="oracle.dbtools.crest.model.design.relational.Index">
<ind_PK_UK id="5C5A3688-8412-C2EE-5F7A-59EB1737430E" name="Uslovi_za_kredit_PK">
<createdBy>Matija</createdBy>
<createdTime>2024-11-28 17:47:31 UTC</createdTime>
<ownerDesignName>Fizicki_model__12</ownerDesignName>
<pk>true</pk>
<indexState>Primary Constraint</indexState>
<isSurrogateKey>false</isSurrogateKey>
<indexColumnUsage>
<colUsage columnID="15709514-1803-6914-85F4-F4FDD077F59D"/>
</indexColumnUsage>
</ind_PK_UK>
<ind_PK_UK id="81A54453-4BB5-B4CA-998B-128363301A31" name="Uslovi_za_kredit_Klijent_FK">
<createdBy>Matija</createdBy>
<createdTime>2024-11-28 17:47:31 UTC</createdTime>
<ownerDesignName>Fizicki_model__12</ownerDesignName>
<indexState>Foreign Key</indexState>
<isSurrogateKey>false</isSurrogateKey>
<indexColumnUsage>
<colUsage columnID="0EF043B2-186A-29FC-7762-E824671159A6"/>
</indexColumnUsage>
</ind_PK_UK>
<ind_PK_UK id="D28C2E1B-B7B4-6216-4E92-6389681BD66E" name="Uslovi_za_kredit_Kredit_FK">
<createdBy>Matija</createdBy>
<createdTime>2024-11-28 17:47:31 UTC</createdTime>
<ownerDesignName>Fizicki_model__12</ownerDesignName>
<indexState>Foreign Key</indexState>
<isSurrogateKey>false</isSurrogateKey>
<indexColumnUsage>
<colUsage columnID="9EEF84E3-0198-6D85-24B7-087C4E1106DF"/>
</indexColumnUsage>
</ind_PK_UK>
</indexes>
</Table>