<?xml version = '1.0' encoding = 'UTF-8'?>
<Table class="oracle.dbtools.crest.model.design.relational.Table" directorySegmentName="seg_0" id="2B930C93-7DB3-538E-49DE-4117AC3438AB" name="Reklama">
<createdBy>Matija</createdBy>
<createdTime>2024-12-19 17:21:32 UTC</createdTime>
<ownerDesignName>Fizicki_model__12</ownerDesignName>
<ordsAlias>table_76</ordsAlias>
<allowColumnReorder>false</allowColumnReorder>
<existDependencyGenerateInDDl>true</existDependencyGenerateInDDl>
<parsed>true</parsed>
<columns itemClass="oracle.dbtools.crest.model.design.relational.Column">
<Column name="trosak_id" id="C4C2666E-E4E0-712D-452F-209A52CD6732">
<createdBy>Matija</createdBy>
<createdTime>2024-12-19 17:22:31 UTC</createdTime>
<ownerDesignName>Fizicki_model__12</ownerDesignName>
<useDomainConstraints>false</useDomainConstraints>
<use>1</use>
<logicalDatatype>LOGDT011</logicalDatatype>
<ownDataTypeParameters>,,</ownDataTypeParameters>
<autoIncrementCycle>false</autoIncrementCycle>
<associations>
<colAssociation fkAssociation="110D52C1-4D2A-8D06-3226-738C1D83D0A7" referredColumn="2474C721-8D64-80F4-541E-F47ED7D64C7B"/>
</associations>
</Column>
<Column name="naziv" id="B07E783D-74BC-A4B1-27E4-83A1D76DFA02">
<createdBy>Matija</createdBy>
<createdTime>2024-12-19 17:29:05 UTC</createdTime>
<ownerDesignName>Fizicki_model__12</ownerDesignName>
<nullsAllowed>true</nullsAllowed>
<useDomainConstraints>false</useDomainConstraints>
<use>1</use>
<logicalDatatype>LOGDT024</logicalDatatype>
<dataTypeSize>100</dataTypeSize>
<ownDataTypeParameters>100,,</ownDataTypeParameters>
<autoIncrementCycle>false</autoIncrementCycle>
</Column>
<Column name="trajanje" id="564FD165-8F2A-596B-FFBD-B6A94D622136">
<createdBy>Matija</createdBy>
<createdTime>2024-12-19 17:29:05 UTC</createdTime>
<ownerDesignName>Fizicki_model__12</ownerDesignName>
<nullsAllowed>true</nullsAllowed>
<useDomainConstraints>false</useDomainConstraints>
<use>1</use>
<logicalDatatype>LOGDT019</logicalDatatype>
<ownDataTypeParameters>,,</ownDataTypeParameters>
<autoIncrementCycle>false</autoIncrementCycle>
</Column>
<Column name="opis" id="87B7BF33-EFB8-574C-E47E-C887968AA97E">
<createdBy>Matija</createdBy>
<createdTime>2024-12-19 17:29:05 UTC</createdTime>
<ownerDesignName>Fizicki_model__12</ownerDesignName>
<useDomainConstraints>false</useDomainConstraints>
<use>1</use>
<logicalDatatype>LOGDT024</logicalDatatype>
<ownDataTypeParameters>,,</ownDataTypeParameters>
<autoIncrementCycle>false</autoIncrementCycle>
</Column>
</columns>
<indexes itemClass="oracle.dbtools.crest.model.design.relational.Index">
<ind_PK_UK id="A7D2996B-02F9-9FC7-56C2-E7A0D46B590D" name="Reklama_PK">
<createdBy>Matija</createdBy>
<createdTime>2024-12-19 17:22:31 UTC</createdTime>
<ownerDesignName>Fizicki_model__12</ownerDesignName>
<pk>true</pk>
<indexState>Primary Constraint</indexState>
<isSurrogateKey>false</isSurrogateKey>
<indexColumnUsage>
<colUsage columnID="C4C2666E-E4E0-712D-452F-209A52CD6732"/>
</indexColumnUsage>
</ind_PK_UK>
<ind_PK_UK id="878B1DD1-E7FD-7560-B680-30C6C9A5B3E5" name="Reklama_Trosak_FK">
<createdBy>Matija</createdBy>
<createdTime>2024-12-19 17:23:59 UTC</createdTime>
<ownerDesignName>Fizicki_model__12</ownerDesignName>
<indexState>Foreign Key</indexState>
<isSurrogateKey>false</isSurrogateKey>
<indexColumnUsage>
<colUsage columnID="C4C2666E-E4E0-712D-452F-209A52CD6732"/>
</indexColumnUsage>
</ind_PK_UK>
</indexes>
</Table>