<?xml version = '1.0' encoding = 'UTF-8'?>
<Table class="oracle.dbtools.crest.model.design.relational.Table" directorySegmentName="seg_0" id="2CEE4199-FB67-B20F-4C15-DFE4E27B22DD" name="Oplata_rate">
<createdBy>Matija</createdBy>
<createdTime>2024-11-28 17:20:56 UTC</createdTime>
<ownerDesignName>Fizicki_model__12</ownerDesignName>
<ordsAlias>table_49</ordsAlias>
<allowColumnReorder>false</allowColumnReorder>
<existDependencyGenerateInDDl>true</existDependencyGenerateInDDl>
<parsed>true</parsed>
<columns itemClass="oracle.dbtools.crest.model.design.relational.Column">
<Column name="iznos" id="9A0E1F10-1F95-1A23-5476-19DD2168A5B7">
<createdBy>Matija</createdBy>
<createdTime>2024-11-28 17:22:28 UTC</createdTime>
<ownerDesignName>Fizicki_model__12</ownerDesignName>
<useDomainConstraints>false</useDomainConstraints>
<use>1</use>
<logicalDatatype>LOGDT019</logicalDatatype>
<ownDataTypeParameters>,,</ownDataTypeParameters>
<autoIncrementCycle>false</autoIncrementCycle>
</Column>
<Column name="transakcija_banka_id" id="D5698C94-DD23-5050-AD93-E82143DEA10E">
<createdBy>Matija</createdBy>
<createdTime>2024-12-05 20:04:58 UTC</createdTime>
<ownerDesignName>Fizicki_model__12</ownerDesignName>
<useDomainConstraints>false</useDomainConstraints>
<use>1</use>
<logicalDatatype>LOGDT011</logicalDatatype>
<ownDataTypeParameters>,,</ownDataTypeParameters>
<autoIncrementCycle>false</autoIncrementCycle>
<associations>
<colAssociation fkAssociation="44AE0918-8F22-66E6-147A-CFD38393B663" referredColumn="BE3460A7-CE5C-A45C-5BFC-ABCBBCB66FB8"/>
</associations>
</Column>
<Column name="transakcija_id" id="E1128346-391F-F49E-7A26-4A48E6F7293B">
<createdBy>Matija</createdBy>
<createdTime>2024-12-05 20:20:20 UTC</createdTime>
<ownerDesignName>Fizicki_model__12</ownerDesignName>
<useDomainConstraints>false</useDomainConstraints>
<use>1</use>
<logicalDatatype>LOGDT011</logicalDatatype>
<ownDataTypeParameters>,,</ownDataTypeParameters>
<autoIncrementCycle>false</autoIncrementCycle>
<associations>
<colAssociation fkAssociation="5E0388A5-CD72-0EF1-6910-56061D8C1AC1" referredColumn="BE21734C-7FE2-9706-6464-923924C900E4"/>
</associations>
</Column>
<Column name="otplata_rate_id" id="5C1AB297-4756-D396-FACE-ECD7AB47F98D">
<createdBy>Matija</createdBy>
<createdTime>2024-12-05 20:26:12 UTC</createdTime>
<ownerDesignName>Fizicki_model__12</ownerDesignName>
<useDomainConstraints>false</useDomainConstraints>
<use>1</use>
<logicalDatatype>LOGDT011</logicalDatatype>
<ownDataTypeParameters>,,</ownDataTypeParameters>
<autoIncrementCycle>false</autoIncrementCycle>
</Column>
</columns>
<indexes itemClass="oracle.dbtools.crest.model.design.relational.Index">
<ind_PK_UK id="A1FA9D20-A325-BB11-3FBB-A96F1AE81E55" name="Otplacivanje kredita_PK">
<createdBy>Matija</createdBy>
<createdTime>2024-11-28 17:22:28 UTC</createdTime>
<ownerDesignName>Fizicki_model__12</ownerDesignName>
<pk>true</pk>
<indexState>Primary Constraint</indexState>
<isSurrogateKey>false</isSurrogateKey>
<indexColumnUsage>
<colUsage columnID="5C1AB297-4756-D396-FACE-ECD7AB47F98D"/>
</indexColumnUsage>
</ind_PK_UK>
<ind_PK_UK id="181B884C-8E1E-9F73-B9E0-0FF26023AF8C" name="Oplata_rate_Transakcije_banka_FK">
<createdBy>Matija</createdBy>
<createdTime>2024-12-05 20:05:21 UTC</createdTime>
<ownerDesignName>Fizicki_model__12</ownerDesignName>
<indexState>Foreign Key</indexState>
<isSurrogateKey>false</isSurrogateKey>
<indexColumnUsage>
<colUsage columnID="D5698C94-DD23-5050-AD93-E82143DEA10E"/>
</indexColumnUsage>
</ind_PK_UK>
<ind_PK_UK id="31F48452-D778-8E47-C1E8-E1E90446F80A" name="Oplata_rate_Transakcija_FK">
<createdBy>Matija</createdBy>
<createdTime>2024-12-05 20:23:10 UTC</createdTime>
<ownerDesignName>Fizicki_model__12</ownerDesignName>
<indexState>Foreign Key</indexState>
<isSurrogateKey>false</isSurrogateKey>
<indexColumnUsage>
<colUsage columnID="E1128346-391F-F49E-7A26-4A48E6F7293B"/>
</indexColumnUsage>
</ind_PK_UK>
</indexes>
</Table>