<?xml version = '1.0' encoding = 'UTF-8'?>
<Table class="oracle.dbtools.crest.model.design.relational.Table" directorySegmentName="seg_0" id="367EE510-420C-CB55-49A8-0F97C145E8A9" name="Tip_dodatnih_primanja">
<createdBy>Matija</createdBy>
<createdTime>2024-11-28 17:39:42 UTC</createdTime>
<ownerDesignName>Fizicki_model__12</ownerDesignName>
<ordsAlias>table_55</ordsAlias>
<allowColumnReorder>false</allowColumnReorder>
<existDependencyGenerateInDDl>true</existDependencyGenerateInDDl>
<parsed>true</parsed>
<columns itemClass="oracle.dbtools.crest.model.design.relational.Column">
<Column name="tip_dodatnih_primanja" id="F1174B43-A4B9-E54F-E292-552B60C94AE0">
<createdBy>Matija</createdBy>
<createdTime>2024-11-28 17:41:09 UTC</createdTime>
<ownerDesignName>Fizicki_model__12</ownerDesignName>
<useDomainConstraints>false</useDomainConstraints>
<use>1</use>
<logicalDatatype>LOGDT011</logicalDatatype>
<ownDataTypeParameters>,,</ownDataTypeParameters>
<autoIncrementCycle>false</autoIncrementCycle>
</Column>
<Column name="naziv" id="17BD7746-A217-CED8-FE0C-4995A710DA4A">
<createdBy>Matija</createdBy>
<createdTime>2024-11-28 17:41:09 UTC</createdTime>
<ownerDesignName>Fizicki_model__12</ownerDesignName>
<useDomainConstraints>false</useDomainConstraints>
<use>1</use>
<logicalDatatype>LOGDT024</logicalDatatype>
<dataTypeSize>200</dataTypeSize>
<ownDataTypeParameters>200,,</ownDataTypeParameters>
<autoIncrementCycle>false</autoIncrementCycle>
</Column>
</columns>
<indexes itemClass="oracle.dbtools.crest.model.design.relational.Index">
<ind_PK_UK id="26DFD992-B627-7E5D-D846-49A5355A9DDC" name="Tip_dodatnih_primanja_PK">
<createdBy>Matija</createdBy>
<createdTime>2024-11-28 17:41:09 UTC</createdTime>
<ownerDesignName>Fizicki_model__12</ownerDesignName>
<pk>true</pk>
<indexState>Primary Constraint</indexState>
<isSurrogateKey>false</isSurrogateKey>
<indexColumnUsage>
<colUsage columnID="F1174B43-A4B9-E54F-E292-552B60C94AE0"/>
</indexColumnUsage>
</ind_PK_UK>
</indexes>
</Table>