<?xml version = '1.0' encoding = 'UTF-8'?>
<Table class="oracle.dbtools.crest.model.design.relational.Table" directorySegmentName="seg_0" id="3813490C-7C21-ED08-B9B4-B596E7037E56" name="Menjacnica">
<createdBy>Matija</createdBy>
<createdTime>2024-12-05 21:39:52 UTC</createdTime>
<ownerDesignName>Fizicki_model__12</ownerDesignName>
<ordsAlias>table_86</ordsAlias>
<allowColumnReorder>false</allowColumnReorder>
<existDependencyGenerateInDDl>true</existDependencyGenerateInDDl>
<parsed>true</parsed>
<columns itemClass="oracle.dbtools.crest.model.design.relational.Column">
<Column name="kurs_id" id="8453F7EA-1E7D-F6D2-66AA-84D68873AE9A">
<createdBy>Matija</createdBy>
<createdTime>2024-12-05 21:40:00 UTC</createdTime>
<ownerDesignName>Fizicki_model__12</ownerDesignName>
<useDomainConstraints>false</useDomainConstraints>
<use>1</use>
<logicalDatatype>LOGDT011</logicalDatatype>
<ownDataTypeParameters>,,</ownDataTypeParameters>
<autoIncrementCycle>false</autoIncrementCycle>
</Column>
<Column name="valuta1_id" id="81801444-3673-90BA-7419-6B92D8D88921">
<createdBy>Matija</createdBy>
<createdTime>2024-12-05 21:40:00 UTC</createdTime>
<ownerDesignName>Fizicki_model__12</ownerDesignName>
<useDomainConstraints>false</useDomainConstraints>
<use>1</use>
<logicalDatatype>LOGDT011</logicalDatatype>
<ownDataTypeParameters>,,</ownDataTypeParameters>
<autoIncrementCycle>false</autoIncrementCycle>
<associations>
<colAssociation fkAssociation="CCD48EF0-3E5F-20A5-867A-556209975D9B" referredColumn="947C21CD-7F7C-9DDE-AF3A-E94B88FCBB69"/>
</associations>
</Column>
<Column name="valuta2_id" id="88098BEB-6388-0E8B-74FA-116573418B03">
<createdBy>Matija</createdBy>
<createdTime>2024-12-05 21:40:00 UTC</createdTime>
<ownerDesignName>Fizicki_model__12</ownerDesignName>
<useDomainConstraints>false</useDomainConstraints>
<use>1</use>
<logicalDatatype>LOGDT011</logicalDatatype>
<ownDataTypeParameters>,,</ownDataTypeParameters>
<autoIncrementCycle>false</autoIncrementCycle>
<associations>
<colAssociation fkAssociation="B85BE60D-CE46-3AD9-9F7A-E169162818A6" referredColumn="947C21CD-7F7C-9DDE-AF3A-E94B88FCBB69"/>
</associations>
</Column>
<Column name="iz1u2_nizi" id="CE5C8392-217D-DC0E-42BD-00B0614A35D0">
<createdBy>Matija</createdBy>
<createdTime>2024-12-05 21:40:00 UTC</createdTime>
<ownerDesignName>Fizicki_model__12</ownerDesignName>
<useDomainConstraints>false</useDomainConstraints>
<use>1</use>
<logicalDatatype>LOGDT019</logicalDatatype>
<ownDataTypeParameters>,,</ownDataTypeParameters>
<autoIncrementCycle>false</autoIncrementCycle>
</Column>
<Column name="iz2u1_nizi" id="D283F88B-82D0-C4CA-0021-B4D14C98B36F">
<createdBy>Matija</createdBy>
<createdTime>2024-12-05 21:40:00 UTC</createdTime>
<ownerDesignName>Fizicki_model__12</ownerDesignName>
<useDomainConstraints>false</useDomainConstraints>
<use>1</use>
<logicalDatatype>LOGDT019</logicalDatatype>
<ownDataTypeParameters>,,</ownDataTypeParameters>
<autoIncrementCycle>false</autoIncrementCycle>
</Column>
<Column name="menjacnica_id" id="B60A8A2F-65E3-3CCC-F274-722DF35AF539">
<createdBy>Matija</createdBy>
<createdTime>2024-12-05 21:41:11 UTC</createdTime>
<ownerDesignName>Fizicki_model__12</ownerDesignName>
<useDomainConstraints>false</useDomainConstraints>
<use>1</use>
<logicalDatatype>LOGDT011</logicalDatatype>
<ownDataTypeParameters>,,</ownDataTypeParameters>
<autoIncrementCycle>false</autoIncrementCycle>
</Column>
<Column name="datum_od" id="CB148D27-CE34-7D24-A80F-3E076518DBAE">
<createdBy>Matija</createdBy>
<createdTime>2024-12-05 21:41:11 UTC</createdTime>
<ownerDesignName>Fizicki_model__12</ownerDesignName>
<useDomainConstraints>false</useDomainConstraints>
<use>1</use>
<logicalDatatype>LOGDT007</logicalDatatype>
<ownDataTypeParameters>,,</ownDataTypeParameters>
<autoIncrementCycle>false</autoIncrementCycle>
</Column>
<Column name="datum_do" id="C1C8C15A-BA4E-4D87-D017-F4D1E7FAA7A6">
<createdBy>Matija</createdBy>
<createdTime>2024-12-05 21:41:11 UTC</createdTime>
<ownerDesignName>Fizicki_model__12</ownerDesignName>
<useDomainConstraints>false</useDomainConstraints>
<use>1</use>
<logicalDatatype>LOGDT007</logicalDatatype>
<ownDataTypeParameters>,,</ownDataTypeParameters>
<autoIncrementCycle>false</autoIncrementCycle>
</Column>
<Column name="aktivan" id="0A22059C-42A9-1727-D894-7B67C1470FC4">
<createdBy>Matija</createdBy>
<createdTime>2024-12-05 21:41:11 UTC</createdTime>
<ownerDesignName>Fizicki_model__12</ownerDesignName>
<useDomainConstraints>false</useDomainConstraints>
<use>1</use>
<logicalDatatype>LOGDT006</logicalDatatype>
<dataTypeSize>1</dataTypeSize>
<ownDataTypeParameters>1,,</ownDataTypeParameters>
<autoIncrementCycle>false</autoIncrementCycle>
</Column>
<Column name="iz1u2_srednji" id="3E3A4B43-20ED-0942-5BAF-F51ED96396EC">
<createdBy>Matija</createdBy>
<createdTime>2024-12-05 22:00:02 UTC</createdTime>
<ownerDesignName>Fizicki_model__12</ownerDesignName>
<useDomainConstraints>false</useDomainConstraints>
<use>1</use>
<logicalDatatype>LOGDT019</logicalDatatype>
<ownDataTypeParameters>,,</ownDataTypeParameters>
<autoIncrementCycle>false</autoIncrementCycle>
</Column>
<Column name="iz2u1_srednji" id="7FC7ED88-E65C-7C15-536E-7180B3F6D21A">
<createdBy>Matija</createdBy>
<createdTime>2024-12-05 22:00:02 UTC</createdTime>
<ownerDesignName>Fizicki_model__12</ownerDesignName>
<useDomainConstraints>false</useDomainConstraints>
<use>1</use>
<logicalDatatype>LOGDT019</logicalDatatype>
<ownDataTypeParameters>,,</ownDataTypeParameters>
<autoIncrementCycle>false</autoIncrementCycle>
</Column>
<Column name="iz1u2_visi" id="5AB7263D-3903-D219-D6BE-61335D6EFEB5">
<createdBy>Matija</createdBy>
<createdTime>2024-12-05 22:00:02 UTC</createdTime>
<ownerDesignName>Fizicki_model__12</ownerDesignName>
<useDomainConstraints>false</useDomainConstraints>
<use>1</use>
<logicalDatatype>LOGDT019</logicalDatatype>
<ownDataTypeParameters>,,</ownDataTypeParameters>
<autoIncrementCycle>false</autoIncrementCycle>
</Column>
<Column name="iz2u1_visi" id="2D478712-7B9A-AA6A-CEAD-8B1BF214E808">
<createdBy>Matija</createdBy>
<createdTime>2024-12-05 22:00:02 UTC</createdTime>
<ownerDesignName>Fizicki_model__12</ownerDesignName>
<useDomainConstraints>false</useDomainConstraints>
<use>1</use>
<logicalDatatype>LOGDT019</logicalDatatype>
<ownDataTypeParameters>,,</ownDataTypeParameters>
<autoIncrementCycle>false</autoIncrementCycle>
</Column>
</columns>
<indexes itemClass="oracle.dbtools.crest.model.design.relational.Index">
<ind_PK_UK id="68CA74DA-44EF-143C-0454-FE01949979D3" name="Menjacnica_PK">
<createdBy>Matija</createdBy>
<createdTime>2024-12-05 21:54:06 UTC</createdTime>
<ownerDesignName>Fizicki_model__12</ownerDesignName>
<pk>true</pk>
<indexState>Primary Constraint</indexState>
<isSurrogateKey>false</isSurrogateKey>
<indexColumnUsage>
<colUsage columnID="8453F7EA-1E7D-F6D2-66AA-84D68873AE9A"/>
</indexColumnUsage>
</ind_PK_UK>
<ind_PK_UK id="D491813F-8DA4-2851-5702-77FE1607F942" name="Menjacnica_Valuta_FK">
<createdBy>Matija</createdBy>
<createdTime>2024-12-05 21:52:10 UTC</createdTime>
<ownerDesignName>Fizicki_model__12</ownerDesignName>
<indexState>Foreign Key</indexState>
<isSurrogateKey>false</isSurrogateKey>
<indexColumnUsage>
<colUsage columnID="81801444-3673-90BA-7419-6B92D8D88921"/>
</indexColumnUsage>
</ind_PK_UK>
<ind_PK_UK id="B3D4EED1-5DE6-85E0-D6DA-9B7542214562" name="Menjacnica_Valuta_FKv2">
<createdBy>Matija</createdBy>
<createdTime>2024-12-05 21:52:10 UTC</createdTime>
<ownerDesignName>Fizicki_model__12</ownerDesignName>
<indexState>Foreign Key</indexState>
<isSurrogateKey>false</isSurrogateKey>
<indexColumnUsage>
<colUsage columnID="88098BEB-6388-0E8B-74FA-116573418B03"/>
</indexColumnUsage>
</ind_PK_UK>
</indexes>
</Table>