<?xml version = '1.0' encoding = 'UTF-8'?>
<Table class="oracle.dbtools.crest.model.design.relational.Table" directorySegmentName="seg_0" id="3F03DF41-2E43-BD02-CA14-31B32352952D" name="Tip_troska">
<createdBy>Matija</createdBy>
<createdTime>2024-12-19 17:14:47 UTC</createdTime>
<ownerDesignName>Fizicki_model__12</ownerDesignName>
<ordsAlias>table_74</ordsAlias>
<allowColumnReorder>false</allowColumnReorder>
<existDependencyGenerateInDDl>true</existDependencyGenerateInDDl>
<parsed>true</parsed>
<columns itemClass="oracle.dbtools.crest.model.design.relational.Column">
<Column name="tip_troska" id="037F6793-21E5-119A-2326-8111D3DCD9B5">
<createdBy>Matija</createdBy>
<createdTime>2024-12-19 17:15:38 UTC</createdTime>
<ownerDesignName>Fizicki_model__12</ownerDesignName>
<useDomainConstraints>false</useDomainConstraints>
<use>1</use>
<logicalDatatype>LOGDT011</logicalDatatype>
<ownDataTypeParameters>,,</ownDataTypeParameters>
<autoIncrementCycle>false</autoIncrementCycle>
</Column>
<Column name="naziv" id="C2DCFCFF-06B7-D804-F250-9C904D91C055">
<createdBy>Matija</createdBy>
<createdTime>2024-12-19 17:17:01 UTC</createdTime>
<ownerDesignName>Fizicki_model__12</ownerDesignName>
<useDomainConstraints>false</useDomainConstraints>
<use>1</use>
<logicalDatatype>LOGDT024</logicalDatatype>
<dataTypeSize>100</dataTypeSize>
<ownDataTypeParameters>100,,</ownDataTypeParameters>
<autoIncrementCycle>false</autoIncrementCycle>
</Column>
</columns>
<indexes itemClass="oracle.dbtools.crest.model.design.relational.Index">
<ind_PK_UK id="A055990F-89C1-163D-D9FC-5FC9D32E5DD5" name="Tip_troska_PK">
<createdBy>Matija</createdBy>
<createdTime>2024-12-19 17:17:01 UTC</createdTime>
<ownerDesignName>Fizicki_model__12</ownerDesignName>
<pk>true</pk>
<indexState>Primary Constraint</indexState>
<isSurrogateKey>false</isSurrogateKey>
<indexColumnUsage>
<colUsage columnID="037F6793-21E5-119A-2326-8111D3DCD9B5"/>
</indexColumnUsage>
</ind_PK_UK>
</indexes>
</Table>