<?xml version = '1.0' encoding = 'UTF-8'?>
<Table class="oracle.dbtools.crest.model.design.relational.Table" directorySegmentName="seg_0" id="468A060F-028E-0D5A-F03D-437D7D5C407D" name="Firma">
<createdBy>Matija</createdBy>
<createdTime>2024-12-05 17:28:27 UTC</createdTime>
<ownerDesignName>Fizicki_model__12</ownerDesignName>
<ordsAlias>table_66</ordsAlias>
<allowColumnReorder>false</allowColumnReorder>
<existDependencyGenerateInDDl>true</existDependencyGenerateInDDl>
<parsed>true</parsed>
<columns itemClass="oracle.dbtools.crest.model.design.relational.Column">
<Column name="firma_id" id="E112D44B-5AC3-C86B-7A52-A3283AF4C25B">
<createdBy>Matija</createdBy>
<createdTime>2024-12-05 17:30:26 UTC</createdTime>
<ownerDesignName>Fizicki_model__12</ownerDesignName>
<useDomainConstraints>false</useDomainConstraints>
<use>1</use>
<logicalDatatype>LOGDT011</logicalDatatype>
<ownDataTypeParameters>,,</ownDataTypeParameters>
<autoIncrementCycle>false</autoIncrementCycle>
</Column>
<Column name="naziv" id="2BF11DB3-26B4-F418-6A35-E109556551C0">
<createdBy>Matija</createdBy>
<createdTime>2024-12-05 17:30:26 UTC</createdTime>
<ownerDesignName>Fizicki_model__12</ownerDesignName>
<useDomainConstraints>false</useDomainConstraints>
<use>1</use>
<logicalDatatype>LOGDT024</logicalDatatype>
<dataTypeSize>100</dataTypeSize>
<ownDataTypeParameters>100,,</ownDataTypeParameters>
<autoIncrementCycle>false</autoIncrementCycle>
</Column>
<Column name="adresa" id="201161B8-8C13-54BB-D002-C3D37EC3347F">
<createdBy>Matija</createdBy>
<createdTime>2024-12-05 17:30:26 UTC</createdTime>
<ownerDesignName>Fizicki_model__12</ownerDesignName>
<useDomainConstraints>false</useDomainConstraints>
<use>1</use>
<logicalDatatype>LOGDT024</logicalDatatype>
<dataTypeSize>100</dataTypeSize>
<ownDataTypeParameters>100,,</ownDataTypeParameters>
<autoIncrementCycle>false</autoIncrementCycle>
</Column>
<Column name="maticni_broj_firme" id="07102810-519D-7938-CA11-249486076D3C">
<createdBy>Matija</createdBy>
<createdTime>2024-12-05 17:30:26 UTC</createdTime>
<ownerDesignName>Fizicki_model__12</ownerDesignName>
<useDomainConstraints>false</useDomainConstraints>
<use>1</use>
<logicalDatatype>LOGDT019</logicalDatatype>
<ownDataTypeParameters>,,</ownDataTypeParameters>
<autoIncrementCycle>false</autoIncrementCycle>
</Column>
</columns>
<indexes itemClass="oracle.dbtools.crest.model.design.relational.Index">
<ind_PK_UK id="B0355C9E-D64A-AB46-0E08-275764BA382D" name="Firma_PK">
<createdBy>Matija</createdBy>
<createdTime>2024-12-05 17:30:55 UTC</createdTime>
<ownerDesignName>Fizicki_model__12</ownerDesignName>
<pk>true</pk>
<indexState>Primary Constraint</indexState>
<isSurrogateKey>false</isSurrogateKey>
<indexColumnUsage>
<colUsage columnID="E112D44B-5AC3-C86B-7A52-A3283AF4C25B"/>
</indexColumnUsage>
</ind_PK_UK>
</indexes>
</Table>