<?xml version = '1.0' encoding = 'UTF-8'?>
<Table class="oracle.dbtools.crest.model.design.relational.Table" directorySegmentName="seg_0" id="5E8FA712-D533-5554-9E3B-E230E0297EBE" name="Ekspozitura_radnik">
<createdBy>Master</createdBy>
<createdTime>2024-10-16 16:27:41 UTC</createdTime>
<ownerDesignName>Fizicki_model__12</ownerDesignName>
<ordsAlias>table_22</ordsAlias>
<allowColumnReorder>false</allowColumnReorder>
<existDependencyGenerateInDDl>true</existDependencyGenerateInDDl>
<parsed>true</parsed>
<columns itemClass="oracle.dbtools.crest.model.design.relational.Column">
<Column name="ekspozitura_id" id="BE148871-5E57-8F09-A800-4C84023EAB54">
<createdBy>Master</createdBy>
<createdTime>2024-10-16 16:29:02 UTC</createdTime>
<ownerDesignName>Fizicki_model__12</ownerDesignName>
<useDomainConstraints>false</useDomainConstraints>
<use>1</use>
<logicalDatatype>LOGDT011</logicalDatatype>
<ownDataTypeParameters>,,</ownDataTypeParameters>
<autoIncrementCycle>false</autoIncrementCycle>
<associations>
<colAssociation fkAssociation="1D01CEDA-47F7-5E33-C254-03B97053D96A" referredColumn="2A06F137-F0DF-1B98-D637-853CFC1D2F6A"/>
</associations>
</Column>
<Column name="radnik_id" id="1A89A302-C617-4CC6-E3F8-617A07441F6B">
<createdBy>Master</createdBy>
<createdTime>2024-10-16 16:29:02 UTC</createdTime>
<ownerDesignName>Fizicki_model__12</ownerDesignName>
<useDomainConstraints>false</useDomainConstraints>
<use>1</use>
<logicalDatatype>LOGDT011</logicalDatatype>
<ownDataTypeParameters>,,</ownDataTypeParameters>
<autoIncrementCycle>false</autoIncrementCycle>
<associations>
<colAssociation fkAssociation="69475F89-7CEA-BBE5-F7A3-F33903A63DD8" referredColumn="DA34086A-298E-EA7A-EA52-8B0541D8708A"/>
</associations>
</Column>
<Column name="datum_od" id="81189EAA-558E-DF20-526E-250055B5AC58">
<createdBy>Master</createdBy>
<createdTime>2024-10-16 16:29:02 UTC</createdTime>
<ownerDesignName>Fizicki_model__12</ownerDesignName>
<useDomainConstraints>false</useDomainConstraints>
<use>1</use>
<logicalDatatype>LOGDT007</logicalDatatype>
<ownDataTypeParameters>,,</ownDataTypeParameters>
<autoIncrementCycle>false</autoIncrementCycle>
</Column>
<Column name="datum_do" id="F84D1C77-4D91-F7B2-567C-52801C5EF783">
<createdBy>Master</createdBy>
<createdTime>2024-10-16 16:29:02 UTC</createdTime>
<ownerDesignName>Fizicki_model__12</ownerDesignName>
<useDomainConstraints>false</useDomainConstraints>
<use>1</use>
<logicalDatatype>LOGDT007</logicalDatatype>
<ownDataTypeParameters>,,</ownDataTypeParameters>
<autoIncrementCycle>false</autoIncrementCycle>
</Column>
<Column name="trenutno_radi" id="A9DEB8FE-D7E7-1C76-D42B-8C31D4A12A21">
<createdBy>Matija</createdBy>
<createdTime>2024-10-29 15:05:34 UTC</createdTime>
<ownerDesignName>Fizicki_model__12</ownerDesignName>
<useDomainConstraints>false</useDomainConstraints>
<use>1</use>
<logicalDatatype>LOGDT006</logicalDatatype>
<dataTypeSize>1</dataTypeSize>
<ownDataTypeParameters>1,,</ownDataTypeParameters>
<autoIncrementCycle>false</autoIncrementCycle>
</Column>
<Column name="ekspozitura_radnik_id" id="9FE4EAF9-E5C3-0222-09DE-0FA9C11188A3">
<createdBy>Matija</createdBy>
<createdTime>2024-10-29 15:12:00 UTC</createdTime>
<ownerDesignName>Fizicki_model__12</ownerDesignName>
<useDomainConstraints>false</useDomainConstraints>
<use>1</use>
<logicalDatatype>LOGDT011</logicalDatatype>
<ownDataTypeParameters>,,</ownDataTypeParameters>
<autoIncrementCycle>false</autoIncrementCycle>
</Column>
<Column name="Radnik_radnik_id" id="7F9A0B55-F9F1-1807-172D-EB3C3C5F24D1">
<createdBy>helena</createdBy>
<createdTime>2024-11-25 16:20:25 UTC</createdTime>
<ownerDesignName>Fizicki_model__12</ownerDesignName>
<useDomainConstraints>false</useDomainConstraints>
<use>1</use>
<logicalDatatype>LOGDT011</logicalDatatype>
<ownDataTypeParameters>,,</ownDataTypeParameters>
<previousColumn>false</previousColumn>
<autoIncrementCycle>false</autoIncrementCycle>
<associations>
<colAssociation fkAssociation="6CCCA62A-1846-0EF7-0E96-B4B18D1C3E8A" referredColumn="DA34086A-298E-EA7A-EA52-8B0541D8708A"/>
</associations>
</Column>
</columns>
<indexes itemClass="oracle.dbtools.crest.model.design.relational.Index">
<ind_PK_UK id="1257DCED-CA8E-04B9-142C-27CC793BB95B" name="Ekspozitura_radnik_PK">
<createdBy>Master</createdBy>
<createdTime>2024-10-16 16:29:02 UTC</createdTime>
<ownerDesignName>Fizicki_model__12</ownerDesignName>
<pk>true</pk>
<indexState>Primary Constraint</indexState>
<isSurrogateKey>false</isSurrogateKey>
<indexColumnUsage>
<colUsage columnID="9FE4EAF9-E5C3-0222-09DE-0FA9C11188A3"/>
</indexColumnUsage>
</ind_PK_UK>
<ind_PK_UK id="577B86C8-8167-65FB-2B77-53712C9312B2" name="Ekspozitura_radnik__IDX">
<createdBy>Matija</createdBy>
<createdTime>2024-10-29 15:07:25 UTC</createdTime>
<ownerDesignName>Fizicki_model__12</ownerDesignName>
<isSurrogateKey>false</isSurrogateKey>
<indexColumnUsage>
<colUsage columnID="1A89A302-C617-4CC6-E3F8-617A07441F6B"/>
<colUsage columnID="BE148871-5E57-8F09-A800-4C84023EAB54"/>
<colUsage columnID="81189EAA-558E-DF20-526E-250055B5AC58"/>
</indexColumnUsage>
</ind_PK_UK>
<ind_PK_UK id="AAFAF1A1-3498-A889-D665-39F429B208C2" name="Ekspozitura_radnik_Ekspozitura_FK">
<createdBy>Master</createdBy>
<createdTime>2024-10-16 16:29:22 UTC</createdTime>
<ownerDesignName>Fizicki_model__12</ownerDesignName>
<indexState>Foreign Key</indexState>
<isSurrogateKey>false</isSurrogateKey>
<indexColumnUsage>
<colUsage columnID="BE148871-5E57-8F09-A800-4C84023EAB54"/>
</indexColumnUsage>
</ind_PK_UK>
<ind_PK_UK id="4148DD04-9F78-EC97-3B28-83F980108322" name="Ekspozitura_radnik_Radnik_FK">
<createdBy>Master</createdBy>
<createdTime>2024-10-16 16:29:33 UTC</createdTime>
<ownerDesignName>Fizicki_model__12</ownerDesignName>
<indexState>Foreign Key</indexState>
<isSurrogateKey>false</isSurrogateKey>
<indexColumnUsage>
<colUsage columnID="7F9A0B55-F9F1-1807-172D-EB3C3C5F24D1"/>
</indexColumnUsage>
</ind_PK_UK>
<ind_PK_UK id="818D966A-9093-8F6B-3FA2-0B6B2BB10A7D" name="Ekspozitura_radnik_Radnik_FKv2">
<createdBy>helena</createdBy>
<createdTime>2024-11-25 16:41:38 UTC</createdTime>
<ownerDesignName>Fizicki_model__12</ownerDesignName>
<indexState>Foreign Key</indexState>
<isSurrogateKey>false</isSurrogateKey>
<indexColumnUsage>
<colUsage columnID="1A89A302-C617-4CC6-E3F8-617A07441F6B"/>
</indexColumnUsage>
</ind_PK_UK>
</indexes>
</Table>