<?xml version = '1.0' encoding = 'UTF-8'?>
<Table class="oracle.dbtools.crest.model.design.relational.Table" directorySegmentName="seg_0" id="652B5345-31CB-1162-9774-055B6762F0BA" name="Nagrada">
<createdBy>Matija</createdBy>
<createdTime>2024-12-19 17:24:33 UTC</createdTime>
<ownerDesignName>Fizicki_model__12</ownerDesignName>
<ordsAlias>table_77</ordsAlias>
<allowColumnReorder>false</allowColumnReorder>
<existDependencyGenerateInDDl>true</existDependencyGenerateInDDl>
<parsed>true</parsed>
<columns itemClass="oracle.dbtools.crest.model.design.relational.Column">
<Column name="trosak_id" id="420F345B-33EC-5679-F5B2-F3A64FC8ACE0">
<createdBy>Matija</createdBy>
<createdTime>2024-12-19 17:25:39 UTC</createdTime>
<ownerDesignName>Fizicki_model__12</ownerDesignName>
<useDomainConstraints>false</useDomainConstraints>
<use>1</use>
<logicalDatatype>LOGDT011</logicalDatatype>
<ownDataTypeParameters>,,</ownDataTypeParameters>
<autoIncrementCycle>false</autoIncrementCycle>
<associations>
<colAssociation fkAssociation="F1E9AEB5-07AE-E21E-2FDA-1BDE7E956C38" referredColumn="2474C721-8D64-80F4-541E-F47ED7D64C7B"/>
</associations>
</Column>
<Column name="naziv" id="823C715C-983A-514A-B52B-6EA1D36651D6">
<createdBy>Matija</createdBy>
<createdTime>2024-12-19 17:31:03 UTC</createdTime>
<ownerDesignName>Fizicki_model__12</ownerDesignName>
<nullsAllowed>true</nullsAllowed>
<useDomainConstraints>false</useDomainConstraints>
<use>1</use>
<logicalDatatype>LOGDT024</logicalDatatype>
<dataTypeSize>100</dataTypeSize>
<ownDataTypeParameters>100,,</ownDataTypeParameters>
<autoIncrementCycle>false</autoIncrementCycle>
</Column>
<Column name="COL_274" id="0D80E331-73F6-5035-CAA5-3739825D607F">
<createdBy>Matija</createdBy>
<createdTime>2024-12-19 17:31:03 UTC</createdTime>
<ownerDesignName>Fizicki_model__12</ownerDesignName>
<nullsAllowed>true</nullsAllowed>
<use>0</use>
<ownDataTypeParameters>,,</ownDataTypeParameters>
<autoIncrementCycle>false</autoIncrementCycle>
</Column>
</columns>
<indexes itemClass="oracle.dbtools.crest.model.design.relational.Index">
<ind_PK_UK id="E6168130-BEEA-2E9A-CD52-27E57547BE86" name="Festival_PK">
<createdBy>Matija</createdBy>
<createdTime>2024-12-19 17:25:52 UTC</createdTime>
<ownerDesignName>Fizicki_model__12</ownerDesignName>
<pk>true</pk>
<indexState>Primary Constraint</indexState>
<isSurrogateKey>false</isSurrogateKey>
<indexColumnUsage>
<colUsage columnID="420F345B-33EC-5679-F5B2-F3A64FC8ACE0"/>
</indexColumnUsage>
</ind_PK_UK>
<ind_PK_UK id="B92B9517-7044-E1B4-68C5-E49156FE5249" name="TABLE_77_Trosak_FK">
<createdBy>Matija</createdBy>
<createdTime>2024-12-19 17:25:39 UTC</createdTime>
<ownerDesignName>Fizicki_model__12</ownerDesignName>
<indexState>Foreign Key</indexState>
<isSurrogateKey>false</isSurrogateKey>
<indexColumnUsage>
<colUsage columnID="420F345B-33EC-5679-F5B2-F3A64FC8ACE0"/>
</indexColumnUsage>
</ind_PK_UK>
</indexes>
</Table>