<?xml version = '1.0' encoding = 'UTF-8'?>
<Table class="oracle.dbtools.crest.model.design.relational.Table" directorySegmentName="seg_0" id="672F3BDB-8357-16DE-17A5-05C6CE3822D2" name="Pocetno_pozajnica">
<createdBy>Matija</createdBy>
<createdTime>2024-12-05 20:27:30 UTC</createdTime>
<ownerDesignName>Fizicki_model__12</ownerDesignName>
<ordsAlias>table_81</ordsAlias>
<allowColumnReorder>false</allowColumnReorder>
<existDependencyGenerateInDDl>true</existDependencyGenerateInDDl>
<parsed>true</parsed>
<columns itemClass="oracle.dbtools.crest.model.design.relational.Column">
<Column name="pocetno_pozajnica_id" id="AD0C3D96-1433-583D-CCD8-A13ADAC3A519">
<createdBy>Matija</createdBy>
<createdTime>2024-12-05 20:28:23 UTC</createdTime>
<ownerDesignName>Fizicki_model__12</ownerDesignName>
<useDomainConstraints>false</useDomainConstraints>
<use>1</use>
<logicalDatatype>LOGDT011</logicalDatatype>
<ownDataTypeParameters>,,</ownDataTypeParameters>
<autoIncrementCycle>false</autoIncrementCycle>
</Column>
<Column name="transakcija_id" id="A33B8BE2-E2E8-750D-8151-D10C6F44D57D">
<createdBy>Matija</createdBy>
<createdTime>2024-12-05 20:31:45 UTC</createdTime>
<ownerDesignName>Fizicki_model__12</ownerDesignName>
<useDomainConstraints>false</useDomainConstraints>
<use>1</use>
<logicalDatatype>LOGDT011</logicalDatatype>
<ownDataTypeParameters>,,</ownDataTypeParameters>
<autoIncrementCycle>false</autoIncrementCycle>
<associations>
<colAssociation fkAssociation="1280996F-C299-7CA0-DBE9-0B23B2529F22" referredColumn="BE21734C-7FE2-9706-6464-923924C900E4"/>
</associations>
</Column>
<Column name="transakcija_banka_id" id="BE587B93-9414-B88A-8CC6-1733BAB76F9E">
<createdBy>Matija</createdBy>
<createdTime>2024-12-05 20:31:45 UTC</createdTime>
<ownerDesignName>Fizicki_model__12</ownerDesignName>
<useDomainConstraints>false</useDomainConstraints>
<use>1</use>
<logicalDatatype>LOGDT011</logicalDatatype>
<ownDataTypeParameters>,,</ownDataTypeParameters>
<autoIncrementCycle>false</autoIncrementCycle>
<associations>
<colAssociation fkAssociation="A459DDE2-92D0-4DA2-B330-7915D98674A6" referredColumn="BE3460A7-CE5C-A45C-5BFC-ABCBBCB66FB8"/>
</associations>
</Column>
<Column name="iznos" id="7C0119ED-625E-CFC7-2183-9D9845BE1FFC">
<createdBy>Matija</createdBy>
<createdTime>2024-12-05 20:31:45 UTC</createdTime>
<ownerDesignName>Fizicki_model__12</ownerDesignName>
<nullsAllowed>true</nullsAllowed>
<useDomainConstraints>false</useDomainConstraints>
<use>1</use>
<logicalDatatype>LOGDT019</logicalDatatype>
<ownDataTypeParameters>,,</ownDataTypeParameters>
<autoIncrementCycle>false</autoIncrementCycle>
</Column>
<Column name="kredit_id" id="3EFC6F86-26FD-6746-2A5C-6CC881FBF79F">
<createdBy>Matija</createdBy>
<createdTime>2024-12-26 17:17:29 UTC</createdTime>
<ownerDesignName>Fizicki_model__12</ownerDesignName>
<useDomainConstraints>false</useDomainConstraints>
<use>1</use>
<logicalDatatype>LOGDT011</logicalDatatype>
<ownDataTypeParameters>,,</ownDataTypeParameters>
<autoIncrementCycle>false</autoIncrementCycle>
<associations>
<colAssociation fkAssociation="60EDBBA5-AE5C-2A0A-6090-BA4100C920AE" referredColumn="B015D34D-592A-C08F-739A-9E1CB9171630"/>
</associations>
</Column>
</columns>
<indexes itemClass="oracle.dbtools.crest.model.design.relational.Index">
<ind_PK_UK id="2BB5ECAE-3FFF-C3EC-4B84-FF02F750CDF2" name="Pocetno_pozajnica_PK">
<createdBy>Matija</createdBy>
<createdTime>2024-12-05 20:28:23 UTC</createdTime>
<ownerDesignName>Fizicki_model__12</ownerDesignName>
<pk>true</pk>
<indexState>Primary Constraint</indexState>
<isSurrogateKey>false</isSurrogateKey>
<indexColumnUsage>
<colUsage columnID="AD0C3D96-1433-583D-CCD8-A13ADAC3A519"/>
</indexColumnUsage>
</ind_PK_UK>
<ind_PK_UK id="4F338A3D-91B2-C82D-1345-54BE58461D7D" name="Pocetno_pozajnica_Transakcija_FK">
<createdBy>Matija</createdBy>
<createdTime>2024-12-05 20:32:02 UTC</createdTime>
<ownerDesignName>Fizicki_model__12</ownerDesignName>
<indexState>Foreign Key</indexState>
<isSurrogateKey>false</isSurrogateKey>
<indexColumnUsage>
<colUsage columnID="A33B8BE2-E2E8-750D-8151-D10C6F44D57D"/>
</indexColumnUsage>
</ind_PK_UK>
<ind_PK_UK id="2E3CBC4D-F8F7-F51E-3BC7-E0A18AA37B36" name="Pocetno_pozajnica_Transakcije_banka_FK">
<createdBy>Matija</createdBy>
<createdTime>2024-12-05 20:32:17 UTC</createdTime>
<ownerDesignName>Fizicki_model__12</ownerDesignName>
<indexState>Foreign Key</indexState>
<isSurrogateKey>false</isSurrogateKey>
<indexColumnUsage>
<colUsage columnID="BE587B93-9414-B88A-8CC6-1733BAB76F9E"/>
</indexColumnUsage>
</ind_PK_UK>
<ind_PK_UK id="2B8E4921-21CF-7A17-E050-91BDEA100FD7" name="Pocetno_pozajnica_Kredit_FK">
<createdBy>Matija</createdBy>
<createdTime>2024-12-26 17:17:47 UTC</createdTime>
<ownerDesignName>Fizicki_model__12</ownerDesignName>
<indexState>Foreign Key</indexState>
<isSurrogateKey>false</isSurrogateKey>
<indexColumnUsage>
<colUsage columnID="3EFC6F86-26FD-6746-2A5C-6CC881FBF79F"/>
</indexColumnUsage>
</ind_PK_UK>
</indexes>
</Table>