<?xml version = '1.0' encoding = 'UTF-8'?>
<Table class="oracle.dbtools.crest.model.design.relational.Table" directorySegmentName="seg_0" id="6E152DB4-B550-84EF-8391-4AFC754B42E4" name="Tip_uslova">
<createdBy>Matija</createdBy>
<createdTime>2024-12-05 16:34:16 UTC</createdTime>
<ownerDesignName>Fizicki_model__12</ownerDesignName>
<ordsAlias>table_60</ordsAlias>
<allowColumnReorder>false</allowColumnReorder>
<existDependencyGenerateInDDl>true</existDependencyGenerateInDDl>
<parsed>true</parsed>
<columns itemClass="oracle.dbtools.crest.model.design.relational.Column">
<Column name="tip_uslova_id" id="C98046B9-6467-1AB5-83ED-486964CE6678">
<createdBy>Matija</createdBy>
<createdTime>2024-12-05 16:35:29 UTC</createdTime>
<ownerDesignName>Fizicki_model__12</ownerDesignName>
<useDomainConstraints>false</useDomainConstraints>
<use>1</use>
<logicalDatatype>LOGDT011</logicalDatatype>
<ownDataTypeParameters>,,</ownDataTypeParameters>
<autoIncrementCycle>false</autoIncrementCycle>
</Column>
<Column name="naziv" id="AC85BA89-2D8A-C46E-600F-4A4F86ABE5DA">
<createdBy>Matija</createdBy>
<createdTime>2024-12-05 16:35:29 UTC</createdTime>
<ownerDesignName>Fizicki_model__12</ownerDesignName>
<useDomainConstraints>false</useDomainConstraints>
<use>1</use>
<logicalDatatype>LOGDT024</logicalDatatype>
<dataTypeSize>100</dataTypeSize>
<ownDataTypeParameters>100,,</ownDataTypeParameters>
<autoIncrementCycle>false</autoIncrementCycle>
</Column>
</columns>
<indexes itemClass="oracle.dbtools.crest.model.design.relational.Index">
<ind_PK_UK id="E2939ECB-561F-861A-03F1-31C5A5E3A230" name="Tip_uslova_PK">
<createdBy>Matija</createdBy>
<createdTime>2024-12-05 16:35:38 UTC</createdTime>
<ownerDesignName>Fizicki_model__12</ownerDesignName>
<pk>true</pk>
<indexState>Primary Constraint</indexState>
<isSurrogateKey>false</isSurrogateKey>
<indexColumnUsage>
<colUsage columnID="C98046B9-6467-1AB5-83ED-486964CE6678"/>
</indexColumnUsage>
</ind_PK_UK>
</indexes>
</Table>