<?xml version = '1.0' encoding = 'UTF-8'?>
<Table class="oracle.dbtools.crest.model.design.relational.Table" directorySegmentName="seg_0" id="6FE085D8-5D5C-78DE-47B6-1733EB8D88F5" name="Namena_radnika">
<createdBy>Matija</createdBy>
<createdTime>2024-10-29 15:44:57 UTC</createdTime>
<ownerDesignName>Fizicki_model__12</ownerDesignName>
<ordsAlias>table_37</ordsAlias>
<allowColumnReorder>false</allowColumnReorder>
<existDependencyGenerateInDDl>true</existDependencyGenerateInDDl>
<parsed>true</parsed>
<columns itemClass="oracle.dbtools.crest.model.design.relational.Column">
<Column name="namena_radnika_id" id="9ECA186E-0088-949C-4F50-6F356E56EB41">
<createdBy>Matija</createdBy>
<createdTime>2024-10-29 15:47:49 UTC</createdTime>
<ownerDesignName>Fizicki_model__12</ownerDesignName>
<useDomainConstraints>false</useDomainConstraints>
<use>1</use>
<logicalDatatype>LOGDT011</logicalDatatype>
<ownDataTypeParameters>,,</ownDataTypeParameters>
<autoIncrementCycle>false</autoIncrementCycle>
</Column>
<Column name="namena_id" id="7BD96912-5CCA-B293-AC12-02D76EA21C7B">
<createdBy>Matija</createdBy>
<createdTime>2024-10-29 15:47:49 UTC</createdTime>
<ownerDesignName>Fizicki_model__12</ownerDesignName>
<useDomainConstraints>false</useDomainConstraints>
<use>1</use>
<logicalDatatype>LOGDT011</logicalDatatype>
<ownDataTypeParameters>,,</ownDataTypeParameters>
<autoIncrementCycle>false</autoIncrementCycle>
<associations>
<colAssociation fkAssociation="9A9F9FEB-714A-6BCC-9E00-EB2918FDFE07" referredColumn="A51F6658-CCF6-6B9C-4BB2-A89DC4507290"/>
</associations>
</Column>
<Column name="radnik_id" id="F4300FF4-FB59-4FF4-850F-7EADCD579F5A">
<createdBy>Matija</createdBy>
<createdTime>2024-10-29 15:56:07 UTC</createdTime>
<ownerDesignName>Fizicki_model__12</ownerDesignName>
<useDomainConstraints>false</useDomainConstraints>
<use>1</use>
<logicalDatatype>LOGDT011</logicalDatatype>
<ownDataTypeParameters>,,</ownDataTypeParameters>
<autoIncrementCycle>false</autoIncrementCycle>
</Column>
<Column name="Radnik_radnik_id" id="3F21DCFB-ECDA-7EC3-5FF2-8A3C233DDEAC">
<createdBy>helena</createdBy>
<createdTime>2024-11-25 16:20:25 UTC</createdTime>
<ownerDesignName>Fizicki_model__12</ownerDesignName>
<useDomainConstraints>false</useDomainConstraints>
<use>1</use>
<logicalDatatype>LOGDT011</logicalDatatype>
<ownDataTypeParameters>,,</ownDataTypeParameters>
<previousColumn>false</previousColumn>
<autoIncrementCycle>false</autoIncrementCycle>
<associations>
<colAssociation fkAssociation="A177313A-CD58-3A28-F419-A2411B3B1251" referredColumn="DA34086A-298E-EA7A-EA52-8B0541D8708A"/>
</associations>
</Column>
</columns>
<indexes itemClass="oracle.dbtools.crest.model.design.relational.Index">
<ind_PK_UK id="DD862D18-6345-C2FD-DFD4-28F655CA4EA2" name="Namena_radnika_PK">
<createdBy>Matija</createdBy>
<createdTime>2024-10-29 15:56:07 UTC</createdTime>
<ownerDesignName>Fizicki_model__12</ownerDesignName>
<pk>true</pk>
<indexState>Primary Constraint</indexState>
<isSurrogateKey>false</isSurrogateKey>
<indexColumnUsage>
<colUsage columnID="9ECA186E-0088-949C-4F50-6F356E56EB41"/>
</indexColumnUsage>
</ind_PK_UK>
<ind_PK_UK id="58C54276-A5B2-0163-CF9A-33D7C43D4920" name="Namena_radnika__IDX">
<createdBy>Matija</createdBy>
<createdTime>2024-10-29 15:56:07 UTC</createdTime>
<ownerDesignName>Fizicki_model__12</ownerDesignName>
<isSurrogateKey>false</isSurrogateKey>
<indexColumnUsage>
<colUsage columnID="7BD96912-5CCA-B293-AC12-02D76EA21C7B"/>
<colUsage columnID="F4300FF4-FB59-4FF4-850F-7EADCD579F5A"/>
</indexColumnUsage>
</ind_PK_UK>
<ind_PK_UK id="80BB1413-B69E-3A2C-5DD4-668D33AC091F" name="Namena_radnika_Namena_FK">
<createdBy>Matija</createdBy>
<createdTime>2024-10-29 15:56:58 UTC</createdTime>
<ownerDesignName>Fizicki_model__12</ownerDesignName>
<indexState>Foreign Key</indexState>
<isSurrogateKey>false</isSurrogateKey>
<indexColumnUsage>
<colUsage columnID="7BD96912-5CCA-B293-AC12-02D76EA21C7B"/>
</indexColumnUsage>
</ind_PK_UK>
<ind_PK_UK id="2238DFAE-577D-5FD3-3DE1-11D3479CD537" name="Namena_radnika_Radnik_FK">
<createdBy>Matija</createdBy>
<createdTime>2024-10-29 15:56:58 UTC</createdTime>
<ownerDesignName>Fizicki_model__12</ownerDesignName>
<indexState>Foreign Key</indexState>
<isSurrogateKey>false</isSurrogateKey>
<indexColumnUsage>
<colUsage columnID="3F21DCFB-ECDA-7EC3-5FF2-8A3C233DDEAC"/>
</indexColumnUsage>
</ind_PK_UK>
</indexes>
</Table>