<?xml version = '1.0' encoding = 'UTF-8'?>
<Table class="oracle.dbtools.crest.model.design.relational.Table" directorySegmentName="seg_0" id="74AD0812-A9D6-CBD5-E161-B572D1DAEEDD" name="Banka_strana">
<createdBy>helena</createdBy>
<createdTime>2024-11-25 17:50:00 UTC</createdTime>
<ownerDesignName>Fizicki_model__12</ownerDesignName>
<ordsAlias>table_46</ordsAlias>
<allowColumnReorder>false</allowColumnReorder>
<existDependencyGenerateInDDl>true</existDependencyGenerateInDDl>
<parsed>true</parsed>
<columns itemClass="oracle.dbtools.crest.model.design.relational.Column">
<Column name="banka_strana_id" id="F3CF1120-E76E-E760-D0F4-C2F797110149">
<createdBy>helena</createdBy>
<createdTime>2024-11-25 17:50:41 UTC</createdTime>
<ownerDesignName>Fizicki_model__12</ownerDesignName>
<useDomainConstraints>false</useDomainConstraints>
<use>1</use>
<logicalDatatype>LOGDT011</logicalDatatype>
<ownDataTypeParameters>,,</ownDataTypeParameters>
<autoIncrementCycle>false</autoIncrementCycle>
</Column>
</columns>
<indexes itemClass="oracle.dbtools.crest.model.design.relational.Index">
<ind_PK_UK id="EDC173A0-0804-280D-B3E5-2C5C1943C773" name="Banka_strana_PK">
<createdBy>helena</createdBy>
<createdTime>2024-11-25 17:52:47 UTC</createdTime>
<ownerDesignName>Fizicki_model__12</ownerDesignName>
<pk>true</pk>
<indexState>Primary Constraint</indexState>
<isSurrogateKey>false</isSurrogateKey>
<indexColumnUsage>
<colUsage columnID="F3CF1120-E76E-E760-D0F4-C2F797110149"/>
</indexColumnUsage>
</ind_PK_UK>
</indexes>
</Table>