<?xml version = '1.0' encoding = 'UTF-8'?>
<Table class="oracle.dbtools.crest.model.design.relational.Table" directorySegmentName="seg_0" id="775733C9-3013-8182-9BBE-0FDC62EA0C8B" name="Racun_banka">
<createdBy>Matija</createdBy>
<createdTime>2024-12-05 19:42:24 UTC</createdTime>
<ownerDesignName>Fizicki_model__12</ownerDesignName>
<ordsAlias>table_71</ordsAlias>
<allowColumnReorder>false</allowColumnReorder>
<existDependencyGenerateInDDl>true</existDependencyGenerateInDDl>
<parsed>true</parsed>
<columns itemClass="oracle.dbtools.crest.model.design.relational.Column">
<Column name="racun_banka_id" id="BA70C08B-841B-8200-9ABD-6FB36D78B009">
<createdBy>Matija</createdBy>
<createdTime>2024-12-05 19:43:31 UTC</createdTime>
<ownerDesignName>Fizicki_model__12</ownerDesignName>
<useDomainConstraints>false</useDomainConstraints>
<use>1</use>
<logicalDatatype>LOGDT011</logicalDatatype>
<ownDataTypeParameters>,,</ownDataTypeParameters>
<autoIncrementCycle>false</autoIncrementCycle>
</Column>
<Column name="stanje_racuna" id="791F8849-393A-E66F-F11F-F05971C53E9C">
<createdBy>Matija</createdBy>
<createdTime>2024-12-05 19:43:31 UTC</createdTime>
<ownerDesignName>Fizicki_model__12</ownerDesignName>
<useDomainConstraints>false</useDomainConstraints>
<use>1</use>
<logicalDatatype>LOGDT019</logicalDatatype>
<ownDataTypeParameters>,,</ownDataTypeParameters>
<autoIncrementCycle>false</autoIncrementCycle>
</Column>
<Column name="namena_racuna" id="6D282957-790F-50A2-DBEC-4EFF1945578D">
<createdBy>Matija</createdBy>
<createdTime>2024-12-05 19:46:05 UTC</createdTime>
<ownerDesignName>Fizicki_model__12</ownerDesignName>
<useDomainConstraints>false</useDomainConstraints>
<use>1</use>
<logicalDatatype>LOGDT024</logicalDatatype>
<dataTypeSize>100</dataTypeSize>
<ownDataTypeParameters>100,,</ownDataTypeParameters>
<autoIncrementCycle>false</autoIncrementCycle>
</Column>
</columns>
<indexes itemClass="oracle.dbtools.crest.model.design.relational.Index">
<ind_PK_UK id="DC367773-AA3E-B25F-2D4B-F0DC801D900E" name="Racun_banka_PK">
<createdBy>Matija</createdBy>
<createdTime>2024-12-05 19:43:31 UTC</createdTime>
<ownerDesignName>Fizicki_model__12</ownerDesignName>
<pk>true</pk>
<indexState>Primary Constraint</indexState>
<isSurrogateKey>false</isSurrogateKey>
<indexColumnUsage>
<colUsage columnID="BA70C08B-841B-8200-9ABD-6FB36D78B009"/>
</indexColumnUsage>
</ind_PK_UK>
</indexes>
</Table>