<?xml version = '1.0' encoding = 'UTF-8'?>
<Table class="oracle.dbtools.crest.model.design.relational.Table" directorySegmentName="seg_0" id="78F4C191-6110-451B-766D-8CEF6F4A947C" name="Klijent">
<createdBy>helena</createdBy>
<createdTime>2024-10-06 14:07:13 UTC</createdTime>
<ownerDesignName>Fizicki_model__12</ownerDesignName>
<ordsAlias>table_16</ordsAlias>
<allowColumnReorder>false</allowColumnReorder>
<existDependencyGenerateInDDl>true</existDependencyGenerateInDDl>
<parsed>true</parsed>
<columns itemClass="oracle.dbtools.crest.model.design.relational.Column">
<Column name="klijent_id" id="9112CFF5-5FC3-D177-8533-B2D7E3AC3936">
<createdBy>Master</createdBy>
<createdTime>2024-10-16 16:20:09 UTC</createdTime>
<ownerDesignName>Fizicki_model__12</ownerDesignName>
<useDomainConstraints>false</useDomainConstraints>
<use>1</use>
<logicalDatatype>LOGDT011</logicalDatatype>
<ownDataTypeParameters>,,</ownDataTypeParameters>
<autoIncrementCycle>false</autoIncrementCycle>
</Column>
<Column name="ime" id="A97E3306-C450-1A40-A8B0-5B628DD8DB28">
<createdBy>helena</createdBy>
<createdTime>2024-11-25 16:22:26 UTC</createdTime>
<ownerDesignName>Fizicki_model__12</ownerDesignName>
<useDomainConstraints>false</useDomainConstraints>
<use>1</use>
<logicalDatatype>LOGDT024</logicalDatatype>
<dataTypeSize>30</dataTypeSize>
<ownDataTypeParameters>30,,</ownDataTypeParameters>
<autoIncrementCycle>false</autoIncrementCycle>
</Column>
<Column name="prezime" id="FE82677C-CE53-FD7C-FBDA-7170B1D673E5">
<createdBy>helena</createdBy>
<createdTime>2024-11-25 16:22:26 UTC</createdTime>
<ownerDesignName>Fizicki_model__12</ownerDesignName>
<useDomainConstraints>false</useDomainConstraints>
<use>1</use>
<logicalDatatype>LOGDT024</logicalDatatype>
<dataTypeSize>30</dataTypeSize>
<ownDataTypeParameters>30,,</ownDataTypeParameters>
<autoIncrementCycle>false</autoIncrementCycle>
</Column>
<Column name="jmbg" id="966B68AD-C905-0EF8-9B44-1F85226F9E1F">
<createdBy>helena</createdBy>
<createdTime>2024-11-25 16:22:26 UTC</createdTime>
<ownerDesignName>Fizicki_model__12</ownerDesignName>
<useDomainConstraints>false</useDomainConstraints>
<use>1</use>
<logicalDatatype>LOGDT011</logicalDatatype>
<ownDataTypeParameters>,,</ownDataTypeParameters>
<autoIncrementCycle>false</autoIncrementCycle>
</Column>
<Column name="datum_rodjenja" id="2E7CB523-431C-B9A7-9040-36F4ED4CADD5">
<createdBy>helena</createdBy>
<createdTime>2024-11-25 16:22:26 UTC</createdTime>
<ownerDesignName>Fizicki_model__12</ownerDesignName>
<useDomainConstraints>false</useDomainConstraints>
<use>1</use>
<logicalDatatype>LOGDT007</logicalDatatype>
<ownDataTypeParameters>,,</ownDataTypeParameters>
<autoIncrementCycle>false</autoIncrementCycle>
</Column>
<Column name="grad_id" id="CED52F02-8E32-0E0A-748C-77189E3E2752">
<createdBy>helena</createdBy>
<createdTime>2024-11-25 16:22:26 UTC</createdTime>
<ownerDesignName>Fizicki_model__12</ownerDesignName>
<useDomainConstraints>false</useDomainConstraints>
<use>1</use>
<logicalDatatype>LOGDT011</logicalDatatype>
<ownDataTypeParameters>,,</ownDataTypeParameters>
<autoIncrementCycle>false</autoIncrementCycle>
</Column>
<Column name="tip_zaposlenosti_id" id="08C4347A-9285-821C-FD6C-7F3F8AF451E2">
<createdBy>Matija</createdBy>
<createdTime>2024-11-28 17:29:44 UTC</createdTime>
<ownerDesignName>Fizicki_model__12</ownerDesignName>
<useDomainConstraints>false</useDomainConstraints>
<use>1</use>
<logicalDatatype>LOGDT011</logicalDatatype>
<ownDataTypeParameters>,,</ownDataTypeParameters>
<autoIncrementCycle>false</autoIncrementCycle>
<associations>
<colAssociation fkAssociation="0F44CB0B-9B26-156B-232F-719DB85D2FB5" referredColumn="523F3D4F-ECBD-FA41-916D-116238B2FEFF"/>
</associations>
</Column>
<Column name="broj_lica_koj_izdrzava" id="6545DE77-C536-C9F0-DA3F-B0AD6A9DEA75">
<createdBy>Matija</createdBy>
<createdTime>2024-11-28 17:42:44 UTC</createdTime>
<ownerDesignName>Fizicki_model__12</ownerDesignName>
<useDomainConstraints>false</useDomainConstraints>
<use>1</use>
<logicalDatatype>LOGDT019</logicalDatatype>
<ownDataTypeParameters>,,</ownDataTypeParameters>
<autoIncrementCycle>false</autoIncrementCycle>
</Column>
<Column name="datum_rodjenja_1" id="12A7561D-C1B9-4C83-B68B-1A9DA9DA600D">
<createdBy>Matija</createdBy>
<createdTime>2024-12-05 17:38:00 UTC</createdTime>
<ownerDesignName>Fizicki_model__12</ownerDesignName>
<useDomainConstraints>false</useDomainConstraints>
<use>1</use>
<logicalDatatype>LOGDT007</logicalDatatype>
<ownDataTypeParameters>,,</ownDataTypeParameters>
<autoIncrementCycle>false</autoIncrementCycle>
</Column>
</columns>
<indexes itemClass="oracle.dbtools.crest.model.design.relational.Index">
<ind_PK_UK id="E15F79CE-1328-6C14-3543-2EB4A8AB1508" name="Klijent_PK">
<createdBy>helena</createdBy>
<createdTime>2024-10-06 14:07:53 UTC</createdTime>
<ownerDesignName>Fizicki_model__12</ownerDesignName>
<pk>true</pk>
<indexState>Primary Constraint</indexState>
<isSurrogateKey>false</isSurrogateKey>
<indexColumnUsage>
<colUsage columnID="9112CFF5-5FC3-D177-8533-B2D7E3AC3936"/>
</indexColumnUsage>
</ind_PK_UK>
<ind_PK_UK id="A55CEC3A-26FE-C8EB-883B-3A97615318DB" name="Klijent_Tip_zaposlenosti_FK">
<createdBy>Matija</createdBy>
<createdTime>2024-11-28 17:34:43 UTC</createdTime>
<ownerDesignName>Fizicki_model__12</ownerDesignName>
<indexState>Foreign Key</indexState>
<isSurrogateKey>false</isSurrogateKey>
<indexColumnUsage>
<colUsage columnID="08C4347A-9285-821C-FD6C-7F3F8AF451E2"/>
</indexColumnUsage>
</ind_PK_UK>
</indexes>
</Table>