<?xml version = '1.0' encoding = 'UTF-8'?>
<Table class="oracle.dbtools.crest.model.design.relational.Table" directorySegmentName="seg_0" id="7A5DE316-10BD-17E7-F14E-26430A45C01F" name="Transakcije_banka">
<createdBy>Matija</createdBy>
<createdTime>2024-12-05 19:46:14 UTC</createdTime>
<ownerDesignName>Fizicki_model__12</ownerDesignName>
<ordsAlias>table_74</ordsAlias>
<allowColumnReorder>false</allowColumnReorder>
<existDependencyGenerateInDDl>true</existDependencyGenerateInDDl>
<parsed>true</parsed>
<columns itemClass="oracle.dbtools.crest.model.design.relational.Column">
<Column name="transakcije_banka_id" id="BE3460A7-CE5C-A45C-5BFC-ABCBBCB66FB8">
<createdBy>Matija</createdBy>
<createdTime>2024-12-05 19:46:50 UTC</createdTime>
<ownerDesignName>Fizicki_model__12</ownerDesignName>
<useDomainConstraints>false</useDomainConstraints>
<use>1</use>
<logicalDatatype>LOGDT011</logicalDatatype>
<ownDataTypeParameters>,,</ownDataTypeParameters>
<autoIncrementCycle>false</autoIncrementCycle>
</Column>
<Column name="tip_transakcije_banka_id" id="A7E236B4-7EB2-0FE3-D2C1-94EF634AD584">
<createdBy>Matija</createdBy>
<createdTime>2024-12-05 19:57:00 UTC</createdTime>
<ownerDesignName>Fizicki_model__12</ownerDesignName>
<useDomainConstraints>false</useDomainConstraints>
<use>1</use>
<logicalDatatype>LOGDT011</logicalDatatype>
<ownDataTypeParameters>,,</ownDataTypeParameters>
<autoIncrementCycle>false</autoIncrementCycle>
<associations>
<colAssociation fkAssociation="688A57CE-4829-40BF-C910-69E8AAEC57D2" referredColumn="A0452A77-E745-FA7B-3F01-F1C106CEDDC7"/>
</associations>
</Column>
<Column name="pirliv" id="1867A0F7-F0F0-2A55-3D26-8FF77DA9ADB6">
<createdBy>Matija</createdBy>
<createdTime>2024-12-05 20:18:08 UTC</createdTime>
<ownerDesignName>Fizicki_model__12</ownerDesignName>
<useDomainConstraints>false</useDomainConstraints>
<use>1</use>
<logicalDatatype>LOGDT006</logicalDatatype>
<dataTypeSize>1</dataTypeSize>
<ownDataTypeParameters>1,,</ownDataTypeParameters>
<autoIncrementCycle>false</autoIncrementCycle>
</Column>
<Column name="odliv" id="E544354F-1EC2-B372-96F1-858AA9EAE830">
<createdBy>Matija</createdBy>
<createdTime>2024-12-05 20:18:08 UTC</createdTime>
<ownerDesignName>Fizicki_model__12</ownerDesignName>
<useDomainConstraints>false</useDomainConstraints>
<use>1</use>
<logicalDatatype>LOGDT006</logicalDatatype>
<dataTypeSize>1</dataTypeSize>
<ownDataTypeParameters>1,,</ownDataTypeParameters>
<autoIncrementCycle>false</autoIncrementCycle>
</Column>
</columns>
<indexes itemClass="oracle.dbtools.crest.model.design.relational.Index">
<ind_PK_UK id="13C9C694-F957-FC7A-D227-D2503E8C3457" name="Transakcije_banka_PK">
<createdBy>Matija</createdBy>
<createdTime>2024-12-05 19:46:50 UTC</createdTime>
<ownerDesignName>Fizicki_model__12</ownerDesignName>
<pk>true</pk>
<indexState>Primary Constraint</indexState>
<isSurrogateKey>false</isSurrogateKey>
<indexColumnUsage>
<colUsage columnID="BE3460A7-CE5C-A45C-5BFC-ABCBBCB66FB8"/>
</indexColumnUsage>
</ind_PK_UK>
<ind_PK_UK id="58CD8B8A-E911-22CE-A66F-99DCDD088C6C" name="Transakcije_banka_Tip_transakcija_banke_FK">
<createdBy>Matija</createdBy>
<createdTime>2024-12-05 19:57:00 UTC</createdTime>
<ownerDesignName>Fizicki_model__12</ownerDesignName>
<indexState>Foreign Key</indexState>
<isSurrogateKey>false</isSurrogateKey>
<indexColumnUsage>
<colUsage columnID="A7E236B4-7EB2-0FE3-D2C1-94EF634AD584"/>
</indexColumnUsage>
</ind_PK_UK>
</indexes>
</Table>