<?xml version = '1.0' encoding = 'UTF-8'?>
<Table class="oracle.dbtools.crest.model.design.relational.Table" directorySegmentName="seg_0" id="823421AE-495E-8D92-0338-7A5363636D68" name="Eksterni_prenos">
<createdBy>Matija</createdBy>
<createdTime>2024-10-16 18:44:41 UTC</createdTime>
<ownerDesignName>Fizicki_model__12</ownerDesignName>
<ordsAlias>table_31</ordsAlias>
<allowColumnReorder>false</allowColumnReorder>
<existDependencyGenerateInDDl>true</existDependencyGenerateInDDl>
<parsed>true</parsed>
<columns itemClass="oracle.dbtools.crest.model.design.relational.Column">
<Column name="iznos" id="5DFD44B7-1E2F-1B95-96CC-BD9C3D24F286">
<createdBy>Matija</createdBy>
<createdTime>2024-10-16 18:59:14 UTC</createdTime>
<ownerDesignName>Fizicki_model__12</ownerDesignName>
<useDomainConstraints>false</useDomainConstraints>
<use>1</use>
<logicalDatatype>LOGDT011</logicalDatatype>
<ownDataTypeParameters>,,</ownDataTypeParameters>
<autoIncrementCycle>false</autoIncrementCycle>
</Column>
<Column name="racun_id_nas" id="2786B747-310A-EE78-8F76-83518053DEFF">
<createdBy>helena</createdBy>
<createdTime>2024-11-25 17:29:37 UTC</createdTime>
<ownerDesignName>Fizicki_model__12</ownerDesignName>
<useDomainConstraints>false</useDomainConstraints>
<use>1</use>
<logicalDatatype>LOGDT011</logicalDatatype>
<ownDataTypeParameters>,,</ownDataTypeParameters>
<autoIncrementCycle>false</autoIncrementCycle>
<associations>
<colAssociation fkAssociation="62054276-6341-E6FE-F9E4-28A29700DB9F" referredColumn="3C189C4F-18AA-6E30-181F-D3781BAAE7A1"/>
</associations>
</Column>
<Column name="racun_id_njihov" id="76537F5C-3F6B-E5DE-0FC3-734E8025760A">
<createdBy>helena</createdBy>
<createdTime>2024-11-25 17:31:54 UTC</createdTime>
<ownerDesignName>Fizicki_model__12</ownerDesignName>
<useDomainConstraints>false</useDomainConstraints>
<use>1</use>
<logicalDatatype>LOGDT011</logicalDatatype>
<ownDataTypeParameters>,,</ownDataTypeParameters>
<autoIncrementCycle>false</autoIncrementCycle>
<associations>
<colAssociation fkAssociation="237D6351-F29B-6392-860A-F8B916B54A1C" referredColumn="4EA01287-EB88-226F-D111-3D25F3F3D350"/>
</associations>
</Column>
<Column name="transakcija_id" id="0B2B8F2C-85C1-A7BD-AC52-A6FB3E3EEF0D">
<createdBy>Matija</createdBy>
<createdTime>2024-12-05 17:39:34 UTC</createdTime>
<ownerDesignName>Fizicki_model__12</ownerDesignName>
<useDomainConstraints>false</useDomainConstraints>
<use>1</use>
<logicalDatatype>LOGDT011</logicalDatatype>
<ownDataTypeParameters>,,</ownDataTypeParameters>
<autoIncrementCycle>false</autoIncrementCycle>
<associations>
<colAssociation fkAssociation="58914520-ABC2-319E-347A-F10D5327EC57" referredColumn="BE21734C-7FE2-9706-6464-923924C900E4"/>
</associations>
</Column>
</columns>
<indexes itemClass="oracle.dbtools.crest.model.design.relational.Index">
<ind_PK_UK id="825872BD-EF3C-3A86-F087-3B17C846E55A" name="Prihod_PK">
<createdBy>Matija</createdBy>
<createdTime>2024-10-16 18:59:14 UTC</createdTime>
<ownerDesignName>Fizicki_model__12</ownerDesignName>
<pk>true</pk>
<indexState>Primary Constraint</indexState>
<isSurrogateKey>false</isSurrogateKey>
<indexColumnUsage>
<colUsage columnID="0B2B8F2C-85C1-A7BD-AC52-A6FB3E3EEF0D"/>
</indexColumnUsage>
</ind_PK_UK>
<ind_PK_UK id="86BDB310-466B-5231-C88A-4A8163713561" name="Eksterna_Racun_FK">
<createdBy>helena</createdBy>
<createdTime>2024-11-25 17:29:37 UTC</createdTime>
<ownerDesignName>Fizicki_model__12</ownerDesignName>
<indexState>Foreign Key</indexState>
<isSurrogateKey>false</isSurrogateKey>
<indexColumnUsage>
<colUsage columnID="2786B747-310A-EE78-8F76-83518053DEFF"/>
</indexColumnUsage>
</ind_PK_UK>
<ind_PK_UK id="665817CC-6829-1BE0-B82F-D2A2FFF12BDC" name="Eksterna_banka_Racun_strani_FK">
<createdBy>helena</createdBy>
<createdTime>2024-11-25 17:54:02 UTC</createdTime>
<ownerDesignName>Fizicki_model__12</ownerDesignName>
<indexState>Foreign Key</indexState>
<isSurrogateKey>false</isSurrogateKey>
<indexColumnUsage>
<colUsage columnID="76537F5C-3F6B-E5DE-0FC3-734E8025760A"/>
</indexColumnUsage>
</ind_PK_UK>
<ind_PK_UK id="68078ACC-A6B8-07D0-AB47-2B2DF7EA62F5" name="Eksterna_banka_Transakcija_FK">
<createdBy>Matija</createdBy>
<createdTime>2024-12-05 17:41:53 UTC</createdTime>
<ownerDesignName>Fizicki_model__12</ownerDesignName>
<indexState>Foreign Key</indexState>
<isSurrogateKey>false</isSurrogateKey>
<indexColumnUsage>
<colUsage columnID="0B2B8F2C-85C1-A7BD-AC52-A6FB3E3EEF0D"/>
</indexColumnUsage>
</ind_PK_UK>
</indexes>
</Table>