<?xml version = '1.0' encoding = 'UTF-8'?>
<Table class="oracle.dbtools.crest.model.design.relational.Table" directorySegmentName="seg_0" id="842C932C-0B57-ADE0-88A2-C7FAF58A8D21" name="Sef">
<createdBy>helena</createdBy>
<createdTime>2024-10-06 15:33:43 UTC</createdTime>
<ownerDesignName>Fizicki_model__12</ownerDesignName>
<ordsAlias>table_29</ordsAlias>
<allowColumnReorder>false</allowColumnReorder>
<existDependencyGenerateInDDl>true</existDependencyGenerateInDDl>
<parsed>true</parsed>
<columns itemClass="oracle.dbtools.crest.model.design.relational.Column">
<Column name="sef_id" id="8C8A11CA-B3AE-EA5F-5E80-BA545D686C1B">
<createdBy>helena</createdBy>
<createdTime>2024-10-06 15:34:23 UTC</createdTime>
<ownerDesignName>Fizicki_model__12</ownerDesignName>
<useDomainConstraints>false</useDomainConstraints>
<use>1</use>
<logicalDatatype>LOGDT011</logicalDatatype>
<ownDataTypeParameters>,,</ownDataTypeParameters>
<autoIncrementCycle>false</autoIncrementCycle>
</Column>
<Column name="velicina" id="460569F9-E4E0-80B4-572E-36CA53F9F619">
<createdBy>helena</createdBy>
<createdTime>2024-10-06 15:34:23 UTC</createdTime>
<ownerDesignName>Fizicki_model__12</ownerDesignName>
<useDomainConstraints>false</useDomainConstraints>
<use>1</use>
<logicalDatatype>LOGDT011</logicalDatatype>
<ownDataTypeParameters>,,</ownDataTypeParameters>
<autoIncrementCycle>false</autoIncrementCycle>
</Column>
</columns>
<indexes itemClass="oracle.dbtools.crest.model.design.relational.Index">
<ind_PK_UK id="0F979118-B135-BD5D-22D7-F9D65C152AD5" name="Sef_PK">
<createdBy>helena</createdBy>
<createdTime>2024-10-06 15:34:23 UTC</createdTime>
<ownerDesignName>Fizicki_model__12</ownerDesignName>
<pk>true</pk>
<indexState>Primary Constraint</indexState>
<isSurrogateKey>false</isSurrogateKey>
<indexColumnUsage>
<colUsage columnID="8C8A11CA-B3AE-EA5F-5E80-BA545D686C1B"/>
</indexColumnUsage>
</ind_PK_UK>
</indexes>
</Table>