<?xml version = '1.0' encoding = 'UTF-8'?>
<Table class="oracle.dbtools.crest.model.design.relational.Table" directorySegmentName="seg_0" id="84DB49E7-12FF-7387-908F-4117D7BD5B68" name="Tip_fond">
<createdBy>helena</createdBy>
<createdTime>2024-10-06 15:16:53 UTC</createdTime>
<ownerDesignName>Fizicki_model__12</ownerDesignName>
<ordsAlias>table_26</ordsAlias>
<allowColumnReorder>false</allowColumnReorder>
<existDependencyGenerateInDDl>true</existDependencyGenerateInDDl>
<parsed>true</parsed>
<columns itemClass="oracle.dbtools.crest.model.design.relational.Column">
<Column name="tip_fond_id" id="7BA7CCBC-1972-4FBA-ADF0-EE7482F9E89A">
<createdBy>helena</createdBy>
<createdTime>2024-10-06 15:17:23 UTC</createdTime>
<ownerDesignName>Fizicki_model__12</ownerDesignName>
<useDomainConstraints>false</useDomainConstraints>
<use>1</use>
<logicalDatatype>LOGDT011</logicalDatatype>
<ownDataTypeParameters>,,</ownDataTypeParameters>
<autoIncrementCycle>false</autoIncrementCycle>
</Column>
<Column name="naziv" id="21DF1544-277B-2005-BAFA-4AF5612FE594">
<createdBy>helena</createdBy>
<createdTime>2024-10-06 18:53:20 UTC</createdTime>
<ownerDesignName>Fizicki_model__12</ownerDesignName>
<useDomainConstraints>false</useDomainConstraints>
<use>1</use>
<logicalDatatype>LOGDT024</logicalDatatype>
<dataTypeSize>30</dataTypeSize>
<ownDataTypeParameters>30,,</ownDataTypeParameters>
<autoIncrementCycle>false</autoIncrementCycle>
</Column>
</columns>
<indexes itemClass="oracle.dbtools.crest.model.design.relational.Index">
<ind_PK_UK id="C8610E33-AFE4-9EF0-3D99-48C92C655620" name="Tip_fond_PK">
<createdBy>helena</createdBy>
<createdTime>2024-10-06 15:17:23 UTC</createdTime>
<ownerDesignName>Fizicki_model__12</ownerDesignName>
<pk>true</pk>
<indexState>Primary Constraint</indexState>
<isSurrogateKey>false</isSurrogateKey>
<indexColumnUsage>
<colUsage columnID="7BA7CCBC-1972-4FBA-ADF0-EE7482F9E89A"/>
</indexColumnUsage>
</ind_PK_UK>
</indexes>
</Table>