<?xml version = '1.0' encoding = 'UTF-8'?>
<Table class="oracle.dbtools.crest.model.design.relational.Table" directorySegmentName="seg_0" id="97110504-B03F-41CA-DA5A-86F9948A9E94" name="Dodatna_primanja">
<createdBy>Matija</createdBy>
<createdTime>2024-11-28 17:36:38 UTC</createdTime>
<ownerDesignName>Fizicki_model__12</ownerDesignName>
<ordsAlias>table_54</ordsAlias>
<allowColumnReorder>false</allowColumnReorder>
<existDependencyGenerateInDDl>true</existDependencyGenerateInDDl>
<parsed>true</parsed>
<columns itemClass="oracle.dbtools.crest.model.design.relational.Column">
<Column name="dodatna_primanja_id" id="36C0C205-D63D-4229-FE6D-C78C1A76F349">
<createdBy>Matija</createdBy>
<createdTime>2024-11-28 17:38:41 UTC</createdTime>
<ownerDesignName>Fizicki_model__12</ownerDesignName>
<useDomainConstraints>false</useDomainConstraints>
<use>1</use>
<logicalDatatype>LOGDT011</logicalDatatype>
<ownDataTypeParameters>,,</ownDataTypeParameters>
<autoIncrementCycle>false</autoIncrementCycle>
</Column>
<Column name="klijent_id" id="35140BCF-A753-5452-7A97-1CAB8D86581E">
<createdBy>Matija</createdBy>
<createdTime>2024-11-28 17:38:41 UTC</createdTime>
<ownerDesignName>Fizicki_model__12</ownerDesignName>
<useDomainConstraints>false</useDomainConstraints>
<use>1</use>
<logicalDatatype>LOGDT011</logicalDatatype>
<ownDataTypeParameters>,,</ownDataTypeParameters>
<autoIncrementCycle>false</autoIncrementCycle>
<associations>
<colAssociation fkAssociation="1C947709-8CA5-DF4D-FD16-2ADFA3D9183F" referredColumn="9112CFF5-5FC3-D177-8533-B2D7E3AC3936"/>
</associations>
</Column>
<Column name="iznos" id="B5F27494-3854-022C-1D35-611950D1C2BB">
<createdBy>Matija</createdBy>
<createdTime>2024-11-28 17:38:41 UTC</createdTime>
<ownerDesignName>Fizicki_model__12</ownerDesignName>
<useDomainConstraints>false</useDomainConstraints>
<use>1</use>
<logicalDatatype>LOGDT019</logicalDatatype>
<ownDataTypeParameters>,,</ownDataTypeParameters>
<autoIncrementCycle>false</autoIncrementCycle>
</Column>
<Column name="tip_dodatnih_primanja" id="EDA30FEB-8B2E-2780-5D61-10D4060733CD">
<createdBy>Matija</createdBy>
<createdTime>2024-11-28 17:38:41 UTC</createdTime>
<ownerDesignName>Fizicki_model__12</ownerDesignName>
<useDomainConstraints>false</useDomainConstraints>
<use>1</use>
<logicalDatatype>LOGDT011</logicalDatatype>
<ownDataTypeParameters>,,</ownDataTypeParameters>
<autoIncrementCycle>false</autoIncrementCycle>
<associations>
<colAssociation fkAssociation="2A1308F9-44A2-72FD-C767-D678F2855461" referredColumn="F1174B43-A4B9-E54F-E292-552B60C94AE0"/>
</associations>
</Column>
</columns>
<indexes itemClass="oracle.dbtools.crest.model.design.relational.Index">
<ind_PK_UK id="4CDA358B-0D23-6D8E-3B04-7C6D4A87D1DA" name="Dodatna_primanja_PK">
<createdBy>Matija</createdBy>
<createdTime>2024-11-28 17:38:41 UTC</createdTime>
<ownerDesignName>Fizicki_model__12</ownerDesignName>
<pk>true</pk>
<indexState>Primary Constraint</indexState>
<isSurrogateKey>false</isSurrogateKey>
<indexColumnUsage>
<colUsage columnID="36C0C205-D63D-4229-FE6D-C78C1A76F349"/>
</indexColumnUsage>
</ind_PK_UK>
<ind_PK_UK id="3BED3052-1A77-8FD4-025E-23685ED8001F" name="Dodatna_primanja_Klijent_FK">
<createdBy>Matija</createdBy>
<createdTime>2024-11-28 17:41:55 UTC</createdTime>
<ownerDesignName>Fizicki_model__12</ownerDesignName>
<indexState>Foreign Key</indexState>
<isSurrogateKey>false</isSurrogateKey>
<indexColumnUsage>
<colUsage columnID="35140BCF-A753-5452-7A97-1CAB8D86581E"/>
</indexColumnUsage>
</ind_PK_UK>
<ind_PK_UK id="0517A4B4-BDE7-79BF-07C1-B564354F8906" name="Dodatna_primanja_Tip_dodatnih_primanja_FK">
<createdBy>Matija</createdBy>
<createdTime>2024-11-28 17:41:55 UTC</createdTime>
<ownerDesignName>Fizicki_model__12</ownerDesignName>
<indexState>Foreign Key</indexState>
<isSurrogateKey>false</isSurrogateKey>
<indexColumnUsage>
<colUsage columnID="EDA30FEB-8B2E-2780-5D61-10D4060733CD"/>
</indexColumnUsage>
</ind_PK_UK>
</indexes>
</Table>