<?xml version = '1.0' encoding = 'UTF-8'?>
<Table class="oracle.dbtools.crest.model.design.relational.Table" directorySegmentName="seg_0" id="A306EAB8-4C0A-66AA-19B7-442B8AF978DB" name="Zirant">
<createdBy>helena</createdBy>
<createdTime>2024-11-27 20:51:12 UTC</createdTime>
<ownerDesignName>Fizicki_model__12</ownerDesignName>
<ordsAlias>table_58</ordsAlias>
<allowColumnReorder>false</allowColumnReorder>
<existDependencyGenerateInDDl>true</existDependencyGenerateInDDl>
<parsed>true</parsed>
<columns itemClass="oracle.dbtools.crest.model.design.relational.Column">
<Column name="zirant_id" id="8094A205-A01D-4191-D665-30EF87D480E9">
<createdBy>helena</createdBy>
<createdTime>2024-11-27 20:51:37 UTC</createdTime>
<ownerDesignName>Fizicki_model__12</ownerDesignName>
<useDomainConstraints>false</useDomainConstraints>
<use>1</use>
<logicalDatatype>LOGDT011</logicalDatatype>
<ownDataTypeParameters>,,</ownDataTypeParameters>
<autoIncrementCycle>false</autoIncrementCycle>
</Column>
<Column name="ime" id="BBAD2561-86F0-8182-8137-FE27235F7F72">
<createdBy>helena</createdBy>
<createdTime>2024-11-27 20:53:23 UTC</createdTime>
<ownerDesignName>Fizicki_model__12</ownerDesignName>
<useDomainConstraints>false</useDomainConstraints>
<use>1</use>
<logicalDatatype>LOGDT024</logicalDatatype>
<dataTypeSize>30</dataTypeSize>
<ownDataTypeParameters>30,,</ownDataTypeParameters>
<autoIncrementCycle>false</autoIncrementCycle>
</Column>
<Column name="prezime" id="F428092E-3674-DF5B-17AC-4A8BA820DFF0">
<createdBy>helena</createdBy>
<createdTime>2024-11-27 20:53:23 UTC</createdTime>
<ownerDesignName>Fizicki_model__12</ownerDesignName>
<useDomainConstraints>false</useDomainConstraints>
<use>1</use>
<logicalDatatype>LOGDT024</logicalDatatype>
<dataTypeSize>30</dataTypeSize>
<ownDataTypeParameters>30,,</ownDataTypeParameters>
<autoIncrementCycle>false</autoIncrementCycle>
</Column>
<Column name="jmbg" id="C0B04CC7-E655-6922-49C6-3440EA5EFEE2">
<createdBy>helena</createdBy>
<createdTime>2024-11-27 20:53:23 UTC</createdTime>
<ownerDesignName>Fizicki_model__12</ownerDesignName>
<useDomainConstraints>false</useDomainConstraints>
<use>1</use>
<logicalDatatype>LOGDT011</logicalDatatype>
<ownDataTypeParameters>,,</ownDataTypeParameters>
<autoIncrementCycle>false</autoIncrementCycle>
</Column>
<Column name="datum_rodjenja" id="9E0074E2-25C3-8558-26E8-C7EF29FAB85E">
<createdBy>helena</createdBy>
<createdTime>2024-11-27 20:53:23 UTC</createdTime>
<ownerDesignName>Fizicki_model__12</ownerDesignName>
<useDomainConstraints>false</useDomainConstraints>
<use>1</use>
<logicalDatatype>LOGDT007</logicalDatatype>
<ownDataTypeParameters>,,</ownDataTypeParameters>
<autoIncrementCycle>false</autoIncrementCycle>
</Column>
<Column name="kredit_id" id="60FD10D8-1F30-674F-1111-274D54F11FD0">
<createdBy>Matija</createdBy>
<createdTime>2024-11-28 17:54:51 UTC</createdTime>
<ownerDesignName>Fizicki_model__12</ownerDesignName>
<useDomainConstraints>false</useDomainConstraints>
<use>1</use>
<logicalDatatype>LOGDT011</logicalDatatype>
<ownDataTypeParameters>,,</ownDataTypeParameters>
<autoIncrementCycle>false</autoIncrementCycle>
<associations>
<colAssociation fkAssociation="81199889-A260-9A0D-0482-67312ECFD6FC" referredColumn="B015D34D-592A-C08F-739A-9E1CB9171630"/>
</associations>
</Column>
<Column name="zaposlen" id="CE647C68-0948-77F5-474B-0B32559D67F4">
<createdBy>Matija</createdBy>
<createdTime>2024-12-05 21:11:07 UTC</createdTime>
<ownerDesignName>Fizicki_model__12</ownerDesignName>
<nullsAllowed>true</nullsAllowed>
<useDomainConstraints>false</useDomainConstraints>
<use>1</use>
<logicalDatatype>LOGDT006</logicalDatatype>
<dataTypeSize>1</dataTypeSize>
<ownDataTypeParameters>1,,</ownDataTypeParameters>
<autoIncrementCycle>false</autoIncrementCycle>
</Column>
</columns>
<indexes itemClass="oracle.dbtools.crest.model.design.relational.Index">
<ind_PK_UK id="8B8B82D0-BEFB-1A53-696E-37F28C33F251" name="Zirant_PK">
<createdBy>helena</createdBy>
<createdTime>2024-11-27 20:51:37 UTC</createdTime>
<ownerDesignName>Fizicki_model__12</ownerDesignName>
<pk>true</pk>
<indexState>Primary Constraint</indexState>
<isSurrogateKey>false</isSurrogateKey>
<indexColumnUsage>
<colUsage columnID="8094A205-A01D-4191-D665-30EF87D480E9"/>
</indexColumnUsage>
</ind_PK_UK>
<ind_PK_UK id="5AC75D30-4A00-D99E-2416-D7568FB02E1E" name="Zirant_Kredit_FK">
<createdBy>Matija</createdBy>
<createdTime>2024-11-28 17:55:16 UTC</createdTime>
<ownerDesignName>Fizicki_model__12</ownerDesignName>
<indexState>Foreign Key</indexState>
<isSurrogateKey>false</isSurrogateKey>
<indexColumnUsage>
<colUsage columnID="60FD10D8-1F30-674F-1111-274D54F11FD0"/>
</indexColumnUsage>
</ind_PK_UK>
</indexes>
</Table>