<?xml version = '1.0' encoding = 'UTF-8'?>
<Table class="oracle.dbtools.crest.model.design.relational.Table" directorySegmentName="seg_0" id="BC5B5346-2432-8383-4556-91E140B3AE3B" name="Plata_uslov">
<createdBy>Matija</createdBy>
<createdTime>2024-12-05 17:16:50 UTC</createdTime>
<ownerDesignName>Fizicki_model__12</ownerDesignName>
<ordsAlias>table_63</ordsAlias>
<allowColumnReorder>false</allowColumnReorder>
<existDependencyGenerateInDDl>true</existDependencyGenerateInDDl>
<parsed>true</parsed>
<columns itemClass="oracle.dbtools.crest.model.design.relational.Column">
<Column name="usov_id" id="132537DB-9EBF-3C29-215F-8B2607C29FE4">
<createdBy>Matija</createdBy>
<createdTime>2024-12-05 17:18:24 UTC</createdTime>
<ownerDesignName>Fizicki_model__12</ownerDesignName>
<useDomainConstraints>false</useDomainConstraints>
<use>1</use>
<logicalDatatype>LOGDT011</logicalDatatype>
<ownDataTypeParameters>,,</ownDataTypeParameters>
<autoIncrementCycle>false</autoIncrementCycle>
<associations>
<colAssociation fkAssociation="39FB875A-5933-C6A5-879A-C0884A5DC99E" referredColumn="E5C6E8F9-BB53-A1B3-3A90-35CF34AE53CB"/>
</associations>
</Column>
<Column name="min_plata" id="34896ABF-7541-FF70-A45B-6277452D8EF0">
<createdBy>Matija</createdBy>
<createdTime>2024-12-05 17:18:24 UTC</createdTime>
<ownerDesignName>Fizicki_model__12</ownerDesignName>
<useDomainConstraints>false</useDomainConstraints>
<use>1</use>
<logicalDatatype>LOGDT019</logicalDatatype>
<ownDataTypeParameters>,,</ownDataTypeParameters>
<autoIncrementCycle>false</autoIncrementCycle>
</Column>
</columns>
<indexes itemClass="oracle.dbtools.crest.model.design.relational.Index">
<ind_PK_UK id="A412BD84-3481-D563-0829-6C034379CB8B" name="Plata_uslov_PK">
<createdBy>Matija</createdBy>
<createdTime>2024-12-05 17:18:24 UTC</createdTime>
<ownerDesignName>Fizicki_model__12</ownerDesignName>
<pk>true</pk>
<indexState>Primary Constraint</indexState>
<isSurrogateKey>false</isSurrogateKey>
<indexColumnUsage>
<colUsage columnID="132537DB-9EBF-3C29-215F-8B2607C29FE4"/>
</indexColumnUsage>
</ind_PK_UK>
<ind_PK_UK id="B4AA7B6C-428A-F68B-D301-EF0960A58D13" name="TABLE_63_Uslovi_FK">
<createdBy>Matija</createdBy>
<createdTime>2024-12-05 17:18:24 UTC</createdTime>
<ownerDesignName>Fizicki_model__12</ownerDesignName>
<indexState>Foreign Key</indexState>
<isSurrogateKey>false</isSurrogateKey>
<indexColumnUsage>
<colUsage columnID="132537DB-9EBF-3C29-215F-8B2607C29FE4"/>
</indexColumnUsage>
</ind_PK_UK>
</indexes>
</Table>