<?xml version = '1.0' encoding = 'UTF-8'?>
<Table class="oracle.dbtools.crest.model.design.relational.Table" directorySegmentName="seg_0" id="C189FB41-7F34-E9DB-FC84-7629DBE76B2E" name="Bankomat">
<createdBy>Matija</createdBy>
<createdTime>2024-10-16 19:14:21 UTC</createdTime>
<ownerDesignName>Fizicki_model__12</ownerDesignName>
<ordsAlias>table_34</ordsAlias>
<allowColumnReorder>false</allowColumnReorder>
<existDependencyGenerateInDDl>true</existDependencyGenerateInDDl>
<parsed>true</parsed>
<columns itemClass="oracle.dbtools.crest.model.design.relational.Column">
<Column name="adresa" id="F9CA75A3-5B7D-9803-5DBA-72BAF59DE29B">
<createdBy>Matija</createdBy>
<createdTime>2024-10-16 19:18:14 UTC</createdTime>
<ownerDesignName>Fizicki_model__12</ownerDesignName>
<useDomainConstraints>false</useDomainConstraints>
<use>1</use>
<logicalDatatype>LOGDT024</logicalDatatype>
<dataTypeSize>60</dataTypeSize>
<ownDataTypeParameters>60,,</ownDataTypeParameters>
<autoIncrementCycle>false</autoIncrementCycle>
</Column>
<Column name="grad_id" id="55692D8C-8303-1CC9-6C7D-9295E146C4F1">
<createdBy>Matija</createdBy>
<createdTime>2024-10-16 19:28:07 UTC</createdTime>
<ownerDesignName>Fizicki_model__12</ownerDesignName>
<useDomainConstraints>false</useDomainConstraints>
<use>1</use>
<logicalDatatype>LOGDT011</logicalDatatype>
<ownDataTypeParameters>,,</ownDataTypeParameters>
<autoIncrementCycle>false</autoIncrementCycle>
<associations>
<colAssociation fkAssociation="C9D1FBD7-9DF5-B2FC-74A1-AFD883BDB00A" referredColumn="12A40850-6E82-F20C-79B4-2EBE0179A4D8"/>
</associations>
</Column>
<Column name="transakcija_id" id="7E5E6001-A9BE-8019-425A-8A8F5C44816E">
<createdBy>Master</createdBy>
<createdTime>2024-10-29 14:03:23 UTC</createdTime>
<ownerDesignName>Fizicki_model__12</ownerDesignName>
<useDomainConstraints>false</useDomainConstraints>
<use>1</use>
<logicalDatatype>LOGDT011</logicalDatatype>
<ownDataTypeParameters>,,</ownDataTypeParameters>
<autoIncrementCycle>false</autoIncrementCycle>
<associations>
<colAssociation fkAssociation="94457DA9-5B89-2137-626E-8AB79AA54A10" referredColumn="BE21734C-7FE2-9706-6464-923924C900E4"/>
</associations>
</Column>
<Column name="bankomat_id" id="E9E0601E-82F0-9C43-4AD2-3E757C3471A3">
<createdBy>Master</createdBy>
<createdTime>2024-10-29 14:06:20 UTC</createdTime>
<ownerDesignName>Fizicki_model__12</ownerDesignName>
<useDomainConstraints>false</useDomainConstraints>
<use>1</use>
<logicalDatatype>LOGDT011</logicalDatatype>
<ownDataTypeParameters>,,</ownDataTypeParameters>
<autoIncrementCycle>false</autoIncrementCycle>
</Column>
</columns>
<indexes itemClass="oracle.dbtools.crest.model.design.relational.Index">
<ind_PK_UK id="23F5ABE7-6D29-45DF-76BF-04CBC5F2F63B" name="Bankomat_PK">
<createdBy>Matija</createdBy>
<createdTime>2024-10-16 19:15:50 UTC</createdTime>
<ownerDesignName>Fizicki_model__12</ownerDesignName>
<pk>true</pk>
<indexState>Primary Constraint</indexState>
<isSurrogateKey>false</isSurrogateKey>
<indexColumnUsage>
<colUsage columnID="7E5E6001-A9BE-8019-425A-8A8F5C44816E"/>
</indexColumnUsage>
</ind_PK_UK>
<ind_PK_UK id="6F7564AE-6F1F-B80E-5B08-C9257418284F" name="Bankomat_Grad_FK">
<createdBy>Matija</createdBy>
<createdTime>2024-12-05 15:57:30 UTC</createdTime>
<ownerDesignName>Fizicki_model__12</ownerDesignName>
<indexState>Foreign Key</indexState>
<isSurrogateKey>false</isSurrogateKey>
<indexColumnUsage>
<colUsage columnID="55692D8C-8303-1CC9-6C7D-9295E146C4F1"/>
</indexColumnUsage>
</ind_PK_UK>
<ind_PK_UK id="537FB51C-C55C-4BA2-79B3-11BBB42F8C04" name="Bankomat_Transakcija_FK">
<createdBy>Matija</createdBy>
<createdTime>2024-12-05 15:59:11 UTC</createdTime>
<ownerDesignName>Fizicki_model__12</ownerDesignName>
<indexState>Foreign Key</indexState>
<isSurrogateKey>false</isSurrogateKey>
<indexColumnUsage>
<colUsage columnID="7E5E6001-A9BE-8019-425A-8A8F5C44816E"/>
</indexColumnUsage>
</ind_PK_UK>
</indexes>
</Table>