<?xml version = '1.0' encoding = 'UTF-8'?>
<Table class="oracle.dbtools.crest.model.design.relational.Table" directorySegmentName="seg_0" id="C29C3AEE-A849-BAE5-A8F7-78A76405C60E" name="Salter">
<createdBy>Master</createdBy>
<createdTime>2024-10-29 14:03:29 UTC</createdTime>
<ownerDesignName>Fizicki_model__12</ownerDesignName>
<ordsAlias>table_32</ordsAlias>
<allowColumnReorder>false</allowColumnReorder>
<existDependencyGenerateInDDl>true</existDependencyGenerateInDDl>
<parsed>true</parsed>
<columns itemClass="oracle.dbtools.crest.model.design.relational.Column">
<Column name="transakcija_id" id="61DB32E2-7124-6128-967A-1B7C051C8F13">
<createdBy>Master</createdBy>
<createdTime>2024-10-29 14:05:01 UTC</createdTime>
<ownerDesignName>Fizicki_model__12</ownerDesignName>
<useDomainConstraints>false</useDomainConstraints>
<use>1</use>
<logicalDatatype>LOGDT011</logicalDatatype>
<ownDataTypeParameters>,,</ownDataTypeParameters>
<autoIncrementCycle>false</autoIncrementCycle>
<associations>
<colAssociation fkAssociation="965D7C2A-B2AB-90DB-0A9B-DCE98A557B3B" referredColumn="BE21734C-7FE2-9706-6464-923924C900E4"/>
</associations>
</Column>
<Column name="iznos" id="4A3F81C4-802C-C343-88BB-7D03933BB859">
<createdBy>Master</createdBy>
<createdTime>2024-10-29 14:05:01 UTC</createdTime>
<ownerDesignName>Fizicki_model__12</ownerDesignName>
<nullsAllowed>true</nullsAllowed>
<useDomainConstraints>false</useDomainConstraints>
<use>1</use>
<logicalDatatype>LOGDT011</logicalDatatype>
<ownDataTypeParameters>,,</ownDataTypeParameters>
<autoIncrementCycle>false</autoIncrementCycle>
</Column>
<Column name="ekspozitura_id" id="1640CD1F-7DDE-2891-81BC-AAF63BDB6A8B">
<createdBy>Master</createdBy>
<createdTime>2024-10-29 14:05:01 UTC</createdTime>
<ownerDesignName>Fizicki_model__12</ownerDesignName>
<useDomainConstraints>false</useDomainConstraints>
<use>1</use>
<logicalDatatype>LOGDT011</logicalDatatype>
<ownDataTypeParameters>,,</ownDataTypeParameters>
<autoIncrementCycle>false</autoIncrementCycle>
<associations>
<colAssociation fkAssociation="722AF8D4-9816-77D2-D75D-78342708BB9C" referredColumn="2A06F137-F0DF-1B98-D637-853CFC1D2F6A"/>
</associations>
</Column>
</columns>
<indexes itemClass="oracle.dbtools.crest.model.design.relational.Index">
<ind_PK_UK id="0963ADA9-3D07-C230-5B57-63FA4CF55D21" name="Salter_PK">
<createdBy>Master</createdBy>
<createdTime>2024-10-29 14:05:01 UTC</createdTime>
<ownerDesignName>Fizicki_model__12</ownerDesignName>
<pk>true</pk>
<indexState>Primary Constraint</indexState>
<isSurrogateKey>false</isSurrogateKey>
<indexColumnUsage>
<colUsage columnID="61DB32E2-7124-6128-967A-1B7C051C8F13"/>
</indexColumnUsage>
</ind_PK_UK>
<ind_PK_UK id="1845E727-F7E6-94E1-2D1E-5BFB07A63E3B" name="TABLE_32_Ekspozitura_FK">
<createdBy>Master</createdBy>
<createdTime>2024-10-29 14:05:01 UTC</createdTime>
<ownerDesignName>Fizicki_model__12</ownerDesignName>
<indexState>Foreign Key</indexState>
<isSurrogateKey>false</isSurrogateKey>
<indexColumnUsage>
<colUsage columnID="1640CD1F-7DDE-2891-81BC-AAF63BDB6A8B"/>
</indexColumnUsage>
</ind_PK_UK>
<ind_PK_UK id="0B496472-08C3-BC1D-324B-5511B70D6F16" name="Salter_Transakcija_FK">
<createdBy>Matija</createdBy>
<createdTime>2024-12-05 17:38:43 UTC</createdTime>
<ownerDesignName>Fizicki_model__12</ownerDesignName>
<indexState>Foreign Key</indexState>
<isSurrogateKey>false</isSurrogateKey>
<indexColumnUsage>
<colUsage columnID="61DB32E2-7124-6128-967A-1B7C051C8F13"/>
</indexColumnUsage>
</ind_PK_UK>
</indexes>
</Table>