<?xml version = '1.0' encoding = 'UTF-8'?>
<Table class="oracle.dbtools.crest.model.design.relational.Table" directorySegmentName="seg_0" id="C3CF5810-F985-6509-D695-F19E32E857B0" name="Nadredjeni">
<createdBy>Matija</createdBy>
<createdTime>2024-10-29 16:22:09 UTC</createdTime>
<ownerDesignName>Fizicki_model__12</ownerDesignName>
<ordsAlias>table_42</ordsAlias>
<allowColumnReorder>false</allowColumnReorder>
<existDependencyGenerateInDDl>true</existDependencyGenerateInDDl>
<parsed>true</parsed>
<columns itemClass="oracle.dbtools.crest.model.design.relational.Column">
<Column name="osoba_id" id="7A9532CB-D3B4-421A-2BD7-442D785D6D7B">
<createdBy>Matija</createdBy>
<createdTime>2024-10-29 16:22:46 UTC</createdTime>
<ownerDesignName>Fizicki_model__12</ownerDesignName>
<useDomainConstraints>false</useDomainConstraints>
<use>1</use>
<logicalDatatype>LOGDT011</logicalDatatype>
<ownDataTypeParameters>,,</ownDataTypeParameters>
<autoIncrementCycle>false</autoIncrementCycle>
</Column>
<Column name="Radnik_radnik_id" id="2CC320AE-BC7D-0925-9C8B-6B1DB172EAFD">
<createdBy>helena</createdBy>
<createdTime>2024-11-25 16:20:25 UTC</createdTime>
<ownerDesignName>Fizicki_model__12</ownerDesignName>
<useDomainConstraints>false</useDomainConstraints>
<use>1</use>
<logicalDatatype>LOGDT011</logicalDatatype>
<ownDataTypeParameters>,,</ownDataTypeParameters>
<previousColumn>false</previousColumn>
<autoIncrementCycle>false</autoIncrementCycle>
<associations>
<colAssociation fkAssociation="CF57E8FC-0018-C8E8-3851-17C1364FDE5A" referredColumn="DA34086A-298E-EA7A-EA52-8B0541D8708A"/>
</associations>
</Column>
</columns>
<indexes itemClass="oracle.dbtools.crest.model.design.relational.Index">
<ind_PK_UK id="CDA9189B-8C58-24C6-F2C1-BFAAB9623D4D" name="Nadredjeni_PK">
<createdBy>Matija</createdBy>
<createdTime>2024-10-29 16:22:46 UTC</createdTime>
<ownerDesignName>Fizicki_model__12</ownerDesignName>
<pk>true</pk>
<indexState>Primary Constraint</indexState>
<isSurrogateKey>false</isSurrogateKey>
<indexColumnUsage>
<colUsage columnID="7A9532CB-D3B4-421A-2BD7-442D785D6D7B"/>
</indexColumnUsage>
</ind_PK_UK>
<ind_PK_UK id="106C6FB7-326A-5D4A-8980-A9904663C59C" name="TABLE_42_Radnik_FK">
<createdBy>Matija</createdBy>
<createdTime>2024-10-29 16:22:46 UTC</createdTime>
<ownerDesignName>Fizicki_model__12</ownerDesignName>
<indexState>Foreign Key</indexState>
<isSurrogateKey>false</isSurrogateKey>
<indexColumnUsage>
<colUsage columnID="2CC320AE-BC7D-0925-9C8B-6B1DB172EAFD"/>
</indexColumnUsage>
</ind_PK_UK>
</indexes>
</Table>