<?xml version = '1.0' encoding = 'UTF-8'?>
<Table class="oracle.dbtools.crest.model.design.relational.Table" directorySegmentName="seg_0" id="CAA35CD1-BF5E-8C65-F4F5-4733FE986DF9" name="Paket_kredita">
<createdBy>Matija</createdBy>
<createdTime>2024-12-05 18:07:38 UTC</createdTime>
<ownerDesignName>Fizicki_model__12</ownerDesignName>
<ordsAlias>table_68</ordsAlias>
<allowColumnReorder>false</allowColumnReorder>
<existDependencyGenerateInDDl>true</existDependencyGenerateInDDl>
<parsed>true</parsed>
<columns itemClass="oracle.dbtools.crest.model.design.relational.Column">
<Column name="paket_kredita_id" id="09928F67-4A47-817F-5E7F-5BAADBE9F764">
<createdBy>Matija</createdBy>
<createdTime>2024-12-05 18:08:56 UTC</createdTime>
<ownerDesignName>Fizicki_model__12</ownerDesignName>
<useDomainConstraints>false</useDomainConstraints>
<use>1</use>
<logicalDatatype>LOGDT011</logicalDatatype>
<ownDataTypeParameters>,,</ownDataTypeParameters>
<autoIncrementCycle>false</autoIncrementCycle>
</Column>
<Column name="tip_kredita_id" id="87DA98B1-B195-637D-B2A3-AB932BB3A522">
<createdBy>Matija</createdBy>
<createdTime>2024-12-05 18:08:56 UTC</createdTime>
<ownerDesignName>Fizicki_model__12</ownerDesignName>
<useDomainConstraints>false</useDomainConstraints>
<use>1</use>
<logicalDatatype>LOGDT011</logicalDatatype>
<ownDataTypeParameters>,,</ownDataTypeParameters>
<autoIncrementCycle>false</autoIncrementCycle>
<associations>
<colAssociation fkAssociation="4431C9A7-019A-EB3D-E747-71390875A4A5" referredColumn="F8AFEFD6-29B7-DE08-D8AD-C25679348979"/>
</associations>
</Column>
<Column name="valuta_id" id="E6323582-2BE2-B716-E14C-CF63CB548481">
<createdBy>Matija</createdBy>
<createdTime>2024-12-05 18:08:56 UTC</createdTime>
<ownerDesignName>Fizicki_model__12</ownerDesignName>
<useDomainConstraints>false</useDomainConstraints>
<use>1</use>
<logicalDatatype>LOGDT011</logicalDatatype>
<ownDataTypeParameters>,,</ownDataTypeParameters>
<autoIncrementCycle>false</autoIncrementCycle>
<associations>
<colAssociation fkAssociation="0492757B-93FE-D1D6-1FCD-DF66F7ADE277" referredColumn="947C21CD-7F7C-9DDE-AF3A-E94B88FCBB69"/>
</associations>
</Column>
<Column name="datum_odobrenja" id="592F991D-9365-260A-2302-E4D2F84910F6">
<createdBy>Matija</createdBy>
<createdTime>2024-12-05 18:08:56 UTC</createdTime>
<ownerDesignName>Fizicki_model__12</ownerDesignName>
<useDomainConstraints>false</useDomainConstraints>
<use>1</use>
<logicalDatatype>LOGDT007</logicalDatatype>
<ownDataTypeParameters>,,</ownDataTypeParameters>
<autoIncrementCycle>false</autoIncrementCycle>
</Column>
<Column name="rok_otplate" id="A83BECBB-35CE-3372-02EA-1CCF23E25A6B">
<createdBy>Matija</createdBy>
<createdTime>2024-12-05 18:08:56 UTC</createdTime>
<ownerDesignName>Fizicki_model__12</ownerDesignName>
<useDomainConstraints>false</useDomainConstraints>
<use>1</use>
<logicalDatatype>LOGDT007</logicalDatatype>
<ownDataTypeParameters>,,</ownDataTypeParameters>
<autoIncrementCycle>false</autoIncrementCycle>
</Column>
<Column name="pocetni_iznos" id="2E510490-FBA8-0985-5865-989B239B11DF">
<createdBy>Matija</createdBy>
<createdTime>2024-12-05 18:12:44 UTC</createdTime>
<ownerDesignName>Fizicki_model__12</ownerDesignName>
<useDomainConstraints>false</useDomainConstraints>
<use>1</use>
<logicalDatatype>LOGDT019</logicalDatatype>
<ownDataTypeParameters>,,</ownDataTypeParameters>
<autoIncrementCycle>false</autoIncrementCycle>
</Column>
<Column name="kreditna_stopa_procetni" id="0CA3D30C-4AC7-8611-51F3-B9098F2C9D5E">
<createdBy>Matija</createdBy>
<createdTime>2024-12-05 18:13:45 UTC</createdTime>
<ownerDesignName>Fizicki_model__12</ownerDesignName>
<useDomainConstraints>false</useDomainConstraints>
<use>1</use>
<logicalDatatype>LOGDT019</logicalDatatype>
<ownDataTypeParameters>,,</ownDataTypeParameters>
<autoIncrementCycle>false</autoIncrementCycle>
</Column>
<Column name="kampanja_id" id="1D15486F-8257-BAF3-482E-900F62CD7748">
<createdBy>Matija</createdBy>
<createdTime>2024-12-26 16:57:37 UTC</createdTime>
<ownerDesignName>Fizicki_model__12</ownerDesignName>
<nullsAllowed>true</nullsAllowed>
<useDomainConstraints>false</useDomainConstraints>
<use>1</use>
<logicalDatatype>LOGDT011</logicalDatatype>
<ownDataTypeParameters>,,</ownDataTypeParameters>
<autoIncrementCycle>false</autoIncrementCycle>
<associations>
<colAssociation fkAssociation="DC560D4B-09BC-2168-1E26-D0E5CB7E283D" referredColumn="52841DB6-04BB-AC09-0FCB-BBCDE0C1B538"/>
</associations>
</Column>
</columns>
<indexes itemClass="oracle.dbtools.crest.model.design.relational.Index">
<ind_PK_UK id="6AA56651-932E-51C2-D926-E66D2886BD50" name="Paket_kredita_PK">
<createdBy>Matija</createdBy>
<createdTime>2024-12-05 18:08:56 UTC</createdTime>
<ownerDesignName>Fizicki_model__12</ownerDesignName>
<pk>true</pk>
<indexState>Primary Constraint</indexState>
<isSurrogateKey>false</isSurrogateKey>
<indexColumnUsage>
<colUsage columnID="09928F67-4A47-817F-5E7F-5BAADBE9F764"/>
</indexColumnUsage>
</ind_PK_UK>
<ind_PK_UK id="F2349E7D-116C-B9C0-34DA-01296E4F268F" name="Paket_kredita_Tip_kredit_FK">
<createdBy>Matija</createdBy>
<createdTime>2024-12-05 18:09:55 UTC</createdTime>
<ownerDesignName>Fizicki_model__12</ownerDesignName>
<indexState>Foreign Key</indexState>
<isSurrogateKey>false</isSurrogateKey>
<indexColumnUsage>
<colUsage columnID="87DA98B1-B195-637D-B2A3-AB932BB3A522"/>
</indexColumnUsage>
</ind_PK_UK>
<ind_PK_UK id="2CE354C1-A3F3-369D-63A8-919A930A3D9C" name="Paket_kredita_Valuta_FK">
<createdBy>Matija</createdBy>
<createdTime>2024-12-05 18:11:40 UTC</createdTime>
<ownerDesignName>Fizicki_model__12</ownerDesignName>
<indexState>Foreign Key</indexState>
<isSurrogateKey>false</isSurrogateKey>
<indexColumnUsage>
<colUsage columnID="E6323582-2BE2-B716-E14C-CF63CB548481"/>
</indexColumnUsage>
</ind_PK_UK>
<ind_PK_UK id="788864B5-2231-A8C2-D7BE-C81F62B90AA7" name="Paket_kredita_Kampanja_FK">
<createdBy>Matija</createdBy>
<createdTime>2024-12-26 16:58:12 UTC</createdTime>
<ownerDesignName>Fizicki_model__12</ownerDesignName>
<indexState>Foreign Key</indexState>
<isSurrogateKey>false</isSurrogateKey>
<indexColumnUsage>
<colUsage columnID="1D15486F-8257-BAF3-482E-900F62CD7748"/>
</indexColumnUsage>
</ind_PK_UK>
</indexes>
</Table>