<?xml version = '1.0' encoding = 'UTF-8'?>
<Table class="oracle.dbtools.crest.model.design.relational.Table" directorySegmentName="seg_0" id="CF7F268D-9A94-EF81-51E9-C40239037B4C" name="Kredit">
<createdBy>helena</createdBy>
<createdTime>2024-11-27 20:57:55 UTC</createdTime>
<ownerDesignName>Fizicki_model__12</ownerDesignName>
<ordsAlias>table_61</ordsAlias>
<allowColumnReorder>false</allowColumnReorder>
<existDependencyGenerateInDDl>true</existDependencyGenerateInDDl>
<parsed>true</parsed>
<columns itemClass="oracle.dbtools.crest.model.design.relational.Column">
<Column name="kredit_id" id="B015D34D-592A-C08F-739A-9E1CB9171630">
<createdBy>helena</createdBy>
<createdTime>2024-11-27 20:59:28 UTC</createdTime>
<ownerDesignName>Fizicki_model__12</ownerDesignName>
<useDomainConstraints>false</useDomainConstraints>
<use>1</use>
<logicalDatatype>LOGDT011</logicalDatatype>
<ownDataTypeParameters>,,</ownDataTypeParameters>
<autoIncrementCycle>false</autoIncrementCycle>
</Column>
<Column name="ostali_iznos" id="D6D35FF2-081A-055C-8C06-A175B2A87E5D">
<createdBy>Matija</createdBy>
<createdTime>2024-11-28 17:20:12 UTC</createdTime>
<ownerDesignName>Fizicki_model__12</ownerDesignName>
<useDomainConstraints>false</useDomainConstraints>
<use>1</use>
<logicalDatatype>LOGDT019</logicalDatatype>
<ownDataTypeParameters>,,</ownDataTypeParameters>
<autoIncrementCycle>false</autoIncrementCycle>
</Column>
<Column name="paketi_kredit_id" id="2F6972A4-9BD9-1140-F6F0-792860D20C10">
<createdBy>Matija</createdBy>
<createdTime>2024-12-05 18:11:23 UTC</createdTime>
<ownerDesignName>Fizicki_model__12</ownerDesignName>
<useDomainConstraints>false</useDomainConstraints>
<use>1</use>
<logicalDatatype>LOGDT011</logicalDatatype>
<ownDataTypeParameters>,,</ownDataTypeParameters>
<autoIncrementCycle>false</autoIncrementCycle>
<associations>
<colAssociation fkAssociation="E3B027F0-1D12-4FCB-6B01-EB2DCEDE0D75" referredColumn="09928F67-4A47-817F-5E7F-5BAADBE9F764"/>
</associations>
</Column>
</columns>
<indexes itemClass="oracle.dbtools.crest.model.design.relational.Index">
<ind_PK_UK id="45B4C3AC-7876-285B-F418-FFF2F171E8DA" name="Kredit_PK">
<createdBy>helena</createdBy>
<createdTime>2024-11-27 20:59:28 UTC</createdTime>
<ownerDesignName>Fizicki_model__12</ownerDesignName>
<pk>true</pk>
<indexState>Primary Constraint</indexState>
<isSurrogateKey>false</isSurrogateKey>
<indexColumnUsage>
<colUsage columnID="B015D34D-592A-C08F-739A-9E1CB9171630"/>
</indexColumnUsage>
</ind_PK_UK>
<ind_PK_UK id="AB787F09-08A5-D653-D366-0A6F51693D79" name="Kredit_Paket_kredita_FK">
<createdBy>Matija</createdBy>
<createdTime>2024-12-05 18:11:23 UTC</createdTime>
<ownerDesignName>Fizicki_model__12</ownerDesignName>
<indexState>Foreign Key</indexState>
<isSurrogateKey>false</isSurrogateKey>
<indexColumnUsage>
<colUsage columnID="2F6972A4-9BD9-1140-F6F0-792860D20C10"/>
</indexColumnUsage>
</ind_PK_UK>
</indexes>
</Table>