<?xml version = '1.0' encoding = 'UTF-8'?>
<Table class="oracle.dbtools.crest.model.design.relational.Table" directorySegmentName="seg_0" id="D9E926B9-3215-E283-96A0-FD29B4A90351" name="Tip_transakcije">
<createdBy>Matija</createdBy>
<createdTime>2024-12-05 15:51:50 UTC</createdTime>
<ownerDesignName>Fizicki_model__12</ownerDesignName>
<ordsAlias>table_53</ordsAlias>
<allowColumnReorder>false</allowColumnReorder>
<existDependencyGenerateInDDl>true</existDependencyGenerateInDDl>
<parsed>true</parsed>
<columns itemClass="oracle.dbtools.crest.model.design.relational.Column">
<Column name="tip_transakcije_id" id="CC5C8DE4-C158-ED0D-E8CC-CB7EE535BF32">
<createdBy>Matija</createdBy>
<createdTime>2024-12-05 15:53:05 UTC</createdTime>
<ownerDesignName>Fizicki_model__12</ownerDesignName>
<useDomainConstraints>false</useDomainConstraints>
<use>1</use>
<logicalDatatype>LOGDT011</logicalDatatype>
<ownDataTypeParameters>,,</ownDataTypeParameters>
<autoIncrementCycle>false</autoIncrementCycle>
</Column>
<Column name="naziv" id="0AADC78D-19C5-1994-11F8-9731AECF67DD">
<createdBy>Matija</createdBy>
<createdTime>2024-12-05 15:53:05 UTC</createdTime>
<ownerDesignName>Fizicki_model__12</ownerDesignName>
<useDomainConstraints>false</useDomainConstraints>
<use>1</use>
<logicalDatatype>LOGDT024</logicalDatatype>
<ownDataTypeParameters>,,</ownDataTypeParameters>
<autoIncrementCycle>false</autoIncrementCycle>
</Column>
</columns>
<indexes itemClass="oracle.dbtools.crest.model.design.relational.Index">
<ind_PK_UK id="3B46219F-714E-6F6A-7F95-700EE50736A7" name="Tip_transakcije_PK">
<createdBy>Matija</createdBy>
<createdTime>2024-12-05 15:53:05 UTC</createdTime>
<ownerDesignName>Fizicki_model__12</ownerDesignName>
<pk>true</pk>
<indexState>Primary Constraint</indexState>
<isSurrogateKey>false</isSurrogateKey>
<indexColumnUsage>
<colUsage columnID="CC5C8DE4-C158-ED0D-E8CC-CB7EE535BF32"/>
</indexColumnUsage>
</ind_PK_UK>
</indexes>
</Table>