<?xml version = '1.0' encoding = 'UTF-8'?>
<Table class="oracle.dbtools.crest.model.design.relational.Table" directorySegmentName="seg_0" id="DA45E72E-EE1B-CE78-9929-5BDFBEF437D1" name="Tip_racun">
<createdBy>helena</createdBy>
<createdTime>2024-10-06 14:56:20 UTC</createdTime>
<ownerDesignName>Fizicki_model__12</ownerDesignName>
<ordsAlias>table_21</ordsAlias>
<allowColumnReorder>false</allowColumnReorder>
<existDependencyGenerateInDDl>true</existDependencyGenerateInDDl>
<parsed>true</parsed>
<columns itemClass="oracle.dbtools.crest.model.design.relational.Column">
<Column name="tip_racun_id" id="FAB766A6-BDC4-D5FD-E160-68D342C8D3E7">
<createdBy>helena</createdBy>
<createdTime>2024-10-06 14:57:09 UTC</createdTime>
<ownerDesignName>Fizicki_model__12</ownerDesignName>
<useDomainConstraints>false</useDomainConstraints>
<use>1</use>
<logicalDatatype>LOGDT011</logicalDatatype>
<ownDataTypeParameters>,,</ownDataTypeParameters>
<autoIncrementCycle>false</autoIncrementCycle>
</Column>
<Column name="naziv" id="7DF4EC0A-04F4-57EC-A7BC-BF91549A347D">
<createdBy>helena</createdBy>
<createdTime>2024-10-06 14:57:09 UTC</createdTime>
<ownerDesignName>Fizicki_model__12</ownerDesignName>
<useDomainConstraints>false</useDomainConstraints>
<use>1</use>
<logicalDatatype>LOGDT024</logicalDatatype>
<dataTypeSize>30</dataTypeSize>
<ownDataTypeParameters>30,,</ownDataTypeParameters>
<autoIncrementCycle>false</autoIncrementCycle>
</Column>
</columns>
<indexes itemClass="oracle.dbtools.crest.model.design.relational.Index">
<ind_PK_UK id="F4D449E8-D699-22C1-471F-8D8C045CE1CA" name="Tip_PK">
<createdBy>helena</createdBy>
<createdTime>2024-10-06 14:57:09 UTC</createdTime>
<ownerDesignName>Fizicki_model__12</ownerDesignName>
<pk>true</pk>
<indexState>Primary Constraint</indexState>
<isSurrogateKey>false</isSurrogateKey>
<indexColumnUsage>
<colUsage columnID="FAB766A6-BDC4-D5FD-E160-68D342C8D3E7"/>
</indexColumnUsage>
</ind_PK_UK>
</indexes>
</Table>