<?xml version = '1.0' encoding = 'UTF-8'?>
<Table class="oracle.dbtools.crest.model.design.relational.Table" directorySegmentName="seg_0" id="DBBA4E29-389D-C654-551D-A359A06DFDFE" name="Tip_pretvaranja">
<createdBy>helena</createdBy>
<createdTime>2024-11-27 20:46:58 UTC</createdTime>
<ownerDesignName>Fizicki_model__12</ownerDesignName>
<ordsAlias>table_57</ordsAlias>
<allowColumnReorder>false</allowColumnReorder>
<existDependencyGenerateInDDl>true</existDependencyGenerateInDDl>
<parsed>true</parsed>
<columns itemClass="oracle.dbtools.crest.model.design.relational.Column">
<Column name="tip_pretvaranja_id" id="25EE94B6-202A-DE3F-6AF3-2A96F781A420">
<createdBy>helena</createdBy>
<createdTime>2024-11-27 20:47:35 UTC</createdTime>
<ownerDesignName>Fizicki_model__12</ownerDesignName>
<useDomainConstraints>false</useDomainConstraints>
<use>1</use>
<logicalDatatype>LOGDT011</logicalDatatype>
<ownDataTypeParameters>,,</ownDataTypeParameters>
<autoIncrementCycle>false</autoIncrementCycle>
</Column>
<Column name="naziv" id="07E0B328-8D76-3736-BA9D-3D7C728387FB">
<createdBy>helena</createdBy>
<createdTime>2024-11-27 20:47:35 UTC</createdTime>
<ownerDesignName>Fizicki_model__12</ownerDesignName>
<useDomainConstraints>false</useDomainConstraints>
<use>1</use>
<logicalDatatype>LOGDT024</logicalDatatype>
<dataTypeSize>30</dataTypeSize>
<ownDataTypeParameters>30,,</ownDataTypeParameters>
<autoIncrementCycle>false</autoIncrementCycle>
</Column>
</columns>
<indexes itemClass="oracle.dbtools.crest.model.design.relational.Index">
<ind_PK_UK id="0A754C6A-EE22-223F-DCBD-FC4BD4F7EABC" name="Tip_pretvaranja_PK">
<createdBy>helena</createdBy>
<createdTime>2024-11-27 20:47:35 UTC</createdTime>
<ownerDesignName>Fizicki_model__12</ownerDesignName>
<pk>true</pk>
<indexState>Primary Constraint</indexState>
<isSurrogateKey>false</isSurrogateKey>
<indexColumnUsage>
<colUsage columnID="25EE94B6-202A-DE3F-6AF3-2A96F781A420"/>
</indexColumnUsage>
</ind_PK_UK>
</indexes>
</Table>