<?xml version = '1.0' encoding = 'UTF-8'?>
<Table class="oracle.dbtools.crest.model.design.relational.Table" directorySegmentName="seg_0" id="DD26557A-E74B-E006-8669-A744B802FDBD" name="Istorija_rata">
<createdBy>Matija</createdBy>
<createdTime>2024-12-05 21:11:49 UTC</createdTime>
<ownerDesignName>Fizicki_model__12</ownerDesignName>
<ordsAlias>table_83</ordsAlias>
<allowColumnReorder>false</allowColumnReorder>
<existDependencyGenerateInDDl>true</existDependencyGenerateInDDl>
<parsed>true</parsed>
<columns itemClass="oracle.dbtools.crest.model.design.relational.Column">
<Column name="istorija_rata" id="17C700B2-F7D6-C6CD-C111-37E82624E303">
<createdBy>Matija</createdBy>
<createdTime>2024-12-05 21:13:49 UTC</createdTime>
<ownerDesignName>Fizicki_model__12</ownerDesignName>
<useDomainConstraints>false</useDomainConstraints>
<use>1</use>
<logicalDatatype>LOGDT011</logicalDatatype>
<ownDataTypeParameters>,,</ownDataTypeParameters>
<autoIncrementCycle>false</autoIncrementCycle>
</Column>
<Column name="redni_broj_rate" id="71FB182B-ACCF-9697-3712-3F35C7B794F9">
<createdBy>Matija</createdBy>
<createdTime>2024-12-05 21:13:49 UTC</createdTime>
<ownerDesignName>Fizicki_model__12</ownerDesignName>
<useDomainConstraints>false</useDomainConstraints>
<use>1</use>
<logicalDatatype>LOGDT019</logicalDatatype>
<ownDataTypeParameters>,,</ownDataTypeParameters>
<autoIncrementCycle>false</autoIncrementCycle>
</Column>
<Column name="kredit_id" id="328B3620-ABDA-4D5D-03C1-F74EEA73FA15">
<createdBy>Matija</createdBy>
<createdTime>2024-12-05 21:13:49 UTC</createdTime>
<ownerDesignName>Fizicki_model__12</ownerDesignName>
<useDomainConstraints>false</useDomainConstraints>
<use>1</use>
<logicalDatatype>LOGDT011</logicalDatatype>
<ownDataTypeParameters>,,</ownDataTypeParameters>
<autoIncrementCycle>false</autoIncrementCycle>
<associations>
<colAssociation fkAssociation="EC5446D1-3A90-ED30-32FF-8AAAF28F90CD" referredColumn="B015D34D-592A-C08F-739A-9E1CB9171630"/>
</associations>
</Column>
<Column name="otplata_rate_id" id="F329DD5F-DA4A-05E0-E201-F3CC65C45BAB">
<createdBy>Matija</createdBy>
<createdTime>2024-12-05 21:13:49 UTC</createdTime>
<ownerDesignName>Fizicki_model__12</ownerDesignName>
<useDomainConstraints>false</useDomainConstraints>
<use>1</use>
<logicalDatatype>LOGDT011</logicalDatatype>
<ownDataTypeParameters>,,</ownDataTypeParameters>
<autoIncrementCycle>false</autoIncrementCycle>
<associations>
<colAssociation fkAssociation="11210B31-682A-C571-8C71-111458AB46CC" referredColumn="5C1AB297-4756-D396-FACE-ECD7AB47F98D"/>
</associations>
</Column>
</columns>
<indexes itemClass="oracle.dbtools.crest.model.design.relational.Index">
<ind_PK_UK id="C565E567-7D3D-EB54-8779-5F27D7531705" name="Isorija_rata_PK">
<createdBy>Matija</createdBy>
<createdTime>2024-12-05 21:13:49 UTC</createdTime>
<ownerDesignName>Fizicki_model__12</ownerDesignName>
<pk>true</pk>
<indexState>Primary Constraint</indexState>
<isSurrogateKey>false</isSurrogateKey>
<indexColumnUsage>
<colUsage columnID="17C700B2-F7D6-C6CD-C111-37E82624E303"/>
</indexColumnUsage>
</ind_PK_UK>
<ind_PK_UK id="8349E022-AB98-F29F-3FBB-0A7DBDAFF9C7" name="Isorija_rata_Oplata_rate_FK">
<createdBy>Matija</createdBy>
<createdTime>2024-12-05 21:14:19 UTC</createdTime>
<ownerDesignName>Fizicki_model__12</ownerDesignName>
<indexState>Foreign Key</indexState>
<isSurrogateKey>false</isSurrogateKey>
<indexColumnUsage>
<colUsage columnID="F329DD5F-DA4A-05E0-E201-F3CC65C45BAB"/>
</indexColumnUsage>
</ind_PK_UK>
<ind_PK_UK id="6A63F4DF-F8A3-C637-C4EA-91DDDD920FDA" name="Isorija_rata_Kredit_FK">
<createdBy>Matija</createdBy>
<createdTime>2024-12-05 21:14:19 UTC</createdTime>
<ownerDesignName>Fizicki_model__12</ownerDesignName>
<indexState>Foreign Key</indexState>
<isSurrogateKey>false</isSurrogateKey>
<indexColumnUsage>
<colUsage columnID="328B3620-ABDA-4D5D-03C1-F74EEA73FA15"/>
</indexColumnUsage>
</ind_PK_UK>
</indexes>
</Table>