<?xml version = '1.0' encoding = 'UTF-8'?>
<Table class="oracle.dbtools.crest.model.design.relational.Table" directorySegmentName="seg_0" id="DD57A4A4-D68D-D28B-72D2-BBE414C7A390" name="Racun">
<createdBy>helena</createdBy>
<createdTime>2024-10-06 14:49:57 UTC</createdTime>
<ownerDesignName>Fizicki_model__12</ownerDesignName>
<ordsAlias>table_20</ordsAlias>
<allowColumnReorder>false</allowColumnReorder>
<existDependencyGenerateInDDl>true</existDependencyGenerateInDDl>
<parsed>true</parsed>
<columns itemClass="oracle.dbtools.crest.model.design.relational.Column">
<Column name="racun_id" id="3C189C4F-18AA-6E30-181F-D3781BAAE7A1">
<createdBy>helena</createdBy>
<createdTime>2024-10-06 14:56:19 UTC</createdTime>
<ownerDesignName>Fizicki_model__12</ownerDesignName>
<useDomainConstraints>false</useDomainConstraints>
<use>1</use>
<logicalDatatype>LOGDT011</logicalDatatype>
<ownDataTypeParameters>,,</ownDataTypeParameters>
<autoIncrementCycle>false</autoIncrementCycle>
</Column>
<Column name="tip_racun_id" id="C0712548-14F3-B5D9-794C-C124655D5FFF">
<createdBy>helena</createdBy>
<createdTime>2024-10-06 14:56:19 UTC</createdTime>
<ownerDesignName>Fizicki_model__12</ownerDesignName>
<useDomainConstraints>false</useDomainConstraints>
<use>1</use>
<logicalDatatype>LOGDT011</logicalDatatype>
<ownDataTypeParameters>,,</ownDataTypeParameters>
<autoIncrementCycle>false</autoIncrementCycle>
<associations>
<colAssociation fkAssociation="4B4E1EB1-370A-3D3B-25E9-21F62CEF2430" referredColumn="FAB766A6-BDC4-D5FD-E160-68D342C8D3E7"/>
</associations>
</Column>
<Column name="stanje_racuna" id="15DD56A9-9799-C149-6727-9581482143EA">
<createdBy>Matija</createdBy>
<createdTime>2024-10-16 18:40:02 UTC</createdTime>
<ownerDesignName>Fizicki_model__12</ownerDesignName>
<useDomainConstraints>false</useDomainConstraints>
<use>1</use>
<logicalDatatype>LOGDT019</logicalDatatype>
<ownDataTypeParameters>,,</ownDataTypeParameters>
<autoIncrementCycle>false</autoIncrementCycle>
</Column>
</columns>
<indexes itemClass="oracle.dbtools.crest.model.design.relational.Index">
<ind_PK_UK id="AAA2BEF7-06C0-A22F-7EA5-24BF4173B393" name="Racun_PK">
<createdBy>helena</createdBy>
<createdTime>2024-10-06 14:56:19 UTC</createdTime>
<ownerDesignName>Fizicki_model__12</ownerDesignName>
<pk>true</pk>
<indexState>Primary Constraint</indexState>
<isSurrogateKey>false</isSurrogateKey>
<indexColumnUsage>
<colUsage columnID="3C189C4F-18AA-6E30-181F-D3781BAAE7A1"/>
</indexColumnUsage>
</ind_PK_UK>
<ind_PK_UK id="F6651868-3B45-383F-0788-F82E840508B5" name="Racun_Tip_FK">
<createdBy>helena</createdBy>
<createdTime>2024-10-06 15:00:05 UTC</createdTime>
<ownerDesignName>Fizicki_model__12</ownerDesignName>
<indexState>Foreign Key</indexState>
<isSurrogateKey>false</isSurrogateKey>
<indexColumnUsage>
<colUsage columnID="C0712548-14F3-B5D9-794C-C124655D5FFF"/>
</indexColumnUsage>
</ind_PK_UK>
</indexes>
</Table>