<?xml version = '1.0' encoding = 'UTF-8'?>
<Table class="oracle.dbtools.crest.model.design.relational.Table" directorySegmentName="seg_0" id="DEB5A4A5-5433-4EA2-AB46-EA50AADDA59A" name="Isotrija_transakcija_banke">
<createdBy>Matija</createdBy>
<createdTime>2024-12-05 19:47:43 UTC</createdTime>
<ownerDesignName>Fizicki_model__12</ownerDesignName>
<ordsAlias>table_75</ordsAlias>
<allowColumnReorder>false</allowColumnReorder>
<existDependencyGenerateInDDl>true</existDependencyGenerateInDDl>
<parsed>true</parsed>
<columns itemClass="oracle.dbtools.crest.model.design.relational.Column">
<Column name="istorija_transakcija_banke" id="AC7666BC-658F-C0B9-7B90-8E0E50385413">
<createdBy>Matija</createdBy>
<createdTime>2024-12-05 19:48:44 UTC</createdTime>
<ownerDesignName>Fizicki_model__12</ownerDesignName>
<useDomainConstraints>false</useDomainConstraints>
<use>1</use>
<logicalDatatype>LOGDT011</logicalDatatype>
<ownDataTypeParameters>,,</ownDataTypeParameters>
<autoIncrementCycle>false</autoIncrementCycle>
</Column>
<Column name="racun_banka_id" id="0CA8FDFA-528F-63FC-CC87-7870CECD0277">
<createdBy>Matija</createdBy>
<createdTime>2024-12-05 19:50:57 UTC</createdTime>
<ownerDesignName>Fizicki_model__12</ownerDesignName>
<useDomainConstraints>false</useDomainConstraints>
<use>1</use>
<logicalDatatype>LOGDT011</logicalDatatype>
<ownDataTypeParameters>,,</ownDataTypeParameters>
<autoIncrementCycle>false</autoIncrementCycle>
<associations>
<colAssociation fkAssociation="B0D76910-202D-FE7A-561F-BBFA61A03EE7" referredColumn="BA70C08B-841B-8200-9ABD-6FB36D78B009"/>
</associations>
</Column>
<Column name="transakcija_banka_id" id="7723E931-4F85-6393-94DE-C998B824DDF8">
<createdBy>Matija</createdBy>
<createdTime>2024-12-05 19:53:14 UTC</createdTime>
<ownerDesignName>Fizicki_model__12</ownerDesignName>
<useDomainConstraints>false</useDomainConstraints>
<use>1</use>
<logicalDatatype>LOGDT011</logicalDatatype>
<ownDataTypeParameters>,,</ownDataTypeParameters>
<autoIncrementCycle>false</autoIncrementCycle>
<associations>
<colAssociation fkAssociation="C91A889C-0896-1A0F-0F00-743C6705AF38" referredColumn="BE3460A7-CE5C-A45C-5BFC-ABCBBCB66FB8"/>
</associations>
</Column>
</columns>
<indexes itemClass="oracle.dbtools.crest.model.design.relational.Index">
<ind_PK_UK id="1A8E25E0-922E-0A21-38EA-1F04CE2C2DB9" name="Isotrija_transakcija_banke_PK">
<createdBy>Matija</createdBy>
<createdTime>2024-12-05 19:48:44 UTC</createdTime>
<ownerDesignName>Fizicki_model__12</ownerDesignName>
<pk>true</pk>
<indexState>Primary Constraint</indexState>
<isSurrogateKey>false</isSurrogateKey>
<indexColumnUsage>
<colUsage columnID="AC7666BC-658F-C0B9-7B90-8E0E50385413"/>
</indexColumnUsage>
</ind_PK_UK>
<ind_PK_UK id="B6671FEC-CCE9-F427-BD38-754AA7A54EA7" name="Isotrija_transakcija_banke_Racun_banka_FK">
<createdBy>Matija</createdBy>
<createdTime>2024-12-05 19:51:19 UTC</createdTime>
<ownerDesignName>Fizicki_model__12</ownerDesignName>
<indexState>Foreign Key</indexState>
<isSurrogateKey>false</isSurrogateKey>
<indexColumnUsage>
<colUsage columnID="0CA8FDFA-528F-63FC-CC87-7870CECD0277"/>
</indexColumnUsage>
</ind_PK_UK>
<ind_PK_UK id="8FCFD103-4CD0-6713-BC2B-97EC7D2E7968" name="Isotrija_transakcija_banke_Transakcije_banka_FK">
<createdBy>Matija</createdBy>
<createdTime>2024-12-05 19:53:39 UTC</createdTime>
<ownerDesignName>Fizicki_model__12</ownerDesignName>
<indexState>Foreign Key</indexState>
<isSurrogateKey>false</isSurrogateKey>
<indexColumnUsage>
<colUsage columnID="7723E931-4F85-6393-94DE-C998B824DDF8"/>
</indexColumnUsage>
</ind_PK_UK>
</indexes>
</Table>