<?xml version = '1.0' encoding = 'UTF-8'?>
<Table class="oracle.dbtools.crest.model.design.relational.Table" directorySegmentName="seg_0" id="E07B82A8-93BD-8DF7-DFE0-290E7BCE3126" name="Kampanja">
<createdBy>Matija</createdBy>
<createdTime>2024-12-19 16:44:02 UTC</createdTime>
<ownerDesignName>Fizicki_model__12</ownerDesignName>
<ordsAlias>table_67</ordsAlias>
<allowColumnReorder>false</allowColumnReorder>
<existDependencyGenerateInDDl>true</existDependencyGenerateInDDl>
<parsed>true</parsed>
<columns itemClass="oracle.dbtools.crest.model.design.relational.Column">
<Column name="kapanja_id" id="52841DB6-04BB-AC09-0FCB-BBCDE0C1B538">
<createdBy>Matija</createdBy>
<createdTime>2024-12-19 16:48:20 UTC</createdTime>
<ownerDesignName>Fizicki_model__12</ownerDesignName>
<useDomainConstraints>false</useDomainConstraints>
<use>1</use>
<logicalDatatype>LOGDT011</logicalDatatype>
<ownDataTypeParameters>,,</ownDataTypeParameters>
<autoIncrementCycle>false</autoIncrementCycle>
</Column>
<Column name="naziv" id="631A426F-4491-B458-EFBE-BA83244B9848">
<createdBy>Matija</createdBy>
<createdTime>2024-12-19 16:48:20 UTC</createdTime>
<ownerDesignName>Fizicki_model__12</ownerDesignName>
<useDomainConstraints>false</useDomainConstraints>
<use>1</use>
<logicalDatatype>LOGDT024</logicalDatatype>
<dataTypeSize>100</dataTypeSize>
<ownDataTypeParameters>100,,</ownDataTypeParameters>
<autoIncrementCycle>false</autoIncrementCycle>
</Column>
<Column name="opis" id="B9D47851-30B5-19B4-126E-F2440554EBDE">
<createdBy>Matija</createdBy>
<createdTime>2024-12-19 16:48:20 UTC</createdTime>
<ownerDesignName>Fizicki_model__12</ownerDesignName>
<useDomainConstraints>false</useDomainConstraints>
<use>1</use>
<logicalDatatype>LOGDT024</logicalDatatype>
<dataTypeSize>300</dataTypeSize>
<ownDataTypeParameters>300,,</ownDataTypeParameters>
<autoIncrementCycle>false</autoIncrementCycle>
</Column>
<Column name="datum_od" id="A61DA874-B466-775F-FBDD-59C14696FF57">
<createdBy>Matija</createdBy>
<createdTime>2024-12-19 16:48:20 UTC</createdTime>
<ownerDesignName>Fizicki_model__12</ownerDesignName>
<useDomainConstraints>false</useDomainConstraints>
<use>1</use>
<logicalDatatype>LOGDT007</logicalDatatype>
<ownDataTypeParameters>,,</ownDataTypeParameters>
<autoIncrementCycle>false</autoIncrementCycle>
</Column>
<Column name="datum_do" id="C4E5A6B8-C358-8D4D-BE20-DA19BDA2A144">
<createdBy>Matija</createdBy>
<createdTime>2024-12-19 16:48:20 UTC</createdTime>
<ownerDesignName>Fizicki_model__12</ownerDesignName>
<useDomainConstraints>false</useDomainConstraints>
<use>1</use>
<logicalDatatype>LOGDT007</logicalDatatype>
<ownDataTypeParameters>,,</ownDataTypeParameters>
<autoIncrementCycle>false</autoIncrementCycle>
</Column>
<Column name="banka_id" id="3129068D-616E-0650-5279-48E54686BBE6">
<createdBy>Matija</createdBy>
<createdTime>2024-12-19 16:49:11 UTC</createdTime>
<ownerDesignName>Fizicki_model__12</ownerDesignName>
<useDomainConstraints>false</useDomainConstraints>
<use>1</use>
<logicalDatatype>LOGDT011</logicalDatatype>
<ownDataTypeParameters>,,</ownDataTypeParameters>
<autoIncrementCycle>false</autoIncrementCycle>
<associations>
<colAssociation fkAssociation="5A4DE64A-5716-FBAA-8A7F-ECD33B0BAEA0" referredColumn="38662735-A766-F3E2-752D-1A74D37602B7"/>
</associations>
</Column>
</columns>
<indexes itemClass="oracle.dbtools.crest.model.design.relational.Index">
<ind_PK_UK id="9191D55C-6034-1899-CB1E-A3FCDCE4FA0B" name="Kapanja_PK">
<createdBy>Matija</createdBy>
<createdTime>2024-12-19 16:49:21 UTC</createdTime>
<ownerDesignName>Fizicki_model__12</ownerDesignName>
<pk>true</pk>
<indexState>Primary Constraint</indexState>
<isSurrogateKey>false</isSurrogateKey>
<indexColumnUsage>
<colUsage columnID="52841DB6-04BB-AC09-0FCB-BBCDE0C1B538"/>
</indexColumnUsage>
</ind_PK_UK>
<ind_PK_UK id="C1E2AA4D-4953-A966-09B4-ECCEAEAABCFD" name="Kapanja_Banka_FK">
<createdBy>Matija</createdBy>
<createdTime>2024-12-19 16:49:11 UTC</createdTime>
<ownerDesignName>Fizicki_model__12</ownerDesignName>
<indexState>Foreign Key</indexState>
<isSurrogateKey>false</isSurrogateKey>
<indexColumnUsage>
<colUsage columnID="3129068D-616E-0650-5279-48E54686BBE6"/>
</indexColumnUsage>
</ind_PK_UK>
</indexes>
</Table>