<?xml version = '1.0' encoding = 'UTF-8'?>
<Table class="oracle.dbtools.crest.model.design.relational.Table" directorySegmentName="seg_0" id="E81132BB-7473-FCA9-50E0-663414BC4779" name="Izvod_plata">
<createdBy>Matija</createdBy>
<createdTime>2024-12-05 17:20:18 UTC</createdTime>
<ownerDesignName>Fizicki_model__12</ownerDesignName>
<ordsAlias>table_65</ordsAlias>
<allowColumnReorder>false</allowColumnReorder>
<existDependencyGenerateInDDl>true</existDependencyGenerateInDDl>
<parsed>true</parsed>
<columns itemClass="oracle.dbtools.crest.model.design.relational.Column">
<Column name="izvod_plata_id" id="F0F46535-D94D-B640-3552-7A5F39C95E3B">
<createdBy>Matija</createdBy>
<createdTime>2024-12-05 17:21:04 UTC</createdTime>
<ownerDesignName>Fizicki_model__12</ownerDesignName>
<useDomainConstraints>false</useDomainConstraints>
<use>1</use>
<logicalDatatype>LOGDT011</logicalDatatype>
<ownDataTypeParameters>,,</ownDataTypeParameters>
<autoIncrementCycle>false</autoIncrementCycle>
</Column>
<Column name="neto_zarada" id="10BBE644-FAA4-8A6E-9EEA-4610895AEDFA">
<createdBy>Matija</createdBy>
<createdTime>2024-12-05 17:28:26 UTC</createdTime>
<ownerDesignName>Fizicki_model__12</ownerDesignName>
<useDomainConstraints>false</useDomainConstraints>
<use>1</use>
<logicalDatatype>LOGDT019</logicalDatatype>
<ownDataTypeParameters>,,</ownDataTypeParameters>
<autoIncrementCycle>false</autoIncrementCycle>
</Column>
<Column name="firma_id" id="5ABB9E29-5DDB-3D10-4AFB-75C3A3404811">
<createdBy>Matija</createdBy>
<createdTime>2024-12-05 17:28:26 UTC</createdTime>
<ownerDesignName>Fizicki_model__12</ownerDesignName>
<useDomainConstraints>false</useDomainConstraints>
<use>1</use>
<logicalDatatype>LOGDT011</logicalDatatype>
<ownDataTypeParameters>,,</ownDataTypeParameters>
<autoIncrementCycle>false</autoIncrementCycle>
<associations>
<colAssociation fkAssociation="6D7779F3-BB13-BE9E-7F7F-0A512C49B104" referredColumn="E112D44B-5AC3-C86B-7A52-A3283AF4C25B"/>
</associations>
</Column>
</columns>
<indexes itemClass="oracle.dbtools.crest.model.design.relational.Index">
<ind_PK_UK id="44A65040-E1ED-2456-9C5D-20BE69482669" name="Izvod_plata_PK">
<createdBy>Matija</createdBy>
<createdTime>2024-12-05 17:21:04 UTC</createdTime>
<ownerDesignName>Fizicki_model__12</ownerDesignName>
<pk>true</pk>
<indexState>Primary Constraint</indexState>
<isSurrogateKey>false</isSurrogateKey>
<indexColumnUsage>
<colUsage columnID="F0F46535-D94D-B640-3552-7A5F39C95E3B"/>
</indexColumnUsage>
</ind_PK_UK>
<ind_PK_UK id="6F9F8E3A-BD05-C82F-D235-7CBCF125E377" name="Izvod_plata_Firma_FK">
<createdBy>Matija</createdBy>
<createdTime>2024-12-05 17:31:28 UTC</createdTime>
<ownerDesignName>Fizicki_model__12</ownerDesignName>
<indexState>Foreign Key</indexState>
<isSurrogateKey>false</isSurrogateKey>
<indexColumnUsage>
<colUsage columnID="5ABB9E29-5DDB-3D10-4AFB-75C3A3404811"/>
</indexColumnUsage>
</ind_PK_UK>
</indexes>
</Table>