<?xml version = '1.0' encoding = 'UTF-8'?>
<Table class="oracle.dbtools.crest.model.design.relational.Table" directorySegmentName="seg_0" id="EDEDF439-EEDA-BC41-D773-CB5538180796" name="Transakcija">
<createdBy>Master</createdBy>
<createdTime>2024-10-16 16:49:46 UTC</createdTime>
<ownerDesignName>Fizicki_model__12</ownerDesignName>
<ordsAlias>table_28</ordsAlias>
<allowColumnReorder>false</allowColumnReorder>
<existDependencyGenerateInDDl>true</existDependencyGenerateInDDl>
<parsed>true</parsed>
<columns itemClass="oracle.dbtools.crest.model.design.relational.Column">
<Column name="transakcija_id" id="BE21734C-7FE2-9706-6464-923924C900E4">
<createdBy>Master</createdBy>
<createdTime>2024-10-16 16:52:16 UTC</createdTime>
<ownerDesignName>Fizicki_model__12</ownerDesignName>
<useDomainConstraints>false</useDomainConstraints>
<use>1</use>
<logicalDatatype>LOGDT011</logicalDatatype>
<ownDataTypeParameters>,,</ownDataTypeParameters>
<autoIncrementCycle>false</autoIncrementCycle>
</Column>
<Column name="datum" id="D1E30FA5-69EA-ED1C-1228-523821367EE2">
<createdBy>Master</createdBy>
<createdTime>2024-10-16 16:52:16 UTC</createdTime>
<ownerDesignName>Fizicki_model__12</ownerDesignName>
<useDomainConstraints>false</useDomainConstraints>
<use>1</use>
<logicalDatatype>LOGDT008</logicalDatatype>
<ownDataTypeParameters>,,</ownDataTypeParameters>
<autoIncrementCycle>false</autoIncrementCycle>
</Column>
<Column name="tip_transakcije_id" id="9C49F742-75F2-9F3A-A2DC-151C79AFC0AA">
<createdBy>Matija</createdBy>
<createdTime>2024-10-16 18:42:57 UTC</createdTime>
<ownerDesignName>Fizicki_model__12</ownerDesignName>
<useDomainConstraints>false</useDomainConstraints>
<use>1</use>
<logicalDatatype>LOGDT011</logicalDatatype>
<ownDataTypeParameters>,,</ownDataTypeParameters>
<autoIncrementCycle>false</autoIncrementCycle>
<associations>
<colAssociation fkAssociation="1B849478-5DC2-6065-2B69-78F2EC9235D3" referredColumn="CC5C8DE4-C158-ED0D-E8CC-CB7EE535BF32"/>
</associations>
</Column>
<Column name="uplata" id="D72E800B-B426-82C6-008B-AD5A05C1E00D">
<createdBy>Master</createdBy>
<createdTime>2024-10-29 14:37:47 UTC</createdTime>
<ownerDesignName>Fizicki_model__12</ownerDesignName>
<useDomainConstraints>false</useDomainConstraints>
<use>1</use>
<logicalDatatype>LOGDT006</logicalDatatype>
<dataTypeSize>1</dataTypeSize>
<ownDataTypeParameters>1,,</ownDataTypeParameters>
<autoIncrementCycle>false</autoIncrementCycle>
</Column>
<Column name="isplata" id="2E209196-EAFD-D851-B117-9059721CC53E">
<createdBy>Master</createdBy>
<createdTime>2024-10-29 14:37:47 UTC</createdTime>
<ownerDesignName>Fizicki_model__12</ownerDesignName>
<useDomainConstraints>false</useDomainConstraints>
<use>1</use>
<logicalDatatype>LOGDT006</logicalDatatype>
<dataTypeSize>1</dataTypeSize>
<ownDataTypeParameters>1,,</ownDataTypeParameters>
<autoIncrementCycle>false</autoIncrementCycle>
</Column>
</columns>
<indexes itemClass="oracle.dbtools.crest.model.design.relational.Index">
<ind_PK_UK id="2B0D3F2B-7D65-5E1D-1738-FC3309E63E1B" name="Transakcija_PK">
<createdBy>Master</createdBy>
<createdTime>2024-10-16 16:52:16 UTC</createdTime>
<ownerDesignName>Fizicki_model__12</ownerDesignName>
<pk>true</pk>
<indexState>Primary Constraint</indexState>
<isSurrogateKey>false</isSurrogateKey>
<indexColumnUsage>
<colUsage columnID="BE21734C-7FE2-9706-6464-923924C900E4"/>
</indexColumnUsage>
</ind_PK_UK>
<ind_PK_UK id="D9AA8F71-8677-08BD-DE40-05485E4CA529" name="Transakcija_Tip_transakcije_FK">
<createdBy>Matija</createdBy>
<createdTime>2024-12-05 20:41:07 UTC</createdTime>
<ownerDesignName>Fizicki_model__12</ownerDesignName>
<indexState>Foreign Key</indexState>
<isSurrogateKey>false</isSurrogateKey>
<indexColumnUsage>
<colUsage columnID="9C49F742-75F2-9F3A-A2DC-151C79AFC0AA"/>
</indexColumnUsage>
</ind_PK_UK>
</indexes>
</Table>