<?xml version = '1.0' encoding = 'UTF-8'?>
<Table class="oracle.dbtools.crest.model.design.relational.Table" directorySegmentName="seg_0" id="EE7DE9F9-5C23-93DC-D8ED-EAE9B5F921DC" name="Ulaganje">
<createdBy>helena</createdBy>
<createdTime>2024-10-06 15:27:01 UTC</createdTime>
<ownerDesignName>Fizicki_model__12</ownerDesignName>
<ordsAlias>table_27</ordsAlias>
<allowColumnReorder>false</allowColumnReorder>
<existDependencyGenerateInDDl>true</existDependencyGenerateInDDl>
<parsed>true</parsed>
<columns itemClass="oracle.dbtools.crest.model.design.relational.Column">
<Column name="broj_udela" id="29963146-96C7-6C8D-62CC-263F3F9BBB4F">
<createdBy>helena</createdBy>
<createdTime>2024-10-06 15:28:36 UTC</createdTime>
<ownerDesignName>Fizicki_model__12</ownerDesignName>
<useDomainConstraints>false</useDomainConstraints>
<use>1</use>
<logicalDatatype>LOGDT019</logicalDatatype>
<ownDataTypeParameters>,,</ownDataTypeParameters>
<autoIncrementCycle>false</autoIncrementCycle>
</Column>
<Column name="transakcija_id" id="46BEAE61-B228-F984-D9EF-22F4D980AB2D">
<createdBy>Matija</createdBy>
<createdTime>2024-12-26 18:26:36 UTC</createdTime>
<ownerDesignName>Fizicki_model__12</ownerDesignName>
<useDomainConstraints>false</useDomainConstraints>
<use>1</use>
<logicalDatatype>LOGDT011</logicalDatatype>
<ownDataTypeParameters>,,</ownDataTypeParameters>
<autoIncrementCycle>false</autoIncrementCycle>
<associations>
<colAssociation fkAssociation="AB982FDE-5D61-F7C4-2867-6BED2B5668B2" referredColumn="BE21734C-7FE2-9706-6464-923924C900E4"/>
</associations>
</Column>
<Column name="istorija_udela_id" id="87B6E3AE-BED9-B6B4-C41A-74D43DC9354B">
<createdBy>helena</createdBy>
<createdTime>2025-01-09 19:51:23 UTC</createdTime>
<ownerDesignName>Fizicki_model__12</ownerDesignName>
<useDomainConstraints>false</useDomainConstraints>
<use>1</use>
<logicalDatatype>LOGDT011</logicalDatatype>
<ownDataTypeParameters>,,</ownDataTypeParameters>
<autoIncrementCycle>false</autoIncrementCycle>
<associations>
<colAssociation fkAssociation="1E02CB45-009D-033C-246F-4AE34D2204C8" referredColumn="414AF1B0-6E12-832B-5DF7-EE77FD1ED7C6"/>
</associations>
</Column>
</columns>
<indexes itemClass="oracle.dbtools.crest.model.design.relational.Index">
<ind_PK_UK id="A00F57E2-41A6-0380-D4EB-85B5016004B0" name="Klijent_fond_PKv2">
<createdBy>helena</createdBy>
<createdTime>2024-10-06 15:28:36 UTC</createdTime>
<ownerDesignName>Fizicki_model__12</ownerDesignName>
<pk>true</pk>
<indexState>Primary Constraint</indexState>
<isSurrogateKey>false</isSurrogateKey>
<indexColumnUsage>
<colUsage columnID="46BEAE61-B228-F984-D9EF-22F4D980AB2D"/>
</indexColumnUsage>
</ind_PK_UK>
<ind_PK_UK id="40725F9B-317C-B16D-727C-8457A02360C2" name="Ulaganje_Transakcija_FK">
<createdBy>Matija</createdBy>
<createdTime>2024-12-26 18:27:35 UTC</createdTime>
<ownerDesignName>Fizicki_model__12</ownerDesignName>
<indexState>Foreign Key</indexState>
<isSurrogateKey>false</isSurrogateKey>
<indexColumnUsage>
<colUsage columnID="46BEAE61-B228-F984-D9EF-22F4D980AB2D"/>
</indexColumnUsage>
</ind_PK_UK>
<ind_PK_UK id="B0452FA2-A190-945B-3406-476980DF8A8F" name="Ulaganje_Istorija_udela_FK">
<createdBy>helena</createdBy>
<createdTime>2025-01-09 19:51:50 UTC</createdTime>
<ownerDesignName>Fizicki_model__12</ownerDesignName>
<indexState>Foreign Key</indexState>
<isSurrogateKey>false</isSurrogateKey>
<indexColumnUsage>
<colUsage columnID="87B6E3AE-BED9-B6B4-C41A-74D43DC9354B"/>
</indexColumnUsage>
</ind_PK_UK>
</indexes>
</Table>