<?xml version = '1.0' encoding = 'UTF-8'?>
<Table class="oracle.dbtools.crest.model.design.relational.Table" directorySegmentName="seg_0" id="EEB78D2A-468C-3879-C8E0-4BE3891B7881" name="Kampanja_ukupni_trosak">
<createdBy>Matija</createdBy>
<createdTime>2024-12-19 16:51:32 UTC</createdTime>
<ownerDesignName>Fizicki_model__12</ownerDesignName>
<ordsAlias>table_69</ordsAlias>
<allowColumnReorder>false</allowColumnReorder>
<existDependencyGenerateInDDl>true</existDependencyGenerateInDDl>
<parsed>true</parsed>
<columns itemClass="oracle.dbtools.crest.model.design.relational.Column">
<Column name="kampanja_ukupni_trosak_id" id="C688A524-59F7-383E-7B1E-F89D10A6D7CC">
<createdBy>Matija</createdBy>
<createdTime>2024-12-19 16:53:54 UTC</createdTime>
<ownerDesignName>Fizicki_model__12</ownerDesignName>
<useDomainConstraints>false</useDomainConstraints>
<use>1</use>
<logicalDatatype>LOGDT011</logicalDatatype>
<ownDataTypeParameters>,,</ownDataTypeParameters>
<autoIncrementCycle>false</autoIncrementCycle>
</Column>
<Column name="kampanja_id" id="BB9F2C0A-C043-B586-B52B-FC14567B16C9">
<createdBy>Matija</createdBy>
<createdTime>2024-12-19 16:53:54 UTC</createdTime>
<ownerDesignName>Fizicki_model__12</ownerDesignName>
<useDomainConstraints>false</useDomainConstraints>
<use>1</use>
<logicalDatatype>LOGDT011</logicalDatatype>
<ownDataTypeParameters>,,</ownDataTypeParameters>
<autoIncrementCycle>false</autoIncrementCycle>
<associations>
<colAssociation fkAssociation="FEECBC6C-02A5-AE81-914C-584FBCB87749" referredColumn="52841DB6-04BB-AC09-0FCB-BBCDE0C1B538"/>
</associations>
</Column>
<Column name="ukupni_trosak_id" id="35A3AC1C-B140-CFE5-1A42-4B7101E46328">
<createdBy>Matija</createdBy>
<createdTime>2024-12-19 16:53:54 UTC</createdTime>
<ownerDesignName>Fizicki_model__12</ownerDesignName>
<useDomainConstraints>false</useDomainConstraints>
<use>1</use>
<logicalDatatype>LOGDT011</logicalDatatype>
<ownDataTypeParameters>,,</ownDataTypeParameters>
<autoIncrementCycle>false</autoIncrementCycle>
<associations>
<colAssociation fkAssociation="5BC165CE-A9AD-130D-6D53-5CAE9AE88481" referredColumn="2EF849E5-D20E-D282-AA99-5DB22F44E8FE"/>
</associations>
</Column>
<Column name="odobren" id="BA17B383-F0B5-0E3F-47C4-2990283E4F35">
<createdBy>Matija</createdBy>
<createdTime>2024-12-19 16:58:38 UTC</createdTime>
<ownerDesignName>Fizicki_model__12</ownerDesignName>
<useDomainConstraints>false</useDomainConstraints>
<use>1</use>
<logicalDatatype>LOGDT006</logicalDatatype>
<dataTypeSize>1</dataTypeSize>
<ownDataTypeParameters>1,,</ownDataTypeParameters>
<autoIncrementCycle>false</autoIncrementCycle>
</Column>
</columns>
<indexes itemClass="oracle.dbtools.crest.model.design.relational.Index">
<ind_PK_UK id="CAF25AD9-C55F-8271-3FAA-D044437F19BB" name="Kampanja_finasijski_plan_PK">
<createdBy>Matija</createdBy>
<createdTime>2024-12-19 16:53:54 UTC</createdTime>
<ownerDesignName>Fizicki_model__12</ownerDesignName>
<pk>true</pk>
<indexState>Primary Constraint</indexState>
<isSurrogateKey>false</isSurrogateKey>
<indexColumnUsage>
<colUsage columnID="C688A524-59F7-383E-7B1E-F89D10A6D7CC"/>
</indexColumnUsage>
</ind_PK_UK>
<ind_PK_UK id="943BFA87-F588-B7C0-D2AB-24FB7C70F14D" name="Kampanja_finasijski_plan_Finasijski_plan_kampanje_FK">
<createdBy>Matija</createdBy>
<createdTime>2024-12-19 16:53:54 UTC</createdTime>
<ownerDesignName>Fizicki_model__12</ownerDesignName>
<indexState>Foreign Key</indexState>
<isSurrogateKey>false</isSurrogateKey>
<indexColumnUsage>
<colUsage columnID="35A3AC1C-B140-CFE5-1A42-4B7101E46328"/>
</indexColumnUsage>
</ind_PK_UK>
<ind_PK_UK id="DDD40A1B-B695-40C3-7BBC-266F6EDD5DA8" name="Kampanja_finasijski_plan_Kampanja_FK">
<createdBy>Matija</createdBy>
<createdTime>2024-12-19 16:53:54 UTC</createdTime>
<ownerDesignName>Fizicki_model__12</ownerDesignName>
<indexState>Foreign Key</indexState>
<isSurrogateKey>false</isSurrogateKey>
<indexColumnUsage>
<colUsage columnID="BB9F2C0A-C043-B586-B52B-FC14567B16C9"/>
</indexColumnUsage>
</ind_PK_UK>
</indexes>
</Table>