<?xml version = '1.0' encoding = 'UTF-8'?>
<Table class="oracle.dbtools.crest.model.design.relational.Table" directorySegmentName="seg_0" id="EFF164EF-735F-2D0F-F833-8DC421DC066C" name="Istorija_izvoda_plata">
<createdBy>Matija</createdBy>
<createdTime>2024-12-05 17:19:30 UTC</createdTime>
<ownerDesignName>Fizicki_model__12</ownerDesignName>
<ordsAlias>table_64</ordsAlias>
<allowColumnReorder>false</allowColumnReorder>
<existDependencyGenerateInDDl>true</existDependencyGenerateInDDl>
<parsed>true</parsed>
<columns itemClass="oracle.dbtools.crest.model.design.relational.Column">
<Column name="isotrija_uslova_plata_id" id="C737E29B-DF43-5B21-D575-7DD283EC2945">
<createdBy>Matija</createdBy>
<createdTime>2024-12-05 17:20:10 UTC</createdTime>
<ownerDesignName>Fizicki_model__12</ownerDesignName>
<useDomainConstraints>false</useDomainConstraints>
<use>1</use>
<logicalDatatype>LOGDT011</logicalDatatype>
<ownDataTypeParameters>,,</ownDataTypeParameters>
<autoIncrementCycle>false</autoIncrementCycle>
</Column>
<Column name="izvod_plata_id" id="B51C0BD9-2554-91BF-984C-2FA137F3317A">
<createdBy>Matija</createdBy>
<createdTime>2024-12-05 17:22:27 UTC</createdTime>
<ownerDesignName>Fizicki_model__12</ownerDesignName>
<useDomainConstraints>false</useDomainConstraints>
<use>1</use>
<logicalDatatype>LOGDT011</logicalDatatype>
<ownDataTypeParameters>,,</ownDataTypeParameters>
<autoIncrementCycle>false</autoIncrementCycle>
<associations>
<colAssociation fkAssociation="411D359E-9A8D-AFFC-40BB-352A4B037A39" referredColumn="F0F46535-D94D-B640-3552-7A5F39C95E3B"/>
</associations>
</Column>
<Column name="klijent_id" id="1243538D-35D4-AE6C-1ECB-358CF6CF8228">
<createdBy>Matija</createdBy>
<createdTime>2024-12-05 17:22:27 UTC</createdTime>
<ownerDesignName>Fizicki_model__12</ownerDesignName>
<useDomainConstraints>false</useDomainConstraints>
<use>1</use>
<logicalDatatype>LOGDT011</logicalDatatype>
<ownDataTypeParameters>,,</ownDataTypeParameters>
<autoIncrementCycle>false</autoIncrementCycle>
<associations>
<colAssociation fkAssociation="61664F37-0CCE-21E3-C5AD-F0F6909D98F6" referredColumn="9112CFF5-5FC3-D177-8533-B2D7E3AC3936"/>
</associations>
</Column>
<Column name="datum_izdavanja" id="16909B48-0106-E4E9-F6FA-34C8E5777D5D">
<createdBy>Matija</createdBy>
<createdTime>2024-12-05 17:34:32 UTC</createdTime>
<ownerDesignName>Fizicki_model__12</ownerDesignName>
<useDomainConstraints>false</useDomainConstraints>
<use>1</use>
<logicalDatatype>LOGDT007</logicalDatatype>
<ownDataTypeParameters>,,</ownDataTypeParameters>
<autoIncrementCycle>false</autoIncrementCycle>
</Column>
<Column name="period_trajanja_izvoda_mesec" id="F0612D56-C6C6-81FD-4CEF-A3BEE7C4C277">
<createdBy>Matija</createdBy>
<createdTime>2024-12-05 17:35:22 UTC</createdTime>
<ownerDesignName>Fizicki_model__12</ownerDesignName>
<useDomainConstraints>false</useDomainConstraints>
<use>1</use>
<logicalDatatype>LOGDT019</logicalDatatype>
<ownDataTypeParameters>,,</ownDataTypeParameters>
<autoIncrementCycle>false</autoIncrementCycle>
</Column>
<Column name="vazenje_izvoda" id="DD95E3C4-5520-0B28-5B76-875D4C263F57">
<createdBy>Matija</createdBy>
<createdTime>2024-12-05 17:35:22 UTC</createdTime>
<ownerDesignName>Fizicki_model__12</ownerDesignName>
<useDomainConstraints>false</useDomainConstraints>
<use>1</use>
<logicalDatatype>LOGDT006</logicalDatatype>
<dataTypeSize>1</dataTypeSize>
<ownDataTypeParameters>1,,</ownDataTypeParameters>
<autoIncrementCycle>false</autoIncrementCycle>
</Column>
</columns>
<indexes itemClass="oracle.dbtools.crest.model.design.relational.Index">
<ind_PK_UK id="9ABC26E8-8C71-1D76-38D3-09C888EBC241" name="Istorija_izvoda_plata_PK">
<createdBy>Matija</createdBy>
<createdTime>2024-12-05 17:20:10 UTC</createdTime>
<ownerDesignName>Fizicki_model__12</ownerDesignName>
<pk>true</pk>
<indexState>Primary Constraint</indexState>
<isSurrogateKey>false</isSurrogateKey>
<indexColumnUsage>
<colUsage columnID="C737E29B-DF43-5B21-D575-7DD283EC2945"/>
</indexColumnUsage>
</ind_PK_UK>
<ind_PK_UK id="10A0DB14-045F-9044-5026-4D201C02A638" name="Istorija_izvoda_plata_Klijent_FK">
<createdBy>Matija</createdBy>
<createdTime>2024-12-05 17:22:27 UTC</createdTime>
<ownerDesignName>Fizicki_model__12</ownerDesignName>
<indexState>Foreign Key</indexState>
<isSurrogateKey>false</isSurrogateKey>
<indexColumnUsage>
<colUsage columnID="1243538D-35D4-AE6C-1ECB-358CF6CF8228"/>
</indexColumnUsage>
</ind_PK_UK>
<ind_PK_UK id="DAC58D0B-DBEA-9209-CBAA-89A2317141E5" name="Istorija_izvoda_plata_Izvod_plata_FK">
<createdBy>Matija</createdBy>
<createdTime>2024-12-05 17:22:27 UTC</createdTime>
<ownerDesignName>Fizicki_model__12</ownerDesignName>
<indexState>Foreign Key</indexState>
<isSurrogateKey>false</isSurrogateKey>
<indexColumnUsage>
<colUsage columnID="B51C0BD9-2554-91BF-984C-2FA137F3317A"/>
</indexColumnUsage>
</ind_PK_UK>
</indexes>
</Table>