<?xml version = '1.0' encoding = 'UTF-8'?>
<Table class="oracle.dbtools.crest.model.design.relational.Table" directorySegmentName="seg_0" id="F0228B39-69C4-3968-C7E6-A91F22EF5691" name="Prenos_razlicith_valuta">
<createdBy>helena</createdBy>
<createdTime>2024-11-27 20:42:08 UTC</createdTime>
<ownerDesignName>Fizicki_model__12</ownerDesignName>
<ordsAlias>table_56</ordsAlias>
<allowColumnReorder>false</allowColumnReorder>
<existDependencyGenerateInDDl>true</existDependencyGenerateInDDl>
<parsed>true</parsed>
<columns itemClass="oracle.dbtools.crest.model.design.relational.Column">
<Column name="racun1_id" id="9581083F-0594-7D5D-EAA5-E21DC3C6C435">
<createdBy>helena</createdBy>
<createdTime>2024-11-27 20:46:56 UTC</createdTime>
<ownerDesignName>Fizicki_model__12</ownerDesignName>
<useDomainConstraints>false</useDomainConstraints>
<use>1</use>
<logicalDatatype>LOGDT011</logicalDatatype>
<ownDataTypeParameters>,,</ownDataTypeParameters>
<autoIncrementCycle>false</autoIncrementCycle>
<associations>
<colAssociation fkAssociation="F0220DD3-4A94-25DC-C492-8C68EA2A7FAE" referredColumn="3C189C4F-18AA-6E30-181F-D3781BAAE7A1"/>
</associations>
</Column>
<Column name="racun2_id" id="59252A67-1ACC-56ED-72C6-4C79C7EABBD2">
<createdBy>helena</createdBy>
<createdTime>2024-11-27 20:46:56 UTC</createdTime>
<ownerDesignName>Fizicki_model__12</ownerDesignName>
<useDomainConstraints>false</useDomainConstraints>
<use>1</use>
<logicalDatatype>LOGDT011</logicalDatatype>
<ownDataTypeParameters>,,</ownDataTypeParameters>
<autoIncrementCycle>false</autoIncrementCycle>
<associations>
<colAssociation fkAssociation="75473835-2562-FD8A-9593-3ED2641653B4" referredColumn="3C189C4F-18AA-6E30-181F-D3781BAAE7A1"/>
</associations>
</Column>
<Column name="menjacnica_id" id="5E1538D8-79D5-9EE4-22EC-9859AAD21317">
<createdBy>helena</createdBy>
<createdTime>2024-11-27 20:46:56 UTC</createdTime>
<ownerDesignName>Fizicki_model__12</ownerDesignName>
<useDomainConstraints>false</useDomainConstraints>
<use>1</use>
<logicalDatatype>LOGDT011</logicalDatatype>
<ownDataTypeParameters>,,</ownDataTypeParameters>
<autoIncrementCycle>false</autoIncrementCycle>
<associations>
<colAssociation fkAssociation="68B19A02-B205-F528-61B9-B9322AC395DA" referredColumn="8453F7EA-1E7D-F6D2-66AA-84D68873AE9A"/>
</associations>
</Column>
<Column name="iznos" id="9ABBDF3B-B630-30AB-0C15-828EC82C2AE4">
<createdBy>helena</createdBy>
<createdTime>2024-11-27 20:46:56 UTC</createdTime>
<ownerDesignName>Fizicki_model__12</ownerDesignName>
<useDomainConstraints>false</useDomainConstraints>
<use>1</use>
<logicalDatatype>LOGDT019</logicalDatatype>
<ownDataTypeParameters>,,</ownDataTypeParameters>
<autoIncrementCycle>false</autoIncrementCycle>
</Column>
<Column name="tip_pretvaranja_id" id="5CB570E8-9B8A-4F5F-09A6-2AE8A036644E">
<createdBy>helena</createdBy>
<createdTime>2024-11-27 20:46:56 UTC</createdTime>
<ownerDesignName>Fizicki_model__12</ownerDesignName>
<useDomainConstraints>false</useDomainConstraints>
<use>1</use>
<logicalDatatype>LOGDT011</logicalDatatype>
<ownDataTypeParameters>,,</ownDataTypeParameters>
<autoIncrementCycle>false</autoIncrementCycle>
<associations>
<colAssociation fkAssociation="B2800F3E-BBB1-C2D6-40EA-1AE2ADC70D3F" referredColumn="25EE94B6-202A-DE3F-6AF3-2A96F781A420"/>
</associations>
</Column>
<Column name="transakcija_id" id="3306B189-E29C-306D-0698-18484E0DAAD1">
<createdBy>Matija</createdBy>
<createdTime>2024-12-05 17:45:33 UTC</createdTime>
<ownerDesignName>Fizicki_model__12</ownerDesignName>
<useDomainConstraints>false</useDomainConstraints>
<use>1</use>
<logicalDatatype>LOGDT011</logicalDatatype>
<ownDataTypeParameters>,,</ownDataTypeParameters>
<autoIncrementCycle>false</autoIncrementCycle>
<associations>
<colAssociation fkAssociation="6FC61694-01CB-A623-EC06-5A55E3033819" referredColumn="BE21734C-7FE2-9706-6464-923924C900E4"/>
</associations>
</Column>
<Column name="transakcija_banka_id" id="04CABB75-3C48-7D0E-478B-8C5EAF51C341">
<createdBy>Matija</createdBy>
<createdTime>2024-12-05 22:08:39 UTC</createdTime>
<ownerDesignName>Fizicki_model__12</ownerDesignName>
<useDomainConstraints>false</useDomainConstraints>
<use>1</use>
<logicalDatatype>LOGDT011</logicalDatatype>
<ownDataTypeParameters>,,</ownDataTypeParameters>
<autoIncrementCycle>false</autoIncrementCycle>
<associations>
<colAssociation fkAssociation="731F4E65-72B4-3BAB-E540-0E8F18EBCC13" referredColumn="BE3460A7-CE5C-A45C-5BFC-ABCBBCB66FB8"/>
</associations>
</Column>
<Column name="prenos_razlicitih_valuta_id" id="01753491-43AA-F3F3-3637-AAA8C7E5D71B">
<createdBy>Matija</createdBy>
<createdTime>2024-12-05 22:08:39 UTC</createdTime>
<ownerDesignName>Fizicki_model__12</ownerDesignName>
<useDomainConstraints>false</useDomainConstraints>
<use>1</use>
<logicalDatatype>LOGDT011</logicalDatatype>
<ownDataTypeParameters>,,</ownDataTypeParameters>
<autoIncrementCycle>false</autoIncrementCycle>
</Column>
</columns>
<indexes itemClass="oracle.dbtools.crest.model.design.relational.Index">
<ind_PK_UK id="E289AB4D-EDF2-70C8-26D5-954A9E62D3DD" name="Racun_konverzija_PK">
<createdBy>helena</createdBy>
<createdTime>2024-11-27 20:46:56 UTC</createdTime>
<ownerDesignName>Fizicki_model__12</ownerDesignName>
<pk>true</pk>
<indexState>Primary Constraint</indexState>
<isSurrogateKey>false</isSurrogateKey>
<indexColumnUsage>
<colUsage columnID="01753491-43AA-F3F3-3637-AAA8C7E5D71B"/>
</indexColumnUsage>
</ind_PK_UK>
<ind_PK_UK id="5980DFD5-8BAE-D59F-9621-B9F7AD5E27BE" name="Racun_konverzija_Racun_FK">
<createdBy>helena</createdBy>
<createdTime>2024-11-27 20:48:28 UTC</createdTime>
<ownerDesignName>Fizicki_model__12</ownerDesignName>
<indexState>Foreign Key</indexState>
<isSurrogateKey>false</isSurrogateKey>
<indexColumnUsage>
<colUsage columnID="9581083F-0594-7D5D-EAA5-E21DC3C6C435"/>
</indexColumnUsage>
</ind_PK_UK>
<ind_PK_UK id="49D07AAA-5B83-71FF-8144-2D2450F2199F" name="Racun_konverzija_Racun_FKv2">
<createdBy>helena</createdBy>
<createdTime>2024-11-27 20:48:28 UTC</createdTime>
<ownerDesignName>Fizicki_model__12</ownerDesignName>
<indexState>Foreign Key</indexState>
<isSurrogateKey>false</isSurrogateKey>
<indexColumnUsage>
<colUsage columnID="59252A67-1ACC-56ED-72C6-4C79C7EABBD2"/>
</indexColumnUsage>
</ind_PK_UK>
<ind_PK_UK id="CFB211CC-CD1F-150E-8717-1702AE9ADAF6" name="Racun_konverzija_Tip_pretvaranja_FK">
<createdBy>helena</createdBy>
<createdTime>2024-11-27 20:49:11 UTC</createdTime>
<ownerDesignName>Fizicki_model__12</ownerDesignName>
<indexState>Foreign Key</indexState>
<isSurrogateKey>false</isSurrogateKey>
<indexColumnUsage>
<colUsage columnID="5CB570E8-9B8A-4F5F-09A6-2AE8A036644E"/>
</indexColumnUsage>
</ind_PK_UK>
<ind_PK_UK id="D2E0F5B9-0963-9719-B431-2440698F5EAA" name="Racun_konverzija_Transakcija_FK">
<createdBy>Matija</createdBy>
<createdTime>2024-12-05 17:45:33 UTC</createdTime>
<ownerDesignName>Fizicki_model__12</ownerDesignName>
<indexState>Foreign Key</indexState>
<isSurrogateKey>false</isSurrogateKey>
<indexColumnUsage>
<colUsage columnID="3306B189-E29C-306D-0698-18484E0DAAD1"/>
</indexColumnUsage>
</ind_PK_UK>
<ind_PK_UK id="578CEDEB-F2E4-E80D-C140-0001273A0055" name="Racun_konverzija_Menjacnica_FK">
<createdBy>Matija</createdBy>
<createdTime>2024-12-05 21:55:42 UTC</createdTime>
<ownerDesignName>Fizicki_model__12</ownerDesignName>
<indexState>Foreign Key</indexState>
<isSurrogateKey>false</isSurrogateKey>
<indexColumnUsage>
<colUsage columnID="5E1538D8-79D5-9EE4-22EC-9859AAD21317"/>
</indexColumnUsage>
</ind_PK_UK>
<ind_PK_UK id="BF6D3683-E0C7-AC63-E17C-70D61796EC35" name="Prenos_razlicith_valuta_Transakcije_banka_FK">
<createdBy>Matija</createdBy>
<createdTime>2024-12-05 22:11:21 UTC</createdTime>
<ownerDesignName>Fizicki_model__12</ownerDesignName>
<indexState>Foreign Key</indexState>
<isSurrogateKey>false</isSurrogateKey>
<indexColumnUsage>
<colUsage columnID="04CABB75-3C48-7D0E-478B-8C5EAF51C341"/>
</indexColumnUsage>
</ind_PK_UK>
</indexes>
</Table>