<?xml version = '1.0' encoding = 'UTF-8'?>
<Table class="oracle.dbtools.crest.model.design.relational.Table" directorySegmentName="seg_0" id="F43C3BAD-4395-8833-7184-F300975881B1" name="Radnik">
<createdBy>helena</createdBy>
<createdTime>2024-10-06 14:04:15 UTC</createdTime>
<ownerDesignName>Fizicki_model__12</ownerDesignName>
<ordsAlias>table_13</ordsAlias>
<allowColumnReorder>false</allowColumnReorder>
<existDependencyGenerateInDDl>true</existDependencyGenerateInDDl>
<parsed>true</parsed>
<columns itemClass="oracle.dbtools.crest.model.design.relational.Column">
<Column name="radnik_id" id="DA34086A-298E-EA7A-EA52-8B0541D8708A">
<createdBy>Master</createdBy>
<createdTime>2024-10-16 16:20:31 UTC</createdTime>
<ownerDesignName>Fizicki_model__12</ownerDesignName>
<useDomainConstraints>false</useDomainConstraints>
<use>1</use>
<logicalDatatype>LOGDT011</logicalDatatype>
<ownDataTypeParameters>,,</ownDataTypeParameters>
<autoIncrementCycle>false</autoIncrementCycle>
</Column>
<Column name="sef_id" id="9DA4AF2C-BF53-101B-0835-4DB3C2900204">
<createdBy>helena</createdBy>
<createdTime>2024-10-06 15:38:28 UTC</createdTime>
<ownerDesignName>Fizicki_model__12</ownerDesignName>
<useDomainConstraints>false</useDomainConstraints>
<use>1</use>
<logicalDatatype>LOGDT011</logicalDatatype>
<ownDataTypeParameters>,,</ownDataTypeParameters>
<autoIncrementCycle>false</autoIncrementCycle>
</Column>
<Column name="ime" id="D7E4D95A-CE3E-5C5F-2E52-BFD7321EE64B">
<createdBy>helena</createdBy>
<createdTime>2024-11-25 16:20:25 UTC</createdTime>
<ownerDesignName>Fizicki_model__12</ownerDesignName>
<useDomainConstraints>false</useDomainConstraints>
<use>1</use>
<logicalDatatype>LOGDT024</logicalDatatype>
<dataTypeSize>30</dataTypeSize>
<ownDataTypeParameters>30,,</ownDataTypeParameters>
<autoIncrementCycle>false</autoIncrementCycle>
</Column>
<Column name="prezime" id="39E4D0ED-8FF8-FC4A-7AD4-98E2F5A30CF1">
<createdBy>helena</createdBy>
<createdTime>2024-11-25 16:20:25 UTC</createdTime>
<ownerDesignName>Fizicki_model__12</ownerDesignName>
<useDomainConstraints>false</useDomainConstraints>
<use>1</use>
<logicalDatatype>LOGDT024</logicalDatatype>
<dataTypeSize>30</dataTypeSize>
<ownDataTypeParameters>30,,</ownDataTypeParameters>
<autoIncrementCycle>false</autoIncrementCycle>
</Column>
<Column name="jmbg" id="D270B0F9-607E-FC82-6C1C-5117D81F5EBD">
<createdBy>helena</createdBy>
<createdTime>2024-11-25 16:20:25 UTC</createdTime>
<ownerDesignName>Fizicki_model__12</ownerDesignName>
<useDomainConstraints>false</useDomainConstraints>
<use>1</use>
<logicalDatatype>LOGDT011</logicalDatatype>
<ownDataTypeParameters>,,</ownDataTypeParameters>
<autoIncrementCycle>false</autoIncrementCycle>
</Column>
<Column name="datum_rodjenja" id="29364518-FECB-0B70-5FCE-5C52612D79C8">
<createdBy>helena</createdBy>
<createdTime>2024-11-25 16:20:25 UTC</createdTime>
<ownerDesignName>Fizicki_model__12</ownerDesignName>
<useDomainConstraints>false</useDomainConstraints>
<use>1</use>
<logicalDatatype>LOGDT007</logicalDatatype>
<ownDataTypeParameters>,,</ownDataTypeParameters>
<autoIncrementCycle>false</autoIncrementCycle>
</Column>
<Column name="grad_id" id="CDE6CFA6-9D74-0363-8A21-8CBB6343DA3C">
<createdBy>helena</createdBy>
<createdTime>2024-11-25 16:20:25 UTC</createdTime>
<ownerDesignName>Fizicki_model__12</ownerDesignName>
<useDomainConstraints>false</useDomainConstraints>
<use>1</use>
<logicalDatatype>LOGDT011</logicalDatatype>
<ownDataTypeParameters>,,</ownDataTypeParameters>
<autoIncrementCycle>false</autoIncrementCycle>
<associations>
<colAssociation fkAssociation="8C0CF947-6F6D-676D-14A6-C623C23E182B" referredColumn="12A40850-6E82-F20C-79B4-2EBE0179A4D8"/>
</associations>
</Column>
</columns>
<indexes itemClass="oracle.dbtools.crest.model.design.relational.Index">
<ind_PK_UK id="238962B7-BC89-3FC7-9446-11B23FB5AF2A" name="Radnik_PK">
<createdBy>helena</createdBy>
<createdTime>2024-10-06 14:05:44 UTC</createdTime>
<ownerDesignName>Fizicki_model__12</ownerDesignName>
<pk>true</pk>
<indexState>Primary Constraint</indexState>
<isSurrogateKey>false</isSurrogateKey>
<indexColumnUsage>
<colUsage columnID="DA34086A-298E-EA7A-EA52-8B0541D8708A"/>
</indexColumnUsage>
</ind_PK_UK>
<ind_PK_UK id="4DE9AA2E-F699-37A4-7954-D4BD5B4B1FC8" name="Radnik_Grad_FK">
<createdBy>helena</createdBy>
<createdTime>2024-11-25 16:20:25 UTC</createdTime>
<ownerDesignName>Fizicki_model__12</ownerDesignName>
<indexState>Foreign Key</indexState>
<isSurrogateKey>false</isSurrogateKey>
<indexColumnUsage>
<colUsage columnID="CDE6CFA6-9D74-0363-8A21-8CBB6343DA3C"/>
</indexColumnUsage>
</ind_PK_UK>
</indexes>
</Table>