<?xml version = '1.0' encoding = 'UTF-8'?>
<FKIndexAssociation class="oracle.dbtools.crest.model.design.relational.FKIndexAssociation" directorySegmentName="seg_0" id="9CDFC0CE-33A2-DE07-C4DC-3D9482F07705" containerWithKeyObject="78F4C191-6110-451B-766D-8CEF6F4A947C" localFKIndex="D33A5D4B-317E-3383-715E-06B263E8A5FC" name="TABLE_16_Osoba_FK">
<createdBy>helena</createdBy>
<createdTime>2024-10-06 14:07:53 UTC</createdTime>
<ownerDesignName>tim2_nedelja2</ownerDesignName>
<referredTableLongName>Osoba</referredTableLongName>
<deleteRule>NO ACTION</deleteRule>
<referredTableID>8379111B-9967-3D65-4216-B80809FFB768</referredTableID>
<keyObject>65AD6589-EA95-499B-65DF-74286E9D9B86</keyObject>
<referredKeyID>65AD6589-EA95-499B-65DF-74286E9D9B86</referredKeyID>
<mandatory>true</mandatory>
<refColNames>osoba_id</refColNames>
<transferable>true</transferable>
<rely>false</rely>
<columnDependencyConstraintGenerateInDDL>true</columnDependencyConstraintGenerateInDDL>
</FKIndexAssociation>