<?xml version = '1.0' encoding = 'UTF-8'?>
<FKIndexAssociation class="oracle.dbtools.crest.model.design.relational.FKIndexAssociation" directorySegmentName="seg_0" id="F0923830-9951-5243-5D8A-7BE3B0DFBD13" containerWithKeyObject="F43C3BAD-4395-8833-7184-F300975881B1" localFKIndex="4BD1F0D9-D7C0-D8F3-A483-94D6D0234FEB" name="Radnik_Ekspozitura_FK">
<createdBy>helena</createdBy>
<createdTime>2024-10-06 14:16:51 UTC</createdTime>
<ownerDesignName>tim2_nedelja2</ownerDesignName>
<referredTableLongName>Ekspozitura</referredTableLongName>
<deleteRule>NO ACTION</deleteRule>
<referredTableID>72C31F57-6D26-B57B-965D-B373E2700C2E</referredTableID>
<keyObject>D87BA6FC-CD0E-C028-F31F-EC185E6BB322</keyObject>
<referredKeyID>D87BA6FC-CD0E-C028-F31F-EC185E6BB322</referredKeyID>
<mandatory>true</mandatory>
<refColNames>ekspozitura_id</refColNames>
<transferable>true</transferable>
<rely>false</rely>
<columnDependencyConstraintGenerateInDDL>true</columnDependencyConstraintGenerateInDDL>
</FKIndexAssociation>