<?xml version = '1.0' encoding = 'UTF-8'?>
<FKIndexAssociation class="oracle.dbtools.crest.model.design.relational.FKIndexAssociation" directorySegmentName="seg_1" id="27B40EBF-0709-5B3B-44C2-A85C250820C6" containerWithKeyObject="A306EAB8-4C0A-66AA-19B7-442B8AF978DB" localFKIndex="7D93DA37-AA2E-FAA3-FC78-8EC1272098A9" name="Zirant_Grad_FK">
<createdBy>helena</createdBy>
<createdTime>2024-11-27 20:53:32 UTC</createdTime>
<ownerDesignName>n8</ownerDesignName>
<referredTableLongName>Grad</referredTableLongName>
<deleteRule>NO ACTION</deleteRule>
<referredTableID>132E293D-4053-D377-B91B-4857B09C3AD7</referredTableID>
<keyObject>7D47EC85-8904-4ABD-3E7B-AED836129289</keyObject>
<referredKeyID>7D47EC85-8904-4ABD-3E7B-AED836129289</referredKeyID>
<mandatory>true</mandatory>
<refColNames>grad_id</refColNames>
<transferable>true</transferable>
<rely>false</rely>
<columnDependencyConstraintGenerateInDDL>true</columnDependencyConstraintGenerateInDDL>
</FKIndexAssociation>