<?xml version = '1.0' encoding = 'UTF-8'?>
<FKIndexAssociation class="oracle.dbtools.crest.model.design.relational.FKIndexAssociation" directorySegmentName="seg_1" id="6FAADD87-FED8-B9DD-03A9-D8A0EEA3E1C9" containerWithKeyObject="A306EAB8-4C0A-66AA-19B7-442B8AF978DB" localFKIndex="476EA580-7227-6E95-5920-A0E85B097D34" name="Zirant_Pol_FK">
<createdBy>helena</createdBy>
<createdTime>2024-11-27 20:53:41 UTC</createdTime>
<ownerDesignName>n8</ownerDesignName>
<referredTableLongName>Pol</referredTableLongName>
<deleteRule>NO ACTION</deleteRule>
<referredTableID>C694EBA7-B28D-5A69-9070-D50A0A9B1254</referredTableID>
<keyObject>817C999B-A84F-0960-B992-72E701D45BB9</keyObject>
<referredKeyID>817C999B-A84F-0960-B992-72E701D45BB9</referredKeyID>
<mandatory>true</mandatory>
<refColNames>pol_id</refColNames>
<transferable>true</transferable>
<rely>false</rely>
<columnDependencyConstraintGenerateInDDL>true</columnDependencyConstraintGenerateInDDL>
</FKIndexAssociation>