<?xml version = '1.0' encoding = 'UTF-8'?>
<relationalModel class="oracle.dbtools.crest.model.design.relational.RelationalDesign" name="Relational_1" id="3AD78E40-68D7-FD78-BFAD-B5126FC525C1" mainViewID="97803DCD-6B38-B3D8-0B8A-C6F863EC808F">
<createdBy>helena</createdBy>
<createdTime>2024-10-06 11:50:07 UTC</createdTime>
<ownerDesignName>tim2_nedelja2</ownerDesignName>
<shouldBeOpen>false</shouldBeOpen>
<selectedRDBMSSite>32076570-2523-435C-2E92-BF29817DFF70</selectedRDBMSSite>
</relationalModel>