<?xml version = '1.0' encoding = 'UTF-8'?>
<FKIndexAssociation class="oracle.dbtools.crest.model.design.relational.FKIndexAssociation" directorySegmentName="seg_1" id="02634B86-0BE9-B691-B653-774E35C87E60" containerWithKeyObject="BF66BA0B-523B-C2B0-870E-B65E14258CF6" localFKIndex="0FBA901B-C620-69FC-FE9F-F3AD1E2EF587" name="Savetovanje_Investicioni_odbornik_FK">
<createdBy>Matija</createdBy>
<createdTime>2024-12-26 23:52:04 UTC</createdTime>
<ownerDesignName>Fizicki_model__12</ownerDesignName>
<referredTableLongName>Investicioni_odbornik</referredTableLongName>
<deleteRule>NO ACTION</deleteRule>
<referredTableID>3414C712-DDA6-9F30-D20B-D0BC4AE4DF5B</referredTableID>
<keyObject>D285295D-1774-3E01-52DB-5FAF64A3EC96</keyObject>
<referredKeyID>D285295D-1774-3E01-52DB-5FAF64A3EC96</referredKeyID>
<mandatory>true</mandatory>
<refColNames>investicioni_odbornik_id</refColNames>
<transferable>true</transferable>
<rely>false</rely>
<columnDependencyConstraintGenerateInDDL>true</columnDependencyConstraintGenerateInDDL>
</FKIndexAssociation>