<?xml version = '1.0' encoding = 'UTF-8'?>
<FKIndexAssociation class="oracle.dbtools.crest.model.design.relational.FKIndexAssociation" directorySegmentName="seg_1" id="0492757B-93FE-D1D6-1FCD-DF66F7ADE277" containerWithKeyObject="CAA35CD1-BF5E-8C65-F4F5-4733FE986DF9" localFKIndex="2CE354C1-A3F3-369D-63A8-919A930A3D9C" name="Paket_kredita_Valuta_FK">
<createdBy>Matija</createdBy>
<createdTime>2024-12-05 18:11:40 UTC</createdTime>
<ownerDesignName>Fizicki_model__12</ownerDesignName>
<referredTableLongName>Valuta</referredTableLongName>
<deleteRule>NO ACTION</deleteRule>
<referredTableID>04857AE0-2114-B9AD-B5D0-FD4C3C909EDE</referredTableID>
<keyObject>581D96BC-E63E-F67E-CB92-FAC06D25444D</keyObject>
<referredKeyID>581D96BC-E63E-F67E-CB92-FAC06D25444D</referredKeyID>
<mandatory>true</mandatory>
<refColNames>valuta_id</refColNames>
<transferable>true</transferable>
<rely>false</rely>
<columnDependencyConstraintGenerateInDDL>true</columnDependencyConstraintGenerateInDDL>
</FKIndexAssociation>