<?xml version = '1.0' encoding = 'UTF-8'?>
<FKIndexAssociation class="oracle.dbtools.crest.model.design.relational.FKIndexAssociation" directorySegmentName="seg_1" id="12AEF9D5-61BD-9A93-2F68-691CB5697629" containerWithKeyObject="BF66BA0B-523B-C2B0-870E-B65E14258CF6" localFKIndex="BD8210BB-6135-ADEC-EAFC-BC6288FE20F6" name="Savetovanje_Fond_FK">
<createdBy>Matija</createdBy>
<createdTime>2024-12-26 23:52:04 UTC</createdTime>
<ownerDesignName>Fizicki_model__12</ownerDesignName>
<referredTableLongName>Fond</referredTableLongName>
<deleteRule>NO ACTION</deleteRule>
<referredTableID>7F96D6BE-C873-B4B5-7613-2D26EEA6AF76</referredTableID>
<keyObject>35BA698C-6B74-934F-C096-37B0353379F2</keyObject>
<referredKeyID>35BA698C-6B74-934F-C096-37B0353379F2</referredKeyID>
<mandatory>true</mandatory>
<refColNames>fond_id</refColNames>
<transferable>true</transferable>
<rely>false</rely>
<columnDependencyConstraintGenerateInDDL>true</columnDependencyConstraintGenerateInDDL>
</FKIndexAssociation>