<?xml version = '1.0' encoding = 'UTF-8'?>
<FKIndexAssociation class="oracle.dbtools.crest.model.design.relational.FKIndexAssociation" directorySegmentName="seg_1" id="1B849478-5DC2-6065-2B69-78F2EC9235D3" containerWithKeyObject="EDEDF439-EEDA-BC41-D773-CB5538180796" localFKIndex="D9AA8F71-8677-08BD-DE40-05485E4CA529" name="Transakcija_Tip_transakcije_FK">
<createdBy>Matija</createdBy>
<createdTime>2024-12-05 20:41:07 UTC</createdTime>
<ownerDesignName>Fizicki_model__12</ownerDesignName>
<referredTableLongName>Tip_transakcije</referredTableLongName>
<deleteRule>NO ACTION</deleteRule>
<referredTableID>D9E926B9-3215-E283-96A0-FD29B4A90351</referredTableID>
<keyObject>3B46219F-714E-6F6A-7F95-700EE50736A7</keyObject>
<referredKeyID>3B46219F-714E-6F6A-7F95-700EE50736A7</referredKeyID>
<mandatory>true</mandatory>
<refColNames>tip_transakcije_id</refColNames>
<transferable>true</transferable>
<rely>false</rely>
<columnDependencyConstraintGenerateInDDL>true</columnDependencyConstraintGenerateInDDL>
</FKIndexAssociation>