<?xml version = '1.0' encoding = 'UTF-8'?>
<FKIndexAssociation class="oracle.dbtools.crest.model.design.relational.FKIndexAssociation" directorySegmentName="seg_1" id="1BB8488F-FF2E-A3AB-14FE-A5CAB1BC36FC" containerWithKeyObject="5CED7CC0-6895-A83C-8667-AECDC39430F6" localFKIndex="6967A961-50A2-32C6-09AB-90AC599AC20A" name="Pripadanje_Trosak_FK">
<createdBy>Matija</createdBy>
<createdTime>2024-12-26 16:36:27 UTC</createdTime>
<ownerDesignName>Fizicki_model__12</ownerDesignName>
<referredTableLongName>Trosak</referredTableLongName>
<deleteRule>NO ACTION</deleteRule>
<referredTableID>91699EF3-724D-C241-5648-7EC00E41682B</referredTableID>
<keyObject>A6BABDC0-8495-3E24-7D6A-D1C22779C029</keyObject>
<referredKeyID>A6BABDC0-8495-3E24-7D6A-D1C22779C029</referredKeyID>
<mandatory>true</mandatory>
<refColNames>trosak_id</refColNames>
<transferable>true</transferable>
<rely>false</rely>
<columnDependencyConstraintGenerateInDDL>true</columnDependencyConstraintGenerateInDDL>
</FKIndexAssociation>