<?xml version = '1.0' encoding = 'UTF-8'?>
<FKIndexAssociation class="oracle.dbtools.crest.model.design.relational.FKIndexAssociation" directorySegmentName="seg_1" id="1E02CB45-009D-033C-246F-4AE34D2204C8" containerWithKeyObject="EE7DE9F9-5C23-93DC-D8ED-EAE9B5F921DC" localFKIndex="B0452FA2-A190-945B-3406-476980DF8A8F" name="Ulaganje_Istorija_udela_FK">
<createdBy>helena</createdBy>
<createdTime>2025-01-09 19:51:50 UTC</createdTime>
<ownerDesignName>Fizicki_model__12</ownerDesignName>
<referredTableLongName>Istorija_udela</referredTableLongName>
<deleteRule>NO ACTION</deleteRule>
<referredTableID>A4787563-6B82-1633-F6D0-0C4707115406</referredTableID>
<keyObject>09196176-308C-5704-D0D1-8CE8CBC5206A</keyObject>
<referredKeyID>09196176-308C-5704-D0D1-8CE8CBC5206A</referredKeyID>
<mandatory>true</mandatory>
<refColNames>Istorija_udela_id</refColNames>
<transferable>true</transferable>
<rely>false</rely>
<columnDependencyConstraintGenerateInDDL>true</columnDependencyConstraintGenerateInDDL>
</FKIndexAssociation>