<?xml version = '1.0' encoding = 'UTF-8'?>
<FKIndexAssociation class="oracle.dbtools.crest.model.design.relational.FKIndexAssociation" directorySegmentName="seg_1" id="2C3DD441-BCC4-0351-DF67-40CA2B3D7743" containerWithKeyObject="D762854A-CA82-4AD1-38C4-97847C5FCCB1" localFKIndex="131EECB5-94D6-FF6B-5995-BA7BBE94720F" name="Menadzeri_fonda_Menadzer_FK">
<createdBy>Matija</createdBy>
<createdTime>2024-12-26 23:34:54 UTC</createdTime>
<ownerDesignName>Fizicki_model__12</ownerDesignName>
<referredTableLongName>Menadzer</referredTableLongName>
<deleteRule>NO ACTION</deleteRule>
<referredTableID>C9E3DAE7-AAC5-14D3-5273-1582ED92F77F</referredTableID>
<keyObject>8AAA3A99-A23E-C365-5DDA-C349805D4B46</keyObject>
<referredKeyID>8AAA3A99-A23E-C365-5DDA-C349805D4B46</referredKeyID>
<mandatory>true</mandatory>
<refColNames>menadzer_id</refColNames>
<transferable>true</transferable>
<rely>false</rely>
<columnDependencyConstraintGenerateInDDL>true</columnDependencyConstraintGenerateInDDL>
</FKIndexAssociation>