<?xml version = '1.0' encoding = 'UTF-8'?>
<FKIndexAssociation class="oracle.dbtools.crest.model.design.relational.FKIndexAssociation" directorySegmentName="seg_1" id="39FB875A-5933-C6A5-879A-C0884A5DC99E" containerWithKeyObject="BC5B5346-2432-8383-4556-91E140B3AE3B" localFKIndex="B4AA7B6C-428A-F68B-D301-EF0960A58D13" name="TABLE_63_Uslovi_FK">
<createdBy>Matija</createdBy>
<createdTime>2024-12-05 17:18:24 UTC</createdTime>
<ownerDesignName>Fizicki_model__12</ownerDesignName>
<referredTableLongName>Uslovi</referredTableLongName>
<deleteRule>NO ACTION</deleteRule>
<referredTableID>02C43461-689B-5C9F-A593-5B7D1453E947</referredTableID>
<keyObject>EDE1DCA4-5522-F377-F3BC-7C9309DC3391</keyObject>
<referredKeyID>EDE1DCA4-5522-F377-F3BC-7C9309DC3391</referredKeyID>
<mandatory>true</mandatory>
<refColNames>uslovi_id</refColNames>
<transferable>true</transferable>
<rely>false</rely>
<columnDependencyConstraintGenerateInDDL>true</columnDependencyConstraintGenerateInDDL>
</FKIndexAssociation>