<?xml version = '1.0' encoding = 'UTF-8'?>
<FKIndexAssociation class="oracle.dbtools.crest.model.design.relational.FKIndexAssociation" directorySegmentName="seg_1" id="411D359E-9A8D-AFFC-40BB-352A4B037A39" containerWithKeyObject="EFF164EF-735F-2D0F-F833-8DC421DC066C" localFKIndex="DAC58D0B-DBEA-9209-CBAA-89A2317141E5" name="Istorija_izvoda_plata_Izvod_plata_FK">
<createdBy>Matija</createdBy>
<createdTime>2024-12-05 17:22:27 UTC</createdTime>
<ownerDesignName>Fizicki_model__12</ownerDesignName>
<referredTableLongName>Izvod_plata</referredTableLongName>
<deleteRule>NO ACTION</deleteRule>
<referredTableID>E81132BB-7473-FCA9-50E0-663414BC4779</referredTableID>
<keyObject>44A65040-E1ED-2456-9C5D-20BE69482669</keyObject>
<referredKeyID>44A65040-E1ED-2456-9C5D-20BE69482669</referredKeyID>
<mandatory>true</mandatory>
<refColNames>izvod_plata_id</refColNames>
<transferable>true</transferable>
<rely>false</rely>
<columnDependencyConstraintGenerateInDDL>true</columnDependencyConstraintGenerateInDDL>
</FKIndexAssociation>