<?xml version = '1.0' encoding = 'UTF-8'?>
<FKIndexAssociation class="oracle.dbtools.crest.model.design.relational.FKIndexAssociation" directorySegmentName="seg_1" id="4431C9A7-019A-EB3D-E747-71390875A4A5" containerWithKeyObject="CAA35CD1-BF5E-8C65-F4F5-4733FE986DF9" localFKIndex="F2349E7D-116C-B9C0-34DA-01296E4F268F" name="Paket_kredita_Tip_kredit_FK">
<createdBy>Matija</createdBy>
<createdTime>2024-12-05 18:09:55 UTC</createdTime>
<ownerDesignName>Fizicki_model__12</ownerDesignName>
<referredTableLongName>Tip_kredit</referredTableLongName>
<deleteRule>NO ACTION</deleteRule>
<referredTableID>E47FA52A-1EB7-CD07-232E-103C0A7BA105</referredTableID>
<keyObject>7AEEF2DE-12B2-5D2C-B1F0-E0630B1A6D24</keyObject>
<referredKeyID>7AEEF2DE-12B2-5D2C-B1F0-E0630B1A6D24</referredKeyID>
<mandatory>true</mandatory>
<refColNames>tip_kredita_id</refColNames>
<transferable>true</transferable>
<rely>false</rely>
<columnDependencyConstraintGenerateInDDL>true</columnDependencyConstraintGenerateInDDL>
</FKIndexAssociation>