<?xml version = '1.0' encoding = 'UTF-8'?>
<FKIndexAssociation class="oracle.dbtools.crest.model.design.relational.FKIndexAssociation" directorySegmentName="seg_1" id="44AE0918-8F22-66E6-147A-CFD38393B663" containerWithKeyObject="2CEE4199-FB67-B20F-4C15-DFE4E27B22DD" localFKIndex="181B884C-8E1E-9F73-B9E0-0FF26023AF8C" name="Oplata_rate_Transakcije_banka_FK">
<createdBy>Matija</createdBy>
<createdTime>2024-12-05 20:05:21 UTC</createdTime>
<ownerDesignName>Fizicki_model__12</ownerDesignName>
<referredTableLongName>Transakcije_banka</referredTableLongName>
<deleteRule>NO ACTION</deleteRule>
<referredTableID>7A5DE316-10BD-17E7-F14E-26430A45C01F</referredTableID>
<keyObject>13C9C694-F957-FC7A-D227-D2503E8C3457</keyObject>
<referredKeyID>13C9C694-F957-FC7A-D227-D2503E8C3457</referredKeyID>
<mandatory>true</mandatory>
<refColNames>transakcije_banka_id</refColNames>
<transferable>true</transferable>
<rely>false</rely>
<columnDependencyConstraintGenerateInDDL>true</columnDependencyConstraintGenerateInDDL>
</FKIndexAssociation>