<?xml version = '1.0' encoding = 'UTF-8'?>
<FKIndexAssociation class="oracle.dbtools.crest.model.design.relational.FKIndexAssociation" directorySegmentName="seg_1" id="478FD765-3F68-8BF4-7B88-6AF0C761CBE5" containerWithKeyObject="39119133-97BB-9FA5-085C-5DB6401DFE03" localFKIndex="11786BCC-D144-0AF9-B035-0A4DB2772F04" name="Zahtev_za_kredit_Kredit_FK">
<createdBy>Matija</createdBy>
<createdTime>2024-12-26 16:50:41 UTC</createdTime>
<ownerDesignName>Fizicki_model__12</ownerDesignName>
<referredTableLongName>Kredit</referredTableLongName>
<deleteRule>NO ACTION</deleteRule>
<referredTableID>CF7F268D-9A94-EF81-51E9-C40239037B4C</referredTableID>
<keyObject>45B4C3AC-7876-285B-F418-FFF2F171E8DA</keyObject>
<referredKeyID>45B4C3AC-7876-285B-F418-FFF2F171E8DA</referredKeyID>
<mandatory>true</mandatory>
<refColNames>kredit_id</refColNames>
<transferable>true</transferable>
<rely>false</rely>
<columnDependencyConstraintGenerateInDDL>true</columnDependencyConstraintGenerateInDDL>
</FKIndexAssociation>