<?xml version = '1.0' encoding = 'UTF-8'?>
<FKIndexAssociation class="oracle.dbtools.crest.model.design.relational.FKIndexAssociation" directorySegmentName="seg_1" id="4B650698-DF35-B4E9-3C55-55A79765ACA4" containerWithKeyObject="0E883536-D57C-5E91-493B-BD9B8495E806" localFKIndex="4A4588F8-85F2-264D-777C-70AA50DBB3AB" name="Lista_uslova_Uslovi_FK">
<createdBy>Matija</createdBy>
<createdTime>2024-12-05 16:24:08 UTC</createdTime>
<ownerDesignName>Fizicki_model__12</ownerDesignName>
<referredTableLongName>Uslovi</referredTableLongName>
<deleteRule>NO ACTION</deleteRule>
<referredTableID>02C43461-689B-5C9F-A593-5B7D1453E947</referredTableID>
<keyObject>EDE1DCA4-5522-F377-F3BC-7C9309DC3391</keyObject>
<referredKeyID>EDE1DCA4-5522-F377-F3BC-7C9309DC3391</referredKeyID>
<mandatory>true</mandatory>
<refColNames>uslovi_id</refColNames>
<transferable>true</transferable>
<rely>false</rely>
<columnDependencyConstraintGenerateInDDL>true</columnDependencyConstraintGenerateInDDL>
</FKIndexAssociation>