<?xml version = '1.0' encoding = 'UTF-8'?>
<FKIndexAssociation class="oracle.dbtools.crest.model.design.relational.FKIndexAssociation" directorySegmentName="seg_1" id="520F34DE-8224-B0CC-A759-925B023B3A95" containerWithKeyObject="18FBFF54-B706-FAB5-0BB7-89BD8BB66240" localFKIndex="29C4769D-9FFF-BD56-E5FD-ECB49998F8E4" name="Opsti_uslovi_Uslovi_FK">
<createdBy>Matija</createdBy>
<createdTime>2024-12-05 16:43:28 UTC</createdTime>
<ownerDesignName>Fizicki_model__12</ownerDesignName>
<referredTableLongName>Uslovi</referredTableLongName>
<deleteRule>NO ACTION</deleteRule>
<referredTableID>02C43461-689B-5C9F-A593-5B7D1453E947</referredTableID>
<keyObject>EDE1DCA4-5522-F377-F3BC-7C9309DC3391</keyObject>
<referredKeyID>EDE1DCA4-5522-F377-F3BC-7C9309DC3391</referredKeyID>
<mandatory>true</mandatory>
<refColNames>uslovi_id</refColNames>
<transferable>true</transferable>
<rely>false</rely>
<columnDependencyConstraintGenerateInDDL>true</columnDependencyConstraintGenerateInDDL>
</FKIndexAssociation>