<?xml version = '1.0' encoding = 'UTF-8'?>
<FKIndexAssociation class="oracle.dbtools.crest.model.design.relational.FKIndexAssociation" directorySegmentName="seg_1" id="688A57CE-4829-40BF-C910-69E8AAEC57D2" containerWithKeyObject="7A5DE316-10BD-17E7-F14E-26430A45C01F" localFKIndex="58CD8B8A-E911-22CE-A66F-99DCDD088C6C" name="Transakcije_banka_Tip_transakcija_banke_FK">
<createdBy>Matija</createdBy>
<createdTime>2024-12-05 19:57:00 UTC</createdTime>
<ownerDesignName>Fizicki_model__12</ownerDesignName>
<referredTableLongName>Tip_transakcija_banke</referredTableLongName>
<deleteRule>NO ACTION</deleteRule>
<referredTableID>0005C5F7-EFBA-5E14-440E-88FA8EFDD514</referredTableID>
<keyObject>83EAD5FA-BD39-EC8A-ED5A-68C47EFD0202</keyObject>
<referredKeyID>83EAD5FA-BD39-EC8A-ED5A-68C47EFD0202</referredKeyID>
<mandatory>true</mandatory>
<refColNames>tip_transakcija_banke_id</refColNames>
<transferable>true</transferable>
<rely>false</rely>
<columnDependencyConstraintGenerateInDDL>true</columnDependencyConstraintGenerateInDDL>
</FKIndexAssociation>