<?xml version = '1.0' encoding = 'UTF-8'?>
<FKIndexAssociation class="oracle.dbtools.crest.model.design.relational.FKIndexAssociation" directorySegmentName="seg_1" id="68B19A02-B205-F528-61B9-B9322AC395DA" containerWithKeyObject="F0228B39-69C4-3968-C7E6-A91F22EF5691" localFKIndex="578CEDEB-F2E4-E80D-C140-0001273A0055" name="Racun_konverzija_Menjacnica_FK">
<createdBy>Matija</createdBy>
<createdTime>2024-12-05 21:55:42 UTC</createdTime>
<ownerDesignName>Fizicki_model__12</ownerDesignName>
<referredTableLongName>Menjacnica</referredTableLongName>
<deleteRule>NO ACTION</deleteRule>
<referredTableID>3813490C-7C21-ED08-B9B4-B596E7037E56</referredTableID>
<keyObject>68CA74DA-44EF-143C-0454-FE01949979D3</keyObject>
<referredKeyID>68CA74DA-44EF-143C-0454-FE01949979D3</referredKeyID>
<mandatory>true</mandatory>
<refColNames>kurs_id</refColNames>
<transferable>true</transferable>
<rely>false</rely>
<columnDependencyConstraintGenerateInDDL>true</columnDependencyConstraintGenerateInDDL>
</FKIndexAssociation>