<?xml version = '1.0' encoding = 'UTF-8'?>
<FKIndexAssociation class="oracle.dbtools.crest.model.design.relational.FKIndexAssociation" directorySegmentName="seg_1" id="6D7779F3-BB13-BE9E-7F7F-0A512C49B104" containerWithKeyObject="E81132BB-7473-FCA9-50E0-663414BC4779" localFKIndex="6F9F8E3A-BD05-C82F-D235-7CBCF125E377" name="Izvod_plata_Firma_FK">
<createdBy>Matija</createdBy>
<createdTime>2024-12-05 17:31:28 UTC</createdTime>
<ownerDesignName>Fizicki_model__12</ownerDesignName>
<referredTableLongName>Firma</referredTableLongName>
<deleteRule>NO ACTION</deleteRule>
<referredTableID>468A060F-028E-0D5A-F03D-437D7D5C407D</referredTableID>
<keyObject>B0355C9E-D64A-AB46-0E08-275764BA382D</keyObject>
<referredKeyID>B0355C9E-D64A-AB46-0E08-275764BA382D</referredKeyID>
<mandatory>true</mandatory>
<refColNames>firma_id</refColNames>
<transferable>true</transferable>
<rely>false</rely>
<columnDependencyConstraintGenerateInDDL>true</columnDependencyConstraintGenerateInDDL>
</FKIndexAssociation>