<?xml version = '1.0' encoding = 'UTF-8'?>
<FKIndexAssociation class="oracle.dbtools.crest.model.design.relational.FKIndexAssociation" directorySegmentName="seg_1" id="731F4E65-72B4-3BAB-E540-0E8F18EBCC13" containerWithKeyObject="F0228B39-69C4-3968-C7E6-A91F22EF5691" localFKIndex="BF6D3683-E0C7-AC63-E17C-70D61796EC35" name="Prenos_razlicith_valuta_Transakcije_banka_FK">
<createdBy>Matija</createdBy>
<createdTime>2024-12-05 22:11:21 UTC</createdTime>
<ownerDesignName>Fizicki_model__12</ownerDesignName>
<referredTableLongName>Transakcije_banka</referredTableLongName>
<deleteRule>NO ACTION</deleteRule>
<referredTableID>7A5DE316-10BD-17E7-F14E-26430A45C01F</referredTableID>
<keyObject>13C9C694-F957-FC7A-D227-D2503E8C3457</keyObject>
<referredKeyID>13C9C694-F957-FC7A-D227-D2503E8C3457</referredKeyID>
<mandatory>true</mandatory>
<refColNames>transakcije_banka_id</refColNames>
<transferable>true</transferable>
<rely>false</rely>
<columnDependencyConstraintGenerateInDDL>true</columnDependencyConstraintGenerateInDDL>
</FKIndexAssociation>