<?xml version = '1.0' encoding = 'UTF-8'?>
<FKIndexAssociation class="oracle.dbtools.crest.model.design.relational.FKIndexAssociation" directorySegmentName="seg_1" id="77088918-21E2-97B4-06DA-6FD683B9E31D" containerWithKeyObject="D12FDC46-5A6B-E392-0829-F4CB7F179E00" localFKIndex="35758EF0-116B-AFB5-7291-FABA7A6A6E1A" name="Racun_racun_Transakcija_FK">
<createdBy>Matija</createdBy>
<createdTime>2024-12-05 17:43:31 UTC</createdTime>
<ownerDesignName>Fizicki_model__12</ownerDesignName>
<referredTableLongName>Transakcija</referredTableLongName>
<deleteRule>NO ACTION</deleteRule>
<referredTableID>EDEDF439-EEDA-BC41-D773-CB5538180796</referredTableID>
<keyObject>2B0D3F2B-7D65-5E1D-1738-FC3309E63E1B</keyObject>
<referredKeyID>2B0D3F2B-7D65-5E1D-1738-FC3309E63E1B</referredKeyID>
<mandatory>true</mandatory>
<refColNames>transakcija_id</refColNames>
<transferable>true</transferable>
<rely>false</rely>
<columnDependencyConstraintGenerateInDDL>true</columnDependencyConstraintGenerateInDDL>
</FKIndexAssociation>