<?xml version = '1.0' encoding = 'UTF-8'?>
<FKIndexAssociation class="oracle.dbtools.crest.model.design.relational.FKIndexAssociation" directorySegmentName="seg_1" id="784999A4-B812-57B0-99A2-D599808D3BB8" containerWithKeyObject="5CED7CC0-6895-A83C-8667-AECDC39430F6" localFKIndex="98D3C1A7-725F-65EC-9031-1DA41CBDCF2E" name="Pripadanje_Paketi_trosak_FK">
<createdBy>Matija</createdBy>
<createdTime>2024-12-26 16:36:27 UTC</createdTime>
<ownerDesignName>Fizicki_model__12</ownerDesignName>
<referredTableLongName>Paketi_trosak</referredTableLongName>
<deleteRule>NO ACTION</deleteRule>
<referredTableID>53DFC080-1B77-BF2F-9076-405D058703F6</referredTableID>
<keyObject>9823CD32-C9FD-525D-CC79-8607E3835AF5</keyObject>
<referredKeyID>9823CD32-C9FD-525D-CC79-8607E3835AF5</referredKeyID>
<mandatory>true</mandatory>
<refColNames>paket_trosak_id</refColNames>
<transferable>true</transferable>
<rely>false</rely>
<columnDependencyConstraintGenerateInDDL>true</columnDependencyConstraintGenerateInDDL>
</FKIndexAssociation>