<?xml version = '1.0' encoding = 'UTF-8'?>
<FKIndexAssociation class="oracle.dbtools.crest.model.design.relational.FKIndexAssociation" directorySegmentName="seg_1" id="81199889-A260-9A0D-0482-67312ECFD6FC" containerWithKeyObject="A306EAB8-4C0A-66AA-19B7-442B8AF978DB" localFKIndex="5AC75D30-4A00-D99E-2416-D7568FB02E1E" name="Zirant_Kredit_FK">
<createdBy>Matija</createdBy>
<createdTime>2024-11-28 17:55:16 UTC</createdTime>
<ownerDesignName>Fizicki_model__12</ownerDesignName>
<referredTableLongName>Kredit</referredTableLongName>
<deleteRule>NO ACTION</deleteRule>
<referredTableID>CF7F268D-9A94-EF81-51E9-C40239037B4C</referredTableID>
<keyObject>45B4C3AC-7876-285B-F418-FFF2F171E8DA</keyObject>
<referredKeyID>45B4C3AC-7876-285B-F418-FFF2F171E8DA</referredKeyID>
<mandatory>true</mandatory>
<refColNames>kredit_id</refColNames>
<transferable>true</transferable>
<rely>false</rely>
<columnDependencyConstraintGenerateInDDL>true</columnDependencyConstraintGenerateInDDL>
</FKIndexAssociation>