<?xml version = '1.0' encoding = 'UTF-8'?>
<FKIndexAssociation class="oracle.dbtools.crest.model.design.relational.FKIndexAssociation" directorySegmentName="seg_1" id="965D7C2A-B2AB-90DB-0A9B-DCE98A557B3B" containerWithKeyObject="C29C3AEE-A849-BAE5-A8F7-78A76405C60E" localFKIndex="0B496472-08C3-BC1D-324B-5511B70D6F16" name="Salter_Transakcija_FK">
<createdBy>Matija</createdBy>
<createdTime>2024-12-05 17:38:43 UTC</createdTime>
<ownerDesignName>Fizicki_model__12</ownerDesignName>
<referredTableLongName>Transakcija</referredTableLongName>
<deleteRule>NO ACTION</deleteRule>
<referredTableID>EDEDF439-EEDA-BC41-D773-CB5538180796</referredTableID>
<keyObject>2B0D3F2B-7D65-5E1D-1738-FC3309E63E1B</keyObject>
<referredKeyID>2B0D3F2B-7D65-5E1D-1738-FC3309E63E1B</referredKeyID>
<mandatory>true</mandatory>
<refColNames>transakcija_id</refColNames>
<transferable>true</transferable>
<rely>false</rely>
<columnDependencyConstraintGenerateInDDL>true</columnDependencyConstraintGenerateInDDL>
</FKIndexAssociation>