<?xml version = '1.0' encoding = 'UTF-8'?>
<FKIndexAssociation class="oracle.dbtools.crest.model.design.relational.FKIndexAssociation" directorySegmentName="seg_1" id="9E5AE3BA-2788-F257-5473-7AE2A406F025" containerWithKeyObject="9E0EF5E8-3660-BA97-B29E-F11C5711D8F9" localFKIndex="F57BCECD-7F89-F496-1C27-33E7469F9F19" name="Klijentovo_stanje_Fond_FK">
<createdBy>Matija</createdBy>
<createdTime>2024-12-26 23:04:35 UTC</createdTime>
<ownerDesignName>Fizicki_model__12</ownerDesignName>
<referredTableLongName>Fond</referredTableLongName>
<deleteRule>NO ACTION</deleteRule>
<referredTableID>7F96D6BE-C873-B4B5-7613-2D26EEA6AF76</referredTableID>
<keyObject>35BA698C-6B74-934F-C096-37B0353379F2</keyObject>
<referredKeyID>35BA698C-6B74-934F-C096-37B0353379F2</referredKeyID>
<mandatory>true</mandatory>
<refColNames>fond_id</refColNames>
<transferable>true</transferable>
<rely>false</rely>
<columnDependencyConstraintGenerateInDDL>true</columnDependencyConstraintGenerateInDDL>
</FKIndexAssociation>