<?xml version = '1.0' encoding = 'UTF-8'?>
<FKIndexAssociation class="oracle.dbtools.crest.model.design.relational.FKIndexAssociation" directorySegmentName="seg_1" id="A459DDE2-92D0-4DA2-B330-7915D98674A6" containerWithKeyObject="672F3BDB-8357-16DE-17A5-05C6CE3822D2" localFKIndex="2E3CBC4D-F8F7-F51E-3BC7-E0A18AA37B36" name="Pocetno_pozajnica_Transakcije_banka_FK">
<createdBy>Matija</createdBy>
<createdTime>2024-12-05 20:32:17 UTC</createdTime>
<ownerDesignName>Fizicki_model__12</ownerDesignName>
<referredTableLongName>Transakcije_banka</referredTableLongName>
<deleteRule>NO ACTION</deleteRule>
<referredTableID>7A5DE316-10BD-17E7-F14E-26430A45C01F</referredTableID>
<keyObject>13C9C694-F957-FC7A-D227-D2503E8C3457</keyObject>
<referredKeyID>13C9C694-F957-FC7A-D227-D2503E8C3457</referredKeyID>
<mandatory>true</mandatory>
<refColNames>transakcije_banka_id</refColNames>
<transferable>true</transferable>
<rely>false</rely>
<columnDependencyConstraintGenerateInDDL>true</columnDependencyConstraintGenerateInDDL>
</FKIndexAssociation>