<?xml version = '1.0' encoding = 'UTF-8'?>
<FKIndexAssociation class="oracle.dbtools.crest.model.design.relational.FKIndexAssociation" directorySegmentName="seg_1" id="A99CFAB4-7743-B2AC-023D-E40F544F6222" containerWithKeyObject="015F9AB0-5D06-9A45-252C-20C914C15204" localFKIndex="8373EAC2-507E-8C76-EBF6-33ED4F269EA6" name="Istorija_racuna_banke_Banka_FK">
<createdBy>Matija</createdBy>
<createdTime>2024-12-05 20:02:58 UTC</createdTime>
<ownerDesignName>Fizicki_model__12</ownerDesignName>
<referredTableLongName>Banka</referredTableLongName>
<deleteRule>NO ACTION</deleteRule>
<referredTableID>A5C6BD7C-C30A-805E-D4CB-BE359D02EB06</referredTableID>
<keyObject>6F4F4FE2-3626-490F-6D59-D50A4BE63744</keyObject>
<referredKeyID>6F4F4FE2-3626-490F-6D59-D50A4BE63744</referredKeyID>
<mandatory>true</mandatory>
<refColNames>banka_id</refColNames>
<transferable>true</transferable>
<rely>false</rely>
<columnDependencyConstraintGenerateInDDL>true</columnDependencyConstraintGenerateInDDL>
</FKIndexAssociation>