<?xml version = '1.0' encoding = 'UTF-8'?>
<FKIndexAssociation class="oracle.dbtools.crest.model.design.relational.FKIndexAssociation" directorySegmentName="seg_1" id="AB982FDE-5D61-F7C4-2867-6BED2B5668B2" containerWithKeyObject="EE7DE9F9-5C23-93DC-D8ED-EAE9B5F921DC" localFKIndex="40725F9B-317C-B16D-727C-8457A02360C2" name="Ulaganje_Transakcija_FK">
<createdBy>Matija</createdBy>
<createdTime>2024-12-26 18:27:35 UTC</createdTime>
<ownerDesignName>Fizicki_model__12</ownerDesignName>
<referredTableLongName>Transakcija</referredTableLongName>
<deleteRule>NO ACTION</deleteRule>
<referredTableID>EDEDF439-EEDA-BC41-D773-CB5538180796</referredTableID>
<keyObject>2B0D3F2B-7D65-5E1D-1738-FC3309E63E1B</keyObject>
<referredKeyID>2B0D3F2B-7D65-5E1D-1738-FC3309E63E1B</referredKeyID>
<mandatory>true</mandatory>
<refColNames>transakcija_id</refColNames>
<transferable>true</transferable>
<rely>false</rely>
<columnDependencyConstraintGenerateInDDL>true</columnDependencyConstraintGenerateInDDL>
</FKIndexAssociation>