<?xml version = '1.0' encoding = 'UTF-8'?>
<FKIndexAssociation class="oracle.dbtools.crest.model.design.relational.FKIndexAssociation" directorySegmentName="seg_1" id="AF33BBE4-1AF2-8171-C094-2EEF2EF1BA83" containerWithKeyObject="880B9AC4-A6A6-6E28-1283-115313019F8B" localFKIndex="28519F72-1D3C-291B-75D3-05D0E3AB2639" name="Kontrola_Clan_kontrole_FK">
<createdBy>Matija</createdBy>
<createdTime>2024-12-27 00:02:00 UTC</createdTime>
<ownerDesignName>Fizicki_model__12</ownerDesignName>
<referredTableLongName>Clan_kontrole</referredTableLongName>
<deleteRule>NO ACTION</deleteRule>
<referredTableID>560401A8-0A0D-0F9E-A754-440ED7122151</referredTableID>
<keyObject>C75058E0-6E4F-D494-0713-81C87CFF9A39</keyObject>
<referredKeyID>C75058E0-6E4F-D494-0713-81C87CFF9A39</referredKeyID>
<mandatory>true</mandatory>
<refColNames>clan_kontrole_id</refColNames>
<transferable>true</transferable>
<rely>false</rely>
<columnDependencyConstraintGenerateInDDL>true</columnDependencyConstraintGenerateInDDL>
</FKIndexAssociation>