<?xml version = '1.0' encoding = 'UTF-8'?>
<FKIndexAssociation class="oracle.dbtools.crest.model.design.relational.FKIndexAssociation" directorySegmentName="seg_1" id="B0D76910-202D-FE7A-561F-BBFA61A03EE7" containerWithKeyObject="DEB5A4A5-5433-4EA2-AB46-EA50AADDA59A" localFKIndex="B6671FEC-CCE9-F427-BD38-754AA7A54EA7" name="Isotrija_transakcija_banke_Racun_banka_FK">
<createdBy>Matija</createdBy>
<createdTime>2024-12-05 19:51:19 UTC</createdTime>
<ownerDesignName>Fizicki_model__12</ownerDesignName>
<referredTableLongName>Racun_banka</referredTableLongName>
<deleteRule>NO ACTION</deleteRule>
<referredTableID>775733C9-3013-8182-9BBE-0FDC62EA0C8B</referredTableID>
<keyObject>DC367773-AA3E-B25F-2D4B-F0DC801D900E</keyObject>
<referredKeyID>DC367773-AA3E-B25F-2D4B-F0DC801D900E</referredKeyID>
<mandatory>true</mandatory>
<refColNames>racun_banka_id</refColNames>
<transferable>true</transferable>
<rely>false</rely>
<columnDependencyConstraintGenerateInDDL>true</columnDependencyConstraintGenerateInDDL>
</FKIndexAssociation>