<?xml version = '1.0' encoding = 'UTF-8'?>
<FKIndexAssociation class="oracle.dbtools.crest.model.design.relational.FKIndexAssociation" directorySegmentName="seg_1" id="B85BE60D-CE46-3AD9-9F7A-E169162818A6" containerWithKeyObject="3813490C-7C21-ED08-B9B4-B596E7037E56" localFKIndex="B3D4EED1-5DE6-85E0-D6DA-9B7542214562" name="Menjacnica_Valuta_FKv2">
<createdBy>Matija</createdBy>
<createdTime>2024-12-05 21:52:10 UTC</createdTime>
<ownerDesignName>Fizicki_model__12</ownerDesignName>
<referredTableLongName>Valuta</referredTableLongName>
<deleteRule>NO ACTION</deleteRule>
<referredTableID>04857AE0-2114-B9AD-B5D0-FD4C3C909EDE</referredTableID>
<keyObject>581D96BC-E63E-F67E-CB92-FAC06D25444D</keyObject>
<referredKeyID>581D96BC-E63E-F67E-CB92-FAC06D25444D</referredKeyID>
<mandatory>true</mandatory>
<refColNames>valuta_id</refColNames>
<transferable>true</transferable>
<rely>false</rely>
<columnDependencyConstraintGenerateInDDL>true</columnDependencyConstraintGenerateInDDL>
</FKIndexAssociation>