<?xml version = '1.0' encoding = 'UTF-8'?>
<FKIndexAssociation class="oracle.dbtools.crest.model.design.relational.FKIndexAssociation" directorySegmentName="seg_1" id="C91A889C-0896-1A0F-0F00-743C6705AF38" containerWithKeyObject="DEB5A4A5-5433-4EA2-AB46-EA50AADDA59A" localFKIndex="8FCFD103-4CD0-6713-BC2B-97EC7D2E7968" name="Isotrija_transakcija_banke_Transakcije_banka_FK">
<createdBy>Matija</createdBy>
<createdTime>2024-12-05 19:53:39 UTC</createdTime>
<ownerDesignName>Fizicki_model__12</ownerDesignName>
<referredTableLongName>Transakcije_banka</referredTableLongName>
<deleteRule>NO ACTION</deleteRule>
<referredTableID>7A5DE316-10BD-17E7-F14E-26430A45C01F</referredTableID>
<keyObject>13C9C694-F957-FC7A-D227-D2503E8C3457</keyObject>
<referredKeyID>13C9C694-F957-FC7A-D227-D2503E8C3457</referredKeyID>
<mandatory>true</mandatory>
<refColNames>transakcije_banka_id</refColNames>
<transferable>true</transferable>
<rely>false</rely>
<columnDependencyConstraintGenerateInDDL>true</columnDependencyConstraintGenerateInDDL>
</FKIndexAssociation>