<?xml version = '1.0' encoding = 'UTF-8'?>
<FKIndexAssociation class="oracle.dbtools.crest.model.design.relational.FKIndexAssociation" directorySegmentName="seg_1" id="CB669197-2657-1C6B-BFF3-96D89598F6D3" containerWithKeyObject="D762854A-CA82-4AD1-38C4-97847C5FCCB1" localFKIndex="8115572C-979C-1CDC-12C6-FAC6C77286B7" name="Upravljaju_Fond_FK">
<createdBy>Matija</createdBy>
<createdTime>2024-12-26 23:36:31 UTC</createdTime>
<ownerDesignName>Fizicki_model__12</ownerDesignName>
<referredTableLongName>Fond</referredTableLongName>
<deleteRule>NO ACTION</deleteRule>
<referredTableID>7F96D6BE-C873-B4B5-7613-2D26EEA6AF76</referredTableID>
<keyObject>35BA698C-6B74-934F-C096-37B0353379F2</keyObject>
<referredKeyID>35BA698C-6B74-934F-C096-37B0353379F2</referredKeyID>
<mandatory>true</mandatory>
<refColNames>fond_id</refColNames>
<transferable>true</transferable>
<rely>false</rely>
<columnDependencyConstraintGenerateInDDL>true</columnDependencyConstraintGenerateInDDL>
</FKIndexAssociation>