<?xml version = '1.0' encoding = 'UTF-8'?>
<FKIndexAssociation class="oracle.dbtools.crest.model.design.relational.FKIndexAssociation" directorySegmentName="seg_1" id="CCD48EF0-3E5F-20A5-867A-556209975D9B" containerWithKeyObject="3813490C-7C21-ED08-B9B4-B596E7037E56" localFKIndex="D491813F-8DA4-2851-5702-77FE1607F942" name="Menjacnica_Valuta_FK">
<createdBy>Matija</createdBy>
<createdTime>2024-12-05 21:52:10 UTC</createdTime>
<ownerDesignName>Fizicki_model__12</ownerDesignName>
<referredTableLongName>Valuta</referredTableLongName>
<deleteRule>NO ACTION</deleteRule>
<referredTableID>04857AE0-2114-B9AD-B5D0-FD4C3C909EDE</referredTableID>
<keyObject>581D96BC-E63E-F67E-CB92-FAC06D25444D</keyObject>
<referredKeyID>581D96BC-E63E-F67E-CB92-FAC06D25444D</referredKeyID>
<mandatory>true</mandatory>
<refColNames>valuta_id</refColNames>
<transferable>true</transferable>
<rely>false</rely>
<columnDependencyConstraintGenerateInDDL>true</columnDependencyConstraintGenerateInDDL>
</FKIndexAssociation>