<?xml version = '1.0' encoding = 'UTF-8'?>
<FKIndexAssociation class="oracle.dbtools.crest.model.design.relational.FKIndexAssociation" directorySegmentName="seg_1" id="D7246A9B-7BE9-5F88-6A2E-F8EBA30F5CD1" containerWithKeyObject="97C8CB4C-5F74-FA48-A7A1-18DC0D742D3E" localFKIndex="AD905B5B-361A-D501-3B24-66EE21FF6560" name="Naknada_za_upravljanje_Transakcija_FK">
<createdBy>Matija</createdBy>
<createdTime>2024-12-26 23:24:42 UTC</createdTime>
<ownerDesignName>Fizicki_model__12</ownerDesignName>
<referredTableLongName>Transakcija</referredTableLongName>
<deleteRule>NO ACTION</deleteRule>
<referredTableID>EDEDF439-EEDA-BC41-D773-CB5538180796</referredTableID>
<keyObject>2B0D3F2B-7D65-5E1D-1738-FC3309E63E1B</keyObject>
<referredKeyID>2B0D3F2B-7D65-5E1D-1738-FC3309E63E1B</referredKeyID>
<mandatory>true</mandatory>
<refColNames>transakcija_id</refColNames>
<transferable>true</transferable>
<rely>false</rely>
<columnDependencyConstraintGenerateInDDL>true</columnDependencyConstraintGenerateInDDL>
</FKIndexAssociation>