<?xml version = '1.0' encoding = 'UTF-8'?>
<FKIndexAssociation class="oracle.dbtools.crest.model.design.relational.FKIndexAssociation" directorySegmentName="seg_1" id="D76B2ED2-A004-6E83-1957-33DCEF36B441" containerWithKeyObject="015F9AB0-5D06-9A45-252C-20C914C15204" localFKIndex="C004894B-1F46-5FDE-91B6-CA1907DAF4B5" name="Istorija_racuna_banke_Racun_banka_FK">
<createdBy>Matija</createdBy>
<createdTime>2024-12-05 20:02:58 UTC</createdTime>
<ownerDesignName>Fizicki_model__12</ownerDesignName>
<referredTableLongName>Racun_banka</referredTableLongName>
<deleteRule>NO ACTION</deleteRule>
<referredTableID>775733C9-3013-8182-9BBE-0FDC62EA0C8B</referredTableID>
<keyObject>DC367773-AA3E-B25F-2D4B-F0DC801D900E</keyObject>
<referredKeyID>DC367773-AA3E-B25F-2D4B-F0DC801D900E</referredKeyID>
<mandatory>true</mandatory>
<refColNames>racun_banka_id</refColNames>
<transferable>true</transferable>
<rely>false</rely>
<columnDependencyConstraintGenerateInDDL>true</columnDependencyConstraintGenerateInDDL>
</FKIndexAssociation>