<?xml version = '1.0' encoding = 'UTF-8'?>
<FKIndexAssociation class="oracle.dbtools.crest.model.design.relational.FKIndexAssociation" directorySegmentName="seg_1" id="E3B027F0-1D12-4FCB-6B01-EB2DCEDE0D75" containerWithKeyObject="CF7F268D-9A94-EF81-51E9-C40239037B4C" localFKIndex="AB787F09-08A5-D653-D366-0A6F51693D79" name="Kredit_Paket_kredita_FK">
<createdBy>Matija</createdBy>
<createdTime>2024-12-05 18:11:23 UTC</createdTime>
<ownerDesignName>Fizicki_model__12</ownerDesignName>
<referredTableLongName>Paket_kredita</referredTableLongName>
<deleteRule>NO ACTION</deleteRule>
<referredTableID>CAA35CD1-BF5E-8C65-F4F5-4733FE986DF9</referredTableID>
<keyObject>6AA56651-932E-51C2-D926-E66D2886BD50</keyObject>
<referredKeyID>6AA56651-932E-51C2-D926-E66D2886BD50</referredKeyID>
<mandatory>true</mandatory>
<refColNames>paket_kredita_id</refColNames>
<transferable>true</transferable>
<rely>false</rely>
<columnDependencyConstraintGenerateInDDL>true</columnDependencyConstraintGenerateInDDL>
</FKIndexAssociation>