<?xml version = '1.0' encoding = 'UTF-8'?>
<FKIndexAssociation class="oracle.dbtools.crest.model.design.relational.FKIndexAssociation" directorySegmentName="seg_1" id="EDDFBE00-188B-6AEE-2D4F-A4BEA6FE6C87" containerWithKeyObject="880B9AC4-A6A6-6E28-1283-115313019F8B" localFKIndex="79A3CA87-EBD0-5114-2D2B-346603C5E66D" name="Kontrola_Fond_FK">
<createdBy>Matija</createdBy>
<createdTime>2024-12-27 00:02:00 UTC</createdTime>
<ownerDesignName>Fizicki_model__12</ownerDesignName>
<referredTableLongName>Fond</referredTableLongName>
<deleteRule>NO ACTION</deleteRule>
<referredTableID>7F96D6BE-C873-B4B5-7613-2D26EEA6AF76</referredTableID>
<keyObject>35BA698C-6B74-934F-C096-37B0353379F2</keyObject>
<referredKeyID>35BA698C-6B74-934F-C096-37B0353379F2</referredKeyID>
<mandatory>true</mandatory>
<refColNames>fond_id</refColNames>
<transferable>true</transferable>
<rely>false</rely>
<columnDependencyConstraintGenerateInDDL>true</columnDependencyConstraintGenerateInDDL>
</FKIndexAssociation>