<?xml version = '1.0' encoding = 'UTF-8'?>
<FKIndexAssociation class="oracle.dbtools.crest.model.design.relational.FKIndexAssociation" directorySegmentName="seg_1" id="F3FE510C-17EE-C044-9E75-17890FE6F6C1" containerWithKeyObject="02C43461-689B-5C9F-A593-5B7D1453E947" localFKIndex="5A1988E7-E26B-5719-B520-9F8640EB31F2" name="Uslovi_Tip_uslova_FK">
<createdBy>Matija</createdBy>
<createdTime>2024-12-05 16:36:20 UTC</createdTime>
<ownerDesignName>Fizicki_model__12</ownerDesignName>
<referredTableLongName>Tip_uslova</referredTableLongName>
<deleteRule>NO ACTION</deleteRule>
<referredTableID>6E152DB4-B550-84EF-8391-4AFC754B42E4</referredTableID>
<keyObject>E2939ECB-561F-861A-03F1-31C5A5E3A230</keyObject>
<referredKeyID>E2939ECB-561F-861A-03F1-31C5A5E3A230</referredKeyID>
<mandatory>true</mandatory>
<refColNames>tip_uslova_id</refColNames>
<transferable>true</transferable>
<rely>false</rely>
<columnDependencyConstraintGenerateInDDL>true</columnDependencyConstraintGenerateInDDL>
</FKIndexAssociation>