<?xml version = '1.0' encoding = 'UTF-8'?>
<Diagram class="oracle.dbtools.crest.swingui.relational.DPVRelationalSubView" name="Kampanja" id="1850798F-B59E-9FA1-527C-232D87079FFF">
<createdBy>Matija</createdBy>
<modifiedBy>Matija</modifiedBy>
<createdTime>2024-12-19 16:28:48 UTC</createdTime>
<autoRoute>false</autoRoute>
<boxInbox>true</boxInbox>
<showLegend>false</showLegend>
<showLabels>false</showLabels>
<showRelAttributes>false</showRelAttributes>
<gridEnabled>false</gridEnabled>
<showGrid>false</showGrid>
<diagramColor>-1</diagramColor>
<display>false</display>
<notation>1</notation>
<objectViews>
<OView class="oracle.dbtools.crest.swingui.relational.TVTable" oid="2B930C93-7DB3-538E-49DE-4117AC3438AB" otype="Table" vid="15163959-6AFC-A28B-9D05-6752079D915F">
<hideElementsInCurrentOnly>false</hideElementsInCurrentOnly>
<bounds x="940" y="597" width="170" height="110"/>
</OView>
<OView class="oracle.dbtools.crest.swingui.relational.TVTable" oid="3F03DF41-2E43-BD02-CA14-31B32352952D" otype="Table" vid="876EC964-B6BB-4419-9CD6-48ADF43BF105">
<hideElementsInCurrentOnly>false</hideElementsInCurrentOnly>
<bounds x="1094" y="331" width="201" height="132"/>
</OView>
<OView class="oracle.dbtools.crest.swingui.relational.TVTable" oid="53DFC080-1B77-BF2F-9076-405D058703F6" otype="Table" vid="5F546B2B-9E51-760D-5C98-D163C46E0587">
<hideElementsInCurrentOnly>false</hideElementsInCurrentOnly>
<bounds x="366" y="329" width="195" height="135"/>
</OView>
<OView class="oracle.dbtools.crest.swingui.relational.TVTable" oid="5CED7CC0-6895-A83C-8667-AECDC39430F6" otype="Table" vid="832C4CCF-6754-D4D5-CCC7-49F13EB236A0">
<hideElementsInCurrentOnly>false</hideElementsInCurrentOnly>
<bounds x="611" y="331" width="170" height="133"/>
</OView>
<OView class="oracle.dbtools.crest.swingui.relational.TVTable" oid="652B5345-31CB-1162-9774-055B6762F0BA" otype="Table" vid="8A03E2E3-1162-6E55-36FD-BD29E3DFDA46">
<hideElementsInCurrentOnly>false</hideElementsInCurrentOnly>
<bounds x="753" y="595" width="170" height="110"/>
</OView>
<OView class="oracle.dbtools.crest.swingui.relational.TVTable" oid="91699EF3-724D-C241-5648-7EC00E41682B" otype="Table" vid="59200E58-75E1-643F-60FB-5FA66912B3E8">
<hideElementsInCurrentOnly>false</hideElementsInCurrentOnly>
<bounds x="837" y="331" width="199" height="134"/>
</OView>
<OView class="oracle.dbtools.crest.swingui.relational.TVTable" oid="A5C6BD7C-C30A-805E-D4CB-BE359D02EB06" otype="Table" vid="0D60B991-6820-3201-03FD-815BF88ABF9A">
<hideElementsInCurrentOnly>false</hideElementsInCurrentOnly>
<bounds x="74" y="57" width="254" height="110"/>
</OView>
<OView class="oracle.dbtools.crest.swingui.relational.TVTable" oid="E07B82A8-93BD-8DF7-DFE0-290E7BCE3126" otype="Table" vid="3B842C22-417C-A4AC-B291-97309A8089DE">
<hideElementsInCurrentOnly>false</hideElementsInCurrentOnly>
<bounds x="73" y="194" width="256" height="110"/>
</OView>
<OView class="oracle.dbtools.crest.swingui.relational.TVTable" oid="EEB78D2A-468C-3879-C8E0-4BE3891B7881" otype="Table" vid="F2E96B12-D48D-289D-00DC-A478CF7B9962">
<hideElementsInCurrentOnly>false</hideElementsInCurrentOnly>
<bounds x="72" y="327" width="259" height="137"/>
</OView>
</objectViews>
<connectors>
<Connector class="oracle.dbtools.crest.swingui.relational.TVFKRelation" oid="110D52C1-4D2A-8D06-3226-738C1D83D0A7" otype="FKIndexAssociation" vid_source="59200E58-75E1-643F-60FB-5FA66912B3E8" vid_target="15163959-6AFC-A28B-9D05-6752079D915F">
<hideElementsInCurrentOnly>false</hideElementsInCurrentOnly>
<backgroundColor>-16777216</backgroundColor>
<lineWidth>1</lineWidth>
<points>
<point x="988" y="465"/>
<point x="988" y="597"/>
</points>
</Connector>
<Connector class="oracle.dbtools.crest.swingui.relational.TVFKRelation" oid="1BB8488F-FF2E-A3AB-14FE-A5CAB1BC36FC" otype="FKIndexAssociation" vid_source="59200E58-75E1-643F-60FB-5FA66912B3E8" vid_target="832C4CCF-6754-D4D5-CCC7-49F13EB236A0">
<hideElementsInCurrentOnly>false</hideElementsInCurrentOnly>
<backgroundColor>-16777216</backgroundColor>
<lineWidth>1</lineWidth>
<points>
<point x="837" y="397"/>
<point x="781" y="397"/>
</points>
</Connector>
<Connector class="oracle.dbtools.crest.swingui.relational.TVFKRelation" oid="46C7E2CD-3963-13EF-6DC5-5835E5DB6EBA" otype="FKIndexAssociation" vid_source="876EC964-B6BB-4419-9CD6-48ADF43BF105" vid_target="59200E58-75E1-643F-60FB-5FA66912B3E8">
<hideElementsInCurrentOnly>false</hideElementsInCurrentOnly>
<backgroundColor>-16777216</backgroundColor>
<lineWidth>1</lineWidth>
<points>
<point x="1094" y="397"/>
<point x="1036" y="397"/>
</points>
</Connector>
<Connector class="oracle.dbtools.crest.swingui.relational.TVFKRelation" oid="5A4DE64A-5716-FBAA-8A7F-ECD33B0BAEA0" otype="FKIndexAssociation" vid_source="0D60B991-6820-3201-03FD-815BF88ABF9A" vid_target="3B842C22-417C-A4AC-B291-97309A8089DE">
<hideElementsInCurrentOnly>false</hideElementsInCurrentOnly>
<backgroundColor>-16777216</backgroundColor>
<lineWidth>1</lineWidth>
<points>
<point x="201" y="167"/>
<point x="201" y="194"/>
</points>
</Connector>
<Connector class="oracle.dbtools.crest.swingui.relational.TVFKRelation" oid="5BC165CE-A9AD-130D-6D53-5CAE9AE88481" otype="FKIndexAssociation" vid_source="5F546B2B-9E51-760D-5C98-D163C46E0587" vid_target="F2E96B12-D48D-289D-00DC-A478CF7B9962">
<hideElementsInCurrentOnly>false</hideElementsInCurrentOnly>
<backgroundColor>-16777216</backgroundColor>
<lineWidth>1</lineWidth>
<points>
<point x="366" y="396"/>
<point x="331" y="396"/>
</points>
</Connector>
<Connector class="oracle.dbtools.crest.swingui.relational.TVFKRelation" oid="784999A4-B812-57B0-99A2-D599808D3BB8" otype="FKIndexAssociation" vid_source="5F546B2B-9E51-760D-5C98-D163C46E0587" vid_target="832C4CCF-6754-D4D5-CCC7-49F13EB236A0">
<hideElementsInCurrentOnly>false</hideElementsInCurrentOnly>
<backgroundColor>-16777216</backgroundColor>
<lineWidth>1</lineWidth>
<points>
<point x="561" y="397"/>
<point x="611" y="397"/>
</points>
</Connector>
<Connector class="oracle.dbtools.crest.swingui.relational.TVFKRelation" oid="F1E9AEB5-07AE-E21E-2FDA-1BDE7E956C38" otype="FKIndexAssociation" vid_source="59200E58-75E1-643F-60FB-5FA66912B3E8" vid_target="8A03E2E3-1162-6E55-36FD-BD29E3DFDA46">
<hideElementsInCurrentOnly>false</hideElementsInCurrentOnly>
<backgroundColor>-16777216</backgroundColor>
<lineWidth>1</lineWidth>
<points>
<point x="880" y="465"/>
<point x="880" y="595"/>
</points>
</Connector>
<Connector class="oracle.dbtools.crest.swingui.relational.TVFKRelation" oid="FEECBC6C-02A5-AE81-914C-584FBCB87749" otype="FKIndexAssociation" vid_source="3B842C22-417C-A4AC-B291-97309A8089DE" vid_target="F2E96B12-D48D-289D-00DC-A478CF7B9962">
<hideElementsInCurrentOnly>false</hideElementsInCurrentOnly>
<backgroundColor>-16777216</backgroundColor>
<lineWidth>1</lineWidth>
<points>
<point x="201" y="304"/>
<point x="201" y="327"/>
</points>
</Connector>
</connectors>
</Diagram>