<?xml version = '1.0' encoding = 'UTF-8'?>
<Diagram class="oracle.dbtools.crest.swingui.relational.DPVRelationalSubView" name="Kredit" id="7304FBFD-9670-418A-B513-0D45114C1433">
<createdBy>Matija</createdBy>
<modifiedBy>Matija</modifiedBy>
<createdTime>2024-12-19 17:37:00 UTC</createdTime>
<autoRoute>false</autoRoute>
<boxInbox>true</boxInbox>
<showLegend>false</showLegend>
<showLabels>false</showLabels>
<showRelAttributes>false</showRelAttributes>
<gridEnabled>false</gridEnabled>
<showGrid>false</showGrid>
<diagramColor>-1</diagramColor>
<display>false</display>
<notation>1</notation>
<objectViews>
<OView class="oracle.dbtools.crest.swingui.relational.TVTable" oid="0005C5F7-EFBA-5E14-440E-88FA8EFDD514" otype="Table" vid="344F9D59-AA37-A2D1-D505-7493A8BEBA30">
<hideElementsInCurrentOnly>false</hideElementsInCurrentOnly>
<bounds x="1566" y="848" width="257" height="111"/>
</OView>
<OView class="oracle.dbtools.crest.swingui.relational.TVTable" oid="015F9AB0-5D06-9A45-252C-20C914C15204" otype="Table" vid="A540C43D-B976-6B5F-05A7-26926F393920">
<hideElementsInCurrentOnly>false</hideElementsInCurrentOnly>
<bounds x="1572" y="157" width="250" height="167"/>
</OView>
<OView class="oracle.dbtools.crest.swingui.relational.TVTable" oid="02C43461-689B-5C9F-A593-5B7D1453E947" otype="Table" vid="ADE3A926-29F6-351F-81DA-21C12C96A196">
<hideElementsInCurrentOnly>false</hideElementsInCurrentOnly>
<bounds x="60" y="191" width="221" height="111"/>
</OView>
<OView class="oracle.dbtools.crest.swingui.relational.TVTable" oid="04857AE0-2114-B9AD-B5D0-FD4C3C909EDE" otype="Table" vid="9A84C4CC-9B01-13BD-6002-7693095E16AC">
<hideElementsInCurrentOnly>false</hideElementsInCurrentOnly>
<bounds x="894" y="78" width="229" height="90"/>
</OView>
<OView class="oracle.dbtools.crest.swingui.relational.TVTable" oid="0E883536-D57C-5E91-493B-BD9B8495E806" otype="Table" vid="9706A983-9D7D-5AAD-D53E-6EBEA096F997">
<hideElementsInCurrentOnly>false</hideElementsInCurrentOnly>
<bounds x="58" y="342" width="222" height="144"/>
</OView>
<OView class="oracle.dbtools.crest.swingui.relational.TVTable" oid="18FBFF54-B706-FAB5-0BB7-89BD8BB66240" otype="Table" vid="7CDD830A-6E98-7347-7436-27DB3037D324">
<hideElementsInCurrentOnly>false</hideElementsInCurrentOnly>
<bounds x="387" y="81" width="254" height="157"/>
</OView>
<OView class="oracle.dbtools.crest.swingui.relational.TVTable" oid="253C0E14-C77E-B4F5-3F3F-CC84BCDA4E7E" otype="Table" vid="EE4FFF94-4741-C3D8-2DCA-D5D636292E33">
<hideElementsInCurrentOnly>false</hideElementsInCurrentOnly>
<bounds x="400" y="671" width="245" height="178"/>
</OView>
<OView class="oracle.dbtools.crest.swingui.relational.TVTable" oid="2CEE4199-FB67-B20F-4C15-DFE4E27B22DD" otype="Table" vid="43BCF548-5911-536F-1D43-A8093FB8F600">
<hideElementsInCurrentOnly>false</hideElementsInCurrentOnly>
<bounds x="1154" y="618" width="314" height="142"/>
</OView>
<OView class="oracle.dbtools.crest.swingui.relational.TVTable" oid="39119133-97BB-9FA5-085C-5DB6401DFE03" otype="Table" vid="94227DDA-DF6A-0332-54BC-D280FD5ED9D9">
<hideElementsInCurrentOnly>false</hideElementsInCurrentOnly>
<bounds x="54" y="521" width="227" height="110"/>
</OView>
<OView class="oracle.dbtools.crest.swingui.relational.TVTable" oid="3C01A47B-7D6B-B6B2-C277-80AB4DA355CE" otype="Table" vid="CCBCD034-1240-D65F-A265-8E96E0EAF460">
<hideElementsInCurrentOnly>false</hideElementsInCurrentOnly>
<bounds x="562" y="973" width="178" height="116"/>
</OView>
<OView class="oracle.dbtools.crest.swingui.relational.TVTable" oid="5FA95CF3-6858-01D4-DA39-35413BDD99C8" otype="Table" vid="6CE0D963-53C3-06A5-44AB-477FF8AF46ED">
<hideElementsInCurrentOnly>false</hideElementsInCurrentOnly>
<bounds x="48" y="972" width="234" height="116"/>
</OView>
<OView class="oracle.dbtools.crest.swingui.relational.TVTable" oid="672F3BDB-8357-16DE-17A5-05C6CE3822D2" otype="Table" vid="462083F8-E6AD-AF9F-11F9-75ED6C085A2B">
<hideElementsInCurrentOnly>false</hideElementsInCurrentOnly>
<bounds x="1167" y="978" width="298" height="107"/>
</OView>
<OView class="oracle.dbtools.crest.swingui.relational.TVTable" oid="6E152DB4-B550-84EF-8391-4AFC754B42E4" otype="Table" vid="87D0904A-68D1-EE3F-B9CF-DE1C8B232D61">
<hideElementsInCurrentOnly>false</hideElementsInCurrentOnly>
<bounds x="62" y="51" width="216" height="111"/>
</OView>
<OView class="oracle.dbtools.crest.swingui.relational.TVTable" oid="775733C9-3013-8182-9BBE-0FDC62EA0C8B" otype="Table" vid="7001FDD9-11B5-6AB2-F358-FEF551949E5E">
<hideElementsInCurrentOnly>false</hideElementsInCurrentOnly>
<bounds x="1571" y="362" width="253" height="109"/>
</OView>
<OView class="oracle.dbtools.crest.swingui.relational.TVTable" oid="78F4C191-6110-451B-766D-8CEF6F4A947C" otype="Table" vid="2F0F2ADF-7B57-F2DA-FCEC-F2FBFB066C23">
<hideElementsInCurrentOnly>false</hideElementsInCurrentOnly>
<bounds x="51" y="669" width="233" height="181"/>
</OView>
<OView class="oracle.dbtools.crest.swingui.relational.TVTable" oid="7A5DE316-10BD-17E7-F14E-26430A45C01F" otype="Table" vid="9FEBB11D-DD93-E40B-01DC-D64BADF4F822">
<hideElementsInCurrentOnly>false</hideElementsInCurrentOnly>
<bounds x="1566" y="670" width="256" height="111"/>
</OView>
<OView class="oracle.dbtools.crest.swingui.relational.TVTable" oid="A306EAB8-4C0A-66AA-19B7-442B8AF978DB" otype="Table" vid="F1E8AB4B-426F-DBF9-4FB8-7D9567B58AA4">
<hideElementsInCurrentOnly>false</hideElementsInCurrentOnly>
<bounds x="392" y="393" width="249" height="156"/>
</OView>
<OView class="oracle.dbtools.crest.swingui.relational.TVTable" oid="A5C6BD7C-C30A-805E-D4CB-BE359D02EB06" otype="Table" vid="47B73618-E8EF-1319-D71A-6A6067E51575">
<hideElementsInCurrentOnly>false</hideElementsInCurrentOnly>
<bounds x="1568" y="1" width="254" height="110"/>
</OView>
<OView class="oracle.dbtools.crest.swingui.relational.TVTable" oid="BC5B5346-2432-8383-4556-91E140B3AE3B" otype="Table" vid="4F96347F-9C1B-7FB4-281D-248AD422222A">
<hideElementsInCurrentOnly>false</hideElementsInCurrentOnly>
<bounds x="390" y="253" width="250" height="111"/>
</OView>
<OView class="oracle.dbtools.crest.swingui.relational.TVTable" oid="CAA35CD1-BF5E-8C65-F4F5-4733FE986DF9" otype="Table" vid="A354C350-9199-8D52-56CA-7F16F5169A6C">
<hideElementsInCurrentOnly>false</hideElementsInCurrentOnly>
<bounds x="768" y="285" width="220" height="126"/>
</OView>
<OView class="oracle.dbtools.crest.swingui.relational.TVTable" oid="CF7F268D-9A94-EF81-51E9-C40239037B4C" otype="Table" vid="9B890C8C-A1A9-3FD3-ADF8-B8EF3FBD7E02">
<hideElementsInCurrentOnly>false</hideElementsInCurrentOnly>
<bounds x="751" y="511" width="217" height="154"/>
</OView>
<OView class="oracle.dbtools.crest.swingui.relational.TVTable" oid="DD26557A-E74B-E006-8669-A744B802FDBD" otype="Table" vid="97962D54-DF2D-5476-F7E5-4E17274BDFC4">
<hideElementsInCurrentOnly>false</hideElementsInCurrentOnly>
<bounds x="1154" y="462" width="313" height="110"/>
</OView>
<OView class="oracle.dbtools.crest.swingui.relational.TVTable" oid="DD57A4A4-D68D-D28B-72D2-BBE414C7A390" otype="Table" vid="B2E5EECD-B481-8E25-6A99-EED838430038">
<hideElementsInCurrentOnly>false</hideElementsInCurrentOnly>
<bounds x="334" y="969" width="181" height="118"/>
</OView>
<OView class="oracle.dbtools.crest.swingui.relational.TVTable" oid="DEB5A4A5-5433-4EA2-AB46-EA50AADDA59A" otype="Table" vid="8D18BA92-E0D8-B318-DD9B-283FE4BC40F8">
<hideElementsInCurrentOnly>false</hideElementsInCurrentOnly>
<bounds x="1570" y="517" width="255" height="111"/>
</OView>
<OView class="oracle.dbtools.crest.swingui.relational.TVTable" oid="E47FA52A-1EB7-CD07-232E-103C0A7BA105" otype="Table" vid="F3FB5887-86FD-C505-D20B-E20AE1FC4670">
<hideElementsInCurrentOnly>false</hideElementsInCurrentOnly>
<bounds x="655" y="79" width="222" height="92"/>
</OView>
<OView class="oracle.dbtools.crest.swingui.relational.TVTable" oid="EDEDF439-EEDA-BC41-D773-CB5538180796" otype="Table" vid="B6D564FC-CB2B-9948-9665-904F4F8B37FE">
<hideElementsInCurrentOnly>false</hideElementsInCurrentOnly>
<bounds x="816" y="974" width="259" height="110"/>
</OView>
</objectViews>
<connectors>
<Connector class="oracle.dbtools.crest.swingui.relational.TVFKRelation" oid="0492757B-93FE-D1D6-1FCD-DF66F7ADE277" otype="FKIndexAssociation" vid_source="9A84C4CC-9B01-13BD-6002-7693095E16AC" vid_target="A354C350-9199-8D52-56CA-7F16F5169A6C">
<hideElementsInCurrentOnly>false</hideElementsInCurrentOnly>
<backgroundColor>-16777216</backgroundColor>
<lineWidth>1</lineWidth>
<points>
<point x="941" y="168"/>
<point x="941" y="285"/>
</points>
</Connector>
<Connector class="oracle.dbtools.crest.swingui.relational.TVFKRelation" oid="11210B31-682A-C571-8C71-111458AB46CC" otype="FKIndexAssociation" vid_source="43BCF548-5911-536F-1D43-A8093FB8F600" vid_target="97962D54-DF2D-5476-F7E5-4E17274BDFC4">
<hideElementsInCurrentOnly>false</hideElementsInCurrentOnly>
<backgroundColor>-16777216</backgroundColor>
<lineWidth>1</lineWidth>
<points>
<point x="1310" y="618"/>
<point x="1310" y="572"/>
</points>
</Connector>
<Connector class="oracle.dbtools.crest.swingui.relational.TVFKRelation" oid="1280996F-C299-7CA0-DBE9-0B23B2529F22" otype="FKIndexAssociation" vid_source="B6D564FC-CB2B-9948-9665-904F4F8B37FE" vid_target="462083F8-E6AD-AF9F-11F9-75ED6C085A2B">
<hideElementsInCurrentOnly>false</hideElementsInCurrentOnly>
<backgroundColor>-16777216</backgroundColor>
<lineWidth>1</lineWidth>
<points>
<point x="1075" y="1031"/>
<point x="1167" y="1031"/>
</points>
</Connector>
<Connector class="oracle.dbtools.crest.swingui.relational.TVFKRelation" oid="2F0BD0B9-A1D7-D815-F030-6A80E43D5DCD" otype="FKIndexAssociation" vid_source="B2E5EECD-B481-8E25-6A99-EED838430038" vid_target="CCBCD034-1240-D65F-A265-8E96E0EAF460">
<hideElementsInCurrentOnly>false</hideElementsInCurrentOnly>
<backgroundColor>-16777216</backgroundColor>
<lineWidth>1</lineWidth>
<points>
<point x="515" y="1030"/>
<point x="562" y="1030"/>
</points>
</Connector>
<Connector class="oracle.dbtools.crest.swingui.relational.TVFKRelation" oid="39FB875A-5933-C6A5-879A-C0884A5DC99E" otype="FKIndexAssociation" vid_source="ADE3A926-29F6-351F-81DA-21C12C96A196" vid_target="4F96347F-9C1B-7FB4-281D-248AD422222A">
<hideElementsInCurrentOnly>false</hideElementsInCurrentOnly>
<backgroundColor>-16777216</backgroundColor>
<lineWidth>1</lineWidth>
<points>
<point x="281" y="277"/>
<point x="390" y="277"/>
</points>
</Connector>
<Connector class="oracle.dbtools.crest.swingui.relational.TVFKRelation" oid="3C302C8F-1776-E13F-2A22-D90D63ED3075" otype="FKIndexAssociation" vid_source="9B890C8C-A1A9-3FD3-ADF8-B8EF3FBD7E02" vid_target="EE4FFF94-4741-C3D8-2DCA-D5D636292E33">
<hideElementsInCurrentOnly>false</hideElementsInCurrentOnly>
<backgroundColor>-16777216</backgroundColor>
<lineWidth>1</lineWidth>
<points>
<point x="751" y="643"/>
<point x="645" y="697"/>
</points>
</Connector>
<Connector class="oracle.dbtools.crest.swingui.relational.TVFKRelation" oid="4431C9A7-019A-EB3D-E747-71390875A4A5" otype="FKIndexAssociation" vid_source="F3FB5887-86FD-C505-D20B-E20AE1FC4670" vid_target="A354C350-9199-8D52-56CA-7F16F5169A6C">
<hideElementsInCurrentOnly>false</hideElementsInCurrentOnly>
<backgroundColor>-16777216</backgroundColor>
<lineWidth>1</lineWidth>
<points>
<point x="822" y="171"/>
<point x="822" y="285"/>
</points>
</Connector>
<Connector class="oracle.dbtools.crest.swingui.relational.TVFKRelation" oid="44AE0918-8F22-66E6-147A-CFD38393B663" otype="FKIndexAssociation" vid_source="9FEBB11D-DD93-E40B-01DC-D64BADF4F822" vid_target="43BCF548-5911-536F-1D43-A8093FB8F600">
<hideElementsInCurrentOnly>false</hideElementsInCurrentOnly>
<backgroundColor>-16777216</backgroundColor>
<lineWidth>1</lineWidth>
<points>
<point x="1566" y="715"/>
<point x="1468" y="715"/>
</points>
</Connector>
<Connector class="oracle.dbtools.crest.swingui.relational.TVFKRelation" oid="454D9A77-B217-8FB3-BE48-A636427D3D25" otype="FKIndexAssociation" vid_source="2F0F2ADF-7B57-F2DA-FCEC-F2FBFB066C23" vid_target="94227DDA-DF6A-0332-54BC-D280FD5ED9D9">
<hideElementsInCurrentOnly>false</hideElementsInCurrentOnly>
<backgroundColor>-16777216</backgroundColor>
<lineWidth>1</lineWidth>
<points>
<point x="167" y="669"/>
<point x="167" y="631"/>
</points>
</Connector>
<Connector class="oracle.dbtools.crest.swingui.relational.TVFKRelation" oid="478FD765-3F68-8BF4-7B88-6AF0C761CBE5" otype="FKIndexAssociation" vid_source="9B890C8C-A1A9-3FD3-ADF8-B8EF3FBD7E02" vid_target="94227DDA-DF6A-0332-54BC-D280FD5ED9D9">
<hideElementsInCurrentOnly>false</hideElementsInCurrentOnly>
<backgroundColor>-16777216</backgroundColor>
<lineWidth>1</lineWidth>
<points>
<point x="751" y="576"/>
<point x="281" y="576"/>
</points>
</Connector>
<Connector class="oracle.dbtools.crest.swingui.relational.TVFKRelation" oid="4B650698-DF35-B4E9-3C55-55A79765ACA4" otype="FKIndexAssociation" vid_source="ADE3A926-29F6-351F-81DA-21C12C96A196" vid_target="9706A983-9D7D-5AAD-D53E-6EBEA096F997">
<hideElementsInCurrentOnly>false</hideElementsInCurrentOnly>
<backgroundColor>-16777216</backgroundColor>
<lineWidth>1</lineWidth>
<points>
<point x="170" y="302"/>
<point x="170" y="342"/>
</points>
</Connector>
<Connector class="oracle.dbtools.crest.swingui.relational.TVFKRelation" oid="520F34DE-8224-B0CC-A759-925B023B3A95" otype="FKIndexAssociation" vid_source="ADE3A926-29F6-351F-81DA-21C12C96A196" vid_target="7CDD830A-6E98-7347-7436-27DB3037D324">
<hideElementsInCurrentOnly>false</hideElementsInCurrentOnly>
<backgroundColor>-16777216</backgroundColor>
<lineWidth>1</lineWidth>
<points>
<point x="281" y="214"/>
<point x="387" y="214"/>
</points>
</Connector>
<Connector class="oracle.dbtools.crest.swingui.relational.TVFKRelation" oid="525FED19-0312-3F4C-4E6E-2A64576805FB" otype="FKIndexAssociation" vid_source="94227DDA-DF6A-0332-54BC-D280FD5ED9D9" vid_target="9706A983-9D7D-5AAD-D53E-6EBEA096F997">
<hideElementsInCurrentOnly>false</hideElementsInCurrentOnly>
<backgroundColor>-16777216</backgroundColor>
<lineWidth>1</lineWidth>
<points>
<point x="169" y="521"/>
<point x="169" y="486"/>
</points>
</Connector>
<Connector class="oracle.dbtools.crest.swingui.relational.TVFKRelation" oid="54383098-E606-EE5E-1463-86C2E9B4184F" otype="FKIndexAssociation" vid_source="2F0F2ADF-7B57-F2DA-FCEC-F2FBFB066C23" vid_target="6CE0D963-53C3-06A5-44AB-477FF8AF46ED">
<hideElementsInCurrentOnly>false</hideElementsInCurrentOnly>
<backgroundColor>-16777216</backgroundColor>
<lineWidth>1</lineWidth>
<points>
<point x="166" y="850"/>
<point x="166" y="972"/>
</points>
</Connector>
<Connector class="oracle.dbtools.crest.swingui.relational.TVFKRelation" oid="5E0388A5-CD72-0EF1-6910-56061D8C1AC1" otype="FKIndexAssociation" vid_source="B6D564FC-CB2B-9948-9665-904F4F8B37FE" vid_target="43BCF548-5911-536F-1D43-A8093FB8F600">
<hideElementsInCurrentOnly>false</hideElementsInCurrentOnly>
<backgroundColor>-16777216</backgroundColor>
<lineWidth>1</lineWidth>
<points>
<point x="1004" y="974"/>
<point x="1234" y="760"/>
</points>
</Connector>
<Connector class="oracle.dbtools.crest.swingui.relational.TVFKRelation" oid="60EDBBA5-AE5C-2A0A-6090-BA4100C920AE" otype="FKIndexAssociation" vid_source="9B890C8C-A1A9-3FD3-ADF8-B8EF3FBD7E02" vid_target="462083F8-E6AD-AF9F-11F9-75ED6C085A2B">
<hideElementsInCurrentOnly>false</hideElementsInCurrentOnly>
<backgroundColor>-16777216</backgroundColor>
<lineWidth>1</lineWidth>
<points>
<point x="961" y="665"/>
<point x="1270" y="978"/>
</points>
</Connector>
<Connector class="oracle.dbtools.crest.swingui.relational.TVFKRelation" oid="688A57CE-4829-40BF-C910-69E8AAEC57D2" otype="FKIndexAssociation" vid_source="344F9D59-AA37-A2D1-D505-7493A8BEBA30" vid_target="9FEBB11D-DD93-E40B-01DC-D64BADF4F822">
<hideElementsInCurrentOnly>false</hideElementsInCurrentOnly>
<backgroundColor>-16777216</backgroundColor>
<lineWidth>1</lineWidth>
<points>
<point x="1694" y="848"/>
<point x="1694" y="781"/>
</points>
</Connector>
<Connector class="oracle.dbtools.crest.swingui.relational.TVFKRelation" oid="81199889-A260-9A0D-0482-67312ECFD6FC" otype="FKIndexAssociation" vid_source="9B890C8C-A1A9-3FD3-ADF8-B8EF3FBD7E02" vid_target="F1E8AB4B-426F-DBF9-4FB8-7D9567B58AA4">
<hideElementsInCurrentOnly>false</hideElementsInCurrentOnly>
<backgroundColor>-16777216</backgroundColor>
<lineWidth>1</lineWidth>
<points>
<point x="751" y="530"/>
<point x="641" y="530"/>
</points>
</Connector>
<Connector class="oracle.dbtools.crest.swingui.relational.TVFKRelation" oid="A459DDE2-92D0-4DA2-B330-7915D98674A6" otype="FKIndexAssociation" vid_source="9FEBB11D-DD93-E40B-01DC-D64BADF4F822" vid_target="462083F8-E6AD-AF9F-11F9-75ED6C085A2B">
<hideElementsInCurrentOnly>false</hideElementsInCurrentOnly>
<backgroundColor>-16777216</backgroundColor>
<lineWidth>1</lineWidth>
<points>
<point x="1625" y="781"/>
<point x="1382" y="978"/>
</points>
</Connector>
<Connector class="oracle.dbtools.crest.swingui.relational.TVFKRelation" oid="A99CFAB4-7743-B2AC-023D-E40F544F6222" otype="FKIndexAssociation" vid_source="47B73618-E8EF-1319-D71A-6A6067E51575" vid_target="A540C43D-B976-6B5F-05A7-26926F393920">
<hideElementsInCurrentOnly>false</hideElementsInCurrentOnly>
<backgroundColor>-16777216</backgroundColor>
<lineWidth>1</lineWidth>
<points>
<point x="1697" y="111"/>
<point x="1697" y="157"/>
</points>
</Connector>
<Connector class="oracle.dbtools.crest.swingui.relational.TVFKRelation" oid="B0D76910-202D-FE7A-561F-BBFA61A03EE7" otype="FKIndexAssociation" vid_source="7001FDD9-11B5-6AB2-F358-FEF551949E5E" vid_target="8D18BA92-E0D8-B318-DD9B-283FE4BC40F8">
<hideElementsInCurrentOnly>false</hideElementsInCurrentOnly>
<backgroundColor>-16777216</backgroundColor>
<lineWidth>1</lineWidth>
<points>
<point x="1697" y="471"/>
<point x="1697" y="517"/>
</points>
</Connector>
<Connector class="oracle.dbtools.crest.swingui.relational.TVFKRelation" oid="C91A889C-0896-1A0F-0F00-743C6705AF38" otype="FKIndexAssociation" vid_source="9FEBB11D-DD93-E40B-01DC-D64BADF4F822" vid_target="8D18BA92-E0D8-B318-DD9B-283FE4BC40F8">
<hideElementsInCurrentOnly>false</hideElementsInCurrentOnly>
<backgroundColor>-16777216</backgroundColor>
<lineWidth>1</lineWidth>
<points>
<point x="1696" y="670"/>
<point x="1696" y="628"/>
</points>
</Connector>
<Connector class="oracle.dbtools.crest.swingui.relational.TVFKRelation" oid="CD9945E3-B252-C57F-A386-E8EF04E8F551" otype="FKIndexAssociation" vid_source="B6D564FC-CB2B-9948-9665-904F4F8B37FE" vid_target="CCBCD034-1240-D65F-A265-8E96E0EAF460">
<hideElementsInCurrentOnly>false</hideElementsInCurrentOnly>
<backgroundColor>-16777216</backgroundColor>
<lineWidth>1</lineWidth>
<points>
<point x="816" y="1029"/>
<point x="740" y="1029"/>
</points>
</Connector>
<Connector class="oracle.dbtools.crest.swingui.relational.TVFKRelation" oid="D76B2ED2-A004-6E83-1957-33DCEF36B441" otype="FKIndexAssociation" vid_source="7001FDD9-11B5-6AB2-F358-FEF551949E5E" vid_target="A540C43D-B976-6B5F-05A7-26926F393920">
<hideElementsInCurrentOnly>false</hideElementsInCurrentOnly>
<backgroundColor>-16777216</backgroundColor>
<lineWidth>1</lineWidth>
<points>
<point x="1697" y="362"/>
<point x="1697" y="324"/>
</points>
</Connector>
<Connector class="oracle.dbtools.crest.swingui.relational.TVFKRelation" oid="E3B027F0-1D12-4FCB-6B01-EB2DCEDE0D75" otype="FKIndexAssociation" vid_source="A354C350-9199-8D52-56CA-7F16F5169A6C" vid_target="9B890C8C-A1A9-3FD3-ADF8-B8EF3FBD7E02">
<hideElementsInCurrentOnly>false</hideElementsInCurrentOnly>
<backgroundColor>-16777216</backgroundColor>
<lineWidth>1</lineWidth>
<points>
<point x="868" y="411"/>
<point x="868" y="511"/>
</points>
</Connector>
<Connector class="oracle.dbtools.crest.swingui.relational.TVFKRelation" oid="E3EC99B5-64D8-57CF-B9EE-4F36955E9D6B" otype="FKIndexAssociation" vid_source="2F0F2ADF-7B57-F2DA-FCEC-F2FBFB066C23" vid_target="EE4FFF94-4741-C3D8-2DCA-D5D636292E33">
<hideElementsInCurrentOnly>false</hideElementsInCurrentOnly>
<backgroundColor>-16777216</backgroundColor>
<lineWidth>1</lineWidth>
<points>
<point x="284" y="760"/>
<point x="400" y="760"/>
</points>
</Connector>
<Connector class="oracle.dbtools.crest.swingui.relational.TVFKRelation" oid="EC5446D1-3A90-ED30-32FF-8AAAF28F90CD" otype="FKIndexAssociation" vid_source="9B890C8C-A1A9-3FD3-ADF8-B8EF3FBD7E02" vid_target="97962D54-DF2D-5476-F7E5-4E17274BDFC4">
<hideElementsInCurrentOnly>false</hideElementsInCurrentOnly>
<backgroundColor>-16777216</backgroundColor>
<lineWidth>1</lineWidth>
<points>
<point x="968" y="541"/>
<point x="1154" y="541"/>
</points>
</Connector>
<Connector class="oracle.dbtools.crest.swingui.relational.TVFKRelation" oid="F3FE510C-17EE-C044-9E75-17890FE6F6C1" otype="FKIndexAssociation" vid_source="87D0904A-68D1-EE3F-B9CF-DE1C8B232D61" vid_target="ADE3A926-29F6-351F-81DA-21C12C96A196">
<hideElementsInCurrentOnly>false</hideElementsInCurrentOnly>
<backgroundColor>-16777216</backgroundColor>
<lineWidth>1</lineWidth>
<points>
<point x="170" y="162"/>
<point x="170" y="191"/>
</points>
</Connector>
<Connector class="oracle.dbtools.crest.swingui.relational.TVFKRelation" oid="FD9FE6D9-35A9-B665-27DD-03470DA7628C" otype="FKIndexAssociation" vid_source="B2E5EECD-B481-8E25-6A99-EED838430038" vid_target="6CE0D963-53C3-06A5-44AB-477FF8AF46ED">
<hideElementsInCurrentOnly>false</hideElementsInCurrentOnly>
<backgroundColor>-16777216</backgroundColor>
<lineWidth>1</lineWidth>
<points>
<point x="334" y="1029"/>
<point x="282" y="1029"/>
</points>
</Connector>
</connectors>
</Diagram>