<?xml version = '1.0' encoding = 'UTF-8'?>
<Diagram class="oracle.dbtools.crest.swingui.relational.DPVRelational" name="Relational_1" id="97803DCD-6B38-B3D8-0B8A-C6F863EC808F">
<createdBy>helena</createdBy>
<modifiedBy>helena</modifiedBy>
<createdTime>2024-10-06 13:11:13 UTC</createdTime>
<autoRoute>false</autoRoute>
<boxInbox>true</boxInbox>
<showLegend>false</showLegend>
<showLabels>false</showLabels>
<showRelAttributes>false</showRelAttributes>
<gridEnabled>false</gridEnabled>
<showGrid>false</showGrid>
<diagramColor>-1</diagramColor>
<display>false</display>
<notation>1</notation>
<objectViews>
<OView class="oracle.dbtools.crest.swingui.relational.TVTable" oid="0005C5F7-EFBA-5E14-440E-88FA8EFDD514" otype="Table" vid="9C065F2B-78EB-24C0-E368-556E2E79CC5D">
<hideElementsInCurrentOnly>false</hideElementsInCurrentOnly>
<bounds x="3091" y="46" width="272" height="111"/>
</OView>
<OView class="oracle.dbtools.crest.swingui.relational.TVTable" oid="015F9AB0-5D06-9A45-252C-20C914C15204" otype="Table" vid="0F7BFDF8-5894-13D8-08DD-FC3A22CF3ADD">
<hideElementsInCurrentOnly>false</hideElementsInCurrentOnly>
<bounds x="1723" y="0" width="235" height="167"/>
</OView>
<OView class="oracle.dbtools.crest.swingui.relational.TVTable" oid="02C43461-689B-5C9F-A593-5B7D1453E947" otype="Table" vid="197973D8-655F-321E-5585-3E41574FBBEA">
<hideElementsInCurrentOnly>false</hideElementsInCurrentOnly>
<bounds x="2032" y="373" width="170" height="111"/>
</OView>
<OView class="oracle.dbtools.crest.swingui.relational.TVTable" oid="04857AE0-2114-B9AD-B5D0-FD4C3C909EDE" otype="Table" vid="110F9111-8204-9F1A-CE91-B2FF061A52FB">
<hideElementsInCurrentOnly>false</hideElementsInCurrentOnly>
<bounds x="3378" y="680" width="186" height="94"/>
</OView>
<OView class="oracle.dbtools.crest.swingui.relational.TVTable" oid="0E883536-D57C-5E91-493B-BD9B8495E806" otype="Table" vid="60166EB3-1A6A-B591-0C5F-D509B023D548">
<hideElementsInCurrentOnly>false</hideElementsInCurrentOnly>
<bounds x="1884" y="521" width="179" height="144"/>
</OView>
<OView class="oracle.dbtools.crest.swingui.relational.TVTable" oid="11269610-8EEA-7501-EB72-135AD3724989" otype="Table" vid="DDD3E244-ADA7-E909-C352-69757A2A8B48">
<hideElementsInCurrentOnly>false</hideElementsInCurrentOnly>
<bounds x="1104" y="769" width="198" height="111"/>
</OView>
<OView class="oracle.dbtools.crest.swingui.relational.TVTable" oid="132E293D-4053-D377-B91B-4857B09C3AD7" otype="Table" vid="1ED599B1-83BE-2FDC-C553-8FDE4A941CDB">
<hideElementsInCurrentOnly>false</hideElementsInCurrentOnly>
<bounds x="38" y="407" width="170" height="111"/>
</OView>
<OView class="oracle.dbtools.crest.swingui.relational.TVTable" oid="158857E3-6A32-654C-54FE-4C813D5E22DC" otype="Table" vid="2ACCDB09-B78C-F470-6EBF-654181F690EE">
<hideElementsInCurrentOnly>false</hideElementsInCurrentOnly>
<bounds x="2789" y="1362" width="170" height="106"/>
</OView>
<OView class="oracle.dbtools.crest.swingui.relational.TVTable" oid="18A74A3F-0C39-9D9F-8B06-CF1DB2106FEE" otype="Table" vid="75E578E5-18A1-B96A-B189-2F24E57ADACE">
<hideElementsInCurrentOnly>false</hideElementsInCurrentOnly>
<bounds x="1235" y="909" width="141" height="116"/>
</OView>
<OView class="oracle.dbtools.crest.swingui.relational.TVTable" oid="18FBFF54-B706-FAB5-0BB7-89BD8BB66240" otype="Table" vid="96509BE1-1456-5694-459F-398569EAE493">
<hideElementsInCurrentOnly>false</hideElementsInCurrentOnly>
<bounds x="2275" y="346" width="254" height="123"/>
</OView>
<OView class="oracle.dbtools.crest.swingui.relational.TVTable" oid="1A0FB8BE-0F36-A701-111A-0CEAA7D215FC" otype="Table" vid="CB20DFAE-9117-2ADB-EF53-2B403E476830">
<hideElementsInCurrentOnly>false</hideElementsInCurrentOnly>
<bounds x="792" y="928" width="134" height="117"/>
</OView>
<OView class="oracle.dbtools.crest.swingui.relational.TVTable" oid="1D1719E0-777A-7363-5965-2FB71CEF5F98" otype="Table" vid="EC0778D5-2F76-D14A-9280-31255C0930D8">
<hideElementsInCurrentOnly>false</hideElementsInCurrentOnly>
<bounds x="17" y="1215" width="240" height="136"/>
</OView>
<OView class="oracle.dbtools.crest.swingui.relational.TVTable" oid="253C0E14-C77E-B4F5-3F3F-CC84BCDA4E7E" otype="Table" vid="F50C50F6-6530-AF07-59BA-60A88CD83482">
<hideElementsInCurrentOnly>false</hideElementsInCurrentOnly>
<bounds x="1978" y="773" width="224" height="117"/>
</OView>
<OView class="oracle.dbtools.crest.swingui.relational.TVTable" oid="2B930C93-7DB3-538E-49DE-4117AC3438AB" otype="Table" vid="BCE8902E-21B6-E27B-EC38-EBE98634E629">
<hideElementsInCurrentOnly>false</hideElementsInCurrentOnly>
<bounds x="1503" y="86" width="170" height="110"/>
</OView>
<OView class="oracle.dbtools.crest.swingui.relational.TVTable" oid="2CEE4199-FB67-B20F-4C15-DFE4E27B22DD" otype="Table" vid="B3DF4241-ED29-5D74-E320-873D202123B7">
<hideElementsInCurrentOnly>false</hideElementsInCurrentOnly>
<bounds x="2702" y="496" width="300" height="142"/>
</OView>
<OView class="oracle.dbtools.crest.swingui.relational.TVTable" oid="304A165D-9AC6-3415-7102-4B41DAF7B003" otype="Table" vid="EE5A17D0-491F-3D87-6CFD-1680B51E1C2B">
<hideElementsInCurrentOnly>false</hideElementsInCurrentOnly>
<bounds x="296" y="999" width="170" height="110"/>
</OView>
<OView class="oracle.dbtools.crest.swingui.relational.TVTable" oid="3414C712-DDA6-9F30-D20B-D0BC4AE4DF5B" otype="Table" vid="AEE3E0BB-356B-1EAA-E8EF-3DE0CF93B08F">
<hideElementsInCurrentOnly>false</hideElementsInCurrentOnly>
<bounds x="655" y="1907" width="170" height="110"/>
</OView>
<OView class="oracle.dbtools.crest.swingui.relational.TVTable" oid="367EE510-420C-CB55-49A8-0F97C145E8A9" otype="Table" vid="AEB05330-43F4-2F25-0F1E-3A5205F60DBA">
<hideElementsInCurrentOnly>false</hideElementsInCurrentOnly>
<bounds x="930" y="578" width="247" height="111"/>
</OView>
<OView class="oracle.dbtools.crest.swingui.relational.TVTable" oid="3813490C-7C21-ED08-B9B4-B596E7037E56" otype="Table" vid="6BDB539A-FCD3-49D9-CBF0-98C5A8D72FB4">
<hideElementsInCurrentOnly>false</hideElementsInCurrentOnly>
<bounds x="3359" y="910" width="191" height="235"/>
</OView>
<OView class="oracle.dbtools.crest.swingui.relational.TVTable" oid="39119133-97BB-9FA5-085C-5DB6401DFE03" otype="Table" vid="F99ADF57-0A4F-E6B5-92BD-772392DB84B5">
<hideElementsInCurrentOnly>false</hideElementsInCurrentOnly>
<bounds x="2092" y="632" width="190" height="110"/>
</OView>
<OView class="oracle.dbtools.crest.swingui.relational.TVTable" oid="3AB2F36C-F9BF-827E-C494-F41BA66B18E2" otype="Table" vid="2895A937-65C1-3307-D96B-504DAD5C202B">
<hideElementsInCurrentOnly>false</hideElementsInCurrentOnly>
<bounds x="2210" y="1871" width="170" height="110"/>
</OView>
<OView class="oracle.dbtools.crest.swingui.relational.TVTable" oid="3C01A47B-7D6B-B6B2-C277-80AB4DA355CE" otype="Table" vid="FF917D9E-FEB2-6942-150E-44E7866776BB">
<hideElementsInCurrentOnly>false</hideElementsInCurrentOnly>
<bounds x="1717" y="1090" width="178" height="95"/>
</OView>
<OView class="oracle.dbtools.crest.swingui.relational.TVTable" oid="3F03DF41-2E43-BD02-CA14-31B32352952D" otype="Table" vid="35C1D5A0-453E-C0E0-F1D3-6F41E2621D63">
<hideElementsInCurrentOnly>false</hideElementsInCurrentOnly>
<bounds x="1296" y="78" width="170" height="110"/>
</OView>
<OView class="oracle.dbtools.crest.swingui.relational.TVTable" oid="468A060F-028E-0D5A-F03D-437D7D5C407D" otype="Table" vid="EF515640-52E8-5848-6A76-BCEF5F889CE0">
<hideElementsInCurrentOnly>false</hideElementsInCurrentOnly>
<bounds x="1180" y="333" width="207" height="113"/>
</OView>
<OView class="oracle.dbtools.crest.swingui.relational.TVTable" oid="53DFC080-1B77-BF2F-9076-405D058703F6" otype="Table" vid="9D3DF056-EA75-F1AA-B791-CEC8D8A6F015">
<hideElementsInCurrentOnly>false</hideElementsInCurrentOnly>
<bounds x="1169" y="206" width="195" height="110"/>
</OView>
<OView class="oracle.dbtools.crest.swingui.relational.TVTable" oid="560401A8-0A0D-0F9E-A754-440ED7122151" otype="Table" vid="65BDB5AF-13D1-28F2-8AE4-295280252FF7">
<hideElementsInCurrentOnly>false</hideElementsInCurrentOnly>
<bounds x="440" y="1904" width="170" height="110"/>
</OView>
<OView class="oracle.dbtools.crest.swingui.relational.TVTable" oid="56BA4068-54E4-3188-EE2B-B40B96545DC6" otype="Table" vid="EF388EA0-B9A4-42E9-A5D5-238249BCEB6C">
<hideElementsInCurrentOnly>false</hideElementsInCurrentOnly>
<bounds x="1204" y="1659" width="170" height="110"/>
</OView>
<OView class="oracle.dbtools.crest.swingui.relational.TVTable" oid="5CED7CC0-6895-A83C-8667-AECDC39430F6" otype="Table" vid="F1220CE2-57DB-13C9-C785-7C14193E5FAD">
<hideElementsInCurrentOnly>false</hideElementsInCurrentOnly>
<bounds x="1397" y="232" width="170" height="110"/>
</OView>
<OView class="oracle.dbtools.crest.swingui.relational.TVTable" oid="5D254D49-901B-14B1-A6F4-AA9603BBA6FA" otype="Table" vid="B94EEFAE-ECD4-8AE7-A899-45B2477D6B5A">
<hideElementsInCurrentOnly>false</hideElementsInCurrentOnly>
<bounds x="1376" y="491" width="170" height="147"/>
</OView>
<OView class="oracle.dbtools.crest.swingui.relational.TVTable" oid="5E8FA712-D533-5554-9E3B-E230E0297EBE" otype="Table" vid="C73FD86E-0287-0F81-5697-CDC200C409DF">
<hideElementsInCurrentOnly>false</hideElementsInCurrentOnly>
<bounds x="838" y="347" width="308" height="213"/>
</OView>
<OView class="oracle.dbtools.crest.swingui.relational.TVTable" oid="5FA95CF3-6858-01D4-DA39-35413BDD99C8" otype="Table" vid="06189AEE-0097-C02D-F7BA-0B2A0BB4588D">
<hideElementsInCurrentOnly>false</hideElementsInCurrentOnly>
<bounds x="1753" y="887" width="104" height="115"/>
</OView>
<OView class="oracle.dbtools.crest.swingui.relational.TVTable" oid="652B5345-31CB-1162-9774-055B6762F0BA" otype="Table" vid="0EF84280-CAC5-721A-1459-2ADF10431053">
<hideElementsInCurrentOnly>false</hideElementsInCurrentOnly>
<bounds x="1831" y="226" width="170" height="110"/>
</OView>
<OView class="oracle.dbtools.crest.swingui.relational.TVTable" oid="672F3BDB-8357-16DE-17A5-05C6CE3822D2" otype="Table" vid="618B7102-B291-3535-0971-37D6D6D8FFCB">
<hideElementsInCurrentOnly>false</hideElementsInCurrentOnly>
<bounds x="2400" y="542" width="213" height="111"/>
</OView>
<OView class="oracle.dbtools.crest.swingui.relational.TVTable" oid="6E152DB4-B550-84EF-8391-4AFC754B42E4" otype="Table" vid="4FF716B1-E90B-9C50-9AC0-49917E2F0D0E">
<hideElementsInCurrentOnly>false</hideElementsInCurrentOnly>
<bounds x="2336" y="220" width="170" height="111"/>
</OView>
<OView class="oracle.dbtools.crest.swingui.relational.TVTable" oid="6FE085D8-5D5C-78DE-47B6-1733EB8D88F5" otype="Table" vid="E86A7C2A-5838-9F3C-FF9A-2E140FA41793">
<hideElementsInCurrentOnly>false</hideElementsInCurrentOnly>
<bounds x="271" y="766" width="218" height="119"/>
</OView>
<OView class="oracle.dbtools.crest.swingui.relational.TVTable" oid="72C31F57-6D26-B57B-965D-B373E2700C2E" otype="Table" vid="472C1B54-04DA-78B0-0DCE-BD43CFF18A62">
<hideElementsInCurrentOnly>false</hideElementsInCurrentOnly>
<bounds x="308" y="49" width="205" height="130"/>
</OView>
<OView class="oracle.dbtools.crest.swingui.relational.TVTable" oid="74AD0812-A9D6-CBD5-E161-B572D1DAEEDD" otype="Table" vid="839D1D5D-409A-B9E3-48D6-91CE5DEBA7B4">
<hideElementsInCurrentOnly>false</hideElementsInCurrentOnly>
<bounds x="2516" y="1719" width="163" height="104"/>
</OView>
<OView class="oracle.dbtools.crest.swingui.relational.TVTable" oid="775733C9-3013-8182-9BBE-0FDC62EA0C8B" otype="Table" vid="21078C92-9D9E-589F-F27F-CCB7143C0268">
<hideElementsInCurrentOnly>false</hideElementsInCurrentOnly>
<bounds x="1996" y="24" width="211" height="109"/>
</OView>
<OView class="oracle.dbtools.crest.swingui.relational.TVTable" oid="78F4C191-6110-451B-766D-8CEF6F4A947C" otype="Table" vid="146707F7-5FC5-EC84-E471-F7FF3536AF52">
<hideElementsInCurrentOnly>false</hideElementsInCurrentOnly>
<bounds x="1641" y="680" width="255" height="181"/>
</OView>
<OView class="oracle.dbtools.crest.swingui.relational.TVTable" oid="7A5DE316-10BD-17E7-F14E-26430A45C01F" otype="Table" vid="0D7E2C3D-7AB8-F28C-2956-7B969B16DB7A">
<hideElementsInCurrentOnly>false</hideElementsInCurrentOnly>
<bounds x="2530" y="44" width="239" height="111"/>
</OView>
<OView class="oracle.dbtools.crest.swingui.relational.TVTable" oid="7F96D6BE-C873-B4B5-7613-2D26EEA6AF76" otype="Table" vid="00CA2AB7-9505-4010-9641-F15BCF3F937C">
<hideElementsInCurrentOnly>false</hideElementsInCurrentOnly>
<bounds x="61" y="1573" width="194" height="149"/>
</OView>
<OView class="oracle.dbtools.crest.swingui.relational.TVTable" oid="823421AE-495E-8D92-0338-7A5363636D68" otype="Table" vid="07441ED5-EB74-A2BD-CACE-10CCC57F3420">
<hideElementsInCurrentOnly>false</hideElementsInCurrentOnly>
<bounds x="2492" y="1345" width="208" height="132"/>
</OView>
<OView class="oracle.dbtools.crest.swingui.relational.TVTable" oid="83E68447-7580-1EF0-1BE3-93EA2691F1A5" otype="Table" vid="F216AFB2-F463-2D1B-FF0C-57982CD491C1">
<hideElementsInCurrentOnly>false</hideElementsInCurrentOnly>
<bounds x="2488" y="1540" width="222" height="111"/>
</OView>
<OView class="oracle.dbtools.crest.swingui.relational.TVTable" oid="842C932C-0B57-ADE0-88A2-C7FAF58A8D21" otype="Table" vid="FBF9085D-F223-E935-4992-6F6AF861C7E5">
<hideElementsInCurrentOnly>false</hideElementsInCurrentOnly>
<bounds x="1169" y="459" width="170" height="112"/>
</OView>
<OView class="oracle.dbtools.crest.swingui.relational.TVTable" oid="84DB49E7-12FF-7387-908F-4117D7BD5B68" otype="Table" vid="85EAB8BC-826D-ADDE-BA35-F0880F874FCD">
<hideElementsInCurrentOnly>false</hideElementsInCurrentOnly>
<bounds x="52" y="1407" width="170" height="112"/>
</OView>
<OView class="oracle.dbtools.crest.swingui.relational.TVTable" oid="880B9AC4-A6A6-6E28-1283-115313019F8B" otype="Table" vid="D80D4E9F-0ACC-FF5E-6F25-8BE1490AD11A">
<hideElementsInCurrentOnly>false</hideElementsInCurrentOnly>
<bounds x="444" y="1773" width="170" height="110"/>
</OView>
<OView class="oracle.dbtools.crest.swingui.relational.TVTable" oid="91699EF3-724D-C241-5648-7EC00E41682B" otype="Table" vid="54C0EADA-5B2D-BD78-AAAE-8D40B830271D">
<hideElementsInCurrentOnly>false</hideElementsInCurrentOnly>
<bounds x="1587" y="222" width="199" height="123"/>
</OView>
<OView class="oracle.dbtools.crest.swingui.relational.TVTable" oid="97110504-B03F-41CA-DA5A-86F9948A9E94" otype="Table" vid="248503CA-F66C-9F63-F378-08BBA8681180">
<hideElementsInCurrentOnly>false</hideElementsInCurrentOnly>
<bounds x="1228" y="646" width="222" height="111"/>
</OView>
<OView class="oracle.dbtools.crest.swingui.relational.TVTable" oid="97C8CB4C-5F74-FA48-A7A1-18DC0D742D3E" otype="Table" vid="368A7123-907C-7ED3-2A17-D32204E508F1">
<hideElementsInCurrentOnly>false</hideElementsInCurrentOnly>
<bounds x="1808" y="1562" width="170" height="121"/>
</OView>
<OView class="oracle.dbtools.crest.swingui.relational.TVTable" oid="9E0EF5E8-3660-BA97-B29E-F11C5711D8F9" otype="Table" vid="17489B60-655B-953D-0241-F3E431B25B4B">
<hideElementsInCurrentOnly>false</hideElementsInCurrentOnly>
<bounds x="1882" y="1868" width="266" height="110"/>
</OView>
<OView class="oracle.dbtools.crest.swingui.relational.TVTable" oid="A306EAB8-4C0A-66AA-19B7-442B8AF978DB" otype="Table" vid="8AD56B12-D764-FE5E-AE81-5CB5A0EEA45F">
<hideElementsInCurrentOnly>false</hideElementsInCurrentOnly>
<bounds x="3031" y="293" width="234" height="156"/>
</OView>
<OView class="oracle.dbtools.crest.swingui.relational.TVTable" oid="A4787563-6B82-1633-F6D0-0C4707115406" otype="Table" vid="BE2E6E80-57D5-8B22-6CF2-73196E63A53D">
<hideElementsInCurrentOnly>false</hideElementsInCurrentOnly>
<bounds x="2206" y="1720" width="170" height="110"/>
</OView>
<OView class="oracle.dbtools.crest.swingui.relational.TVTable" oid="A5C6BD7C-C30A-805E-D4CB-BE359D02EB06" otype="Table" vid="978FA4CA-E84F-DBD4-EF56-44311D7B40A2">
<hideElementsInCurrentOnly>false</hideElementsInCurrentOnly>
<bounds x="671" y="35" width="254" height="110"/>
</OView>
<OView class="oracle.dbtools.crest.swingui.relational.TVTable" oid="A6AAF8B4-DBE9-5FB1-80C7-4CEFC64A1ED5" otype="Table" vid="44A6F179-7632-B2E4-CE83-C7F3EF2B6B54">
<hideElementsInCurrentOnly>false</hideElementsInCurrentOnly>
<bounds x="48" y="962" width="170" height="111"/>
</OView>
<OView class="oracle.dbtools.crest.swingui.relational.TVTable" oid="B4A9D1C8-A37B-71C3-3F73-E4F182A5A1D5" otype="Table" vid="BE89550C-1E0C-7B50-E0EF-977DF4BD9046">
<hideElementsInCurrentOnly>false</hideElementsInCurrentOnly>
<bounds x="21" y="778" width="178" height="140"/>
</OView>
<OView class="oracle.dbtools.crest.swingui.relational.TVTable" oid="B695827C-CEBC-EDCD-F139-EE3B4FAB8D10" otype="Table" vid="CA0A6F32-AA35-3DE4-9616-3AC12A186538">
<hideElementsInCurrentOnly>false</hideElementsInCurrentOnly>
<bounds x="2776" y="1543" width="170" height="111"/>
</OView>
<OView class="oracle.dbtools.crest.swingui.relational.TVTable" oid="BC5B5346-2432-8383-4556-91E140B3AE3B" otype="Table" vid="824D35F7-F6AC-4164-12B1-900389F46886">
<hideElementsInCurrentOnly>false</hideElementsInCurrentOnly>
<bounds x="2170" y="504" width="170" height="111"/>
</OView>
<OView class="oracle.dbtools.crest.swingui.relational.TVTable" oid="BF66BA0B-523B-C2B0-870E-B65E14258CF6" otype="Table" vid="06BBC7EE-371E-BE87-4D56-1D8A9EFB8B0A">
<hideElementsInCurrentOnly>false</hideElementsInCurrentOnly>
<bounds x="653" y="1774" width="170" height="110"/>
</OView>
<OView class="oracle.dbtools.crest.swingui.relational.TVTable" oid="C189FB41-7F34-E9DB-FC84-7629DBE76B2E" otype="Table" vid="A91D323A-3AD8-6FAE-C345-9C19A797F673">
<hideElementsInCurrentOnly>false</hideElementsInCurrentOnly>
<bounds x="1152" y="1364" width="170" height="111"/>
</OView>
<OView class="oracle.dbtools.crest.swingui.relational.TVTable" oid="C29C3AEE-A849-BAE5-A8F7-78A76405C60E" otype="Table" vid="62218CC3-ED5C-F2CE-9B3F-E25DFADCB2D6">
<hideElementsInCurrentOnly>false</hideElementsInCurrentOnly>
<bounds x="1497" y="1373" width="170" height="111"/>
</OView>
<OView class="oracle.dbtools.crest.swingui.relational.TVTable" oid="C3CF5810-F985-6509-D695-F19E32E857B0" otype="Table" vid="67A6446B-0190-E3D7-6085-C43F3AC01904">
<hideElementsInCurrentOnly>false</hideElementsInCurrentOnly>
<bounds x="514" y="1029" width="170" height="110"/>
</OView>
<OView class="oracle.dbtools.crest.swingui.relational.TVTable" oid="C58B0375-45FC-17A3-88B9-2EF76E336C97" otype="Table" vid="CDED0952-03BC-900A-5992-87CC22B93F95">
<hideElementsInCurrentOnly>false</hideElementsInCurrentOnly>
<bounds x="358" y="1209" width="170" height="110"/>
</OView>
<OView class="oracle.dbtools.crest.swingui.relational.TVTable" oid="C85C25FA-9F53-8422-3788-38AF5F001123" otype="Table" vid="7CBFAFE1-DF3B-9D41-1401-5EAAA420B8B5">
<hideElementsInCurrentOnly>false</hideElementsInCurrentOnly>
<bounds x="777" y="745" width="170" height="110"/>
</OView>
<OView class="oracle.dbtools.crest.swingui.relational.TVTable" oid="C9E3DAE7-AAC5-14D3-5273-1582ED92F77F" otype="Table" vid="9D9C86F5-9962-375C-0619-A3D4834549EE">
<hideElementsInCurrentOnly>false</hideElementsInCurrentOnly>
<bounds x="240" y="1909" width="170" height="110"/>
</OView>
<OView class="oracle.dbtools.crest.swingui.relational.TVTable" oid="CAA35CD1-BF5E-8C65-F4F5-4733FE986DF9" otype="Table" vid="7CF1D426-EAC8-29C8-7F64-FED689929729">
<hideElementsInCurrentOnly>false</hideElementsInCurrentOnly>
<bounds x="3094" y="662" width="209" height="145"/>
</OView>
<OView class="oracle.dbtools.crest.swingui.relational.TVTable" oid="CF7F268D-9A94-EF81-51E9-C40239037B4C" otype="Table" vid="F708206E-5D13-4206-4F98-51D256D70F07">
<hideElementsInCurrentOnly>false</hideElementsInCurrentOnly>
<bounds x="2824" y="703" width="217" height="165"/>
</OView>
<OView class="oracle.dbtools.crest.swingui.relational.TVTable" oid="D0DC793E-5121-B362-4518-6F4703271A8C" otype="Table" vid="63445562-B49F-D19E-CA1C-7102C82D78F2">
<hideElementsInCurrentOnly>false</hideElementsInCurrentOnly>
<bounds x="1997" y="1559" width="166" height="125"/>
</OView>
<OView class="oracle.dbtools.crest.swingui.relational.TVTable" oid="D12FDC46-5A6B-E392-0829-F4CB7F179E00" otype="Table" vid="DC72A556-8B9C-749A-5F32-C9EEFCC1EFA0">
<hideElementsInCurrentOnly>false</hideElementsInCurrentOnly>
<bounds x="2768" y="1012" width="174" height="140"/>
</OView>
<OView class="oracle.dbtools.crest.swingui.relational.TVTable" oid="D39BF017-DE0B-89A4-0E4D-E0D59365309F" otype="Table" vid="0C4C6A08-48D6-333A-78BC-FB0324BEF0AF">
<hideElementsInCurrentOnly>false</hideElementsInCurrentOnly>
<bounds x="11" y="63" width="170" height="111"/>
</OView>
<OView class="oracle.dbtools.crest.swingui.relational.TVTable" oid="D762854A-CA82-4AD1-38C4-97847C5FCCB1" otype="Table" vid="9B06BF01-F61D-E50B-49BA-4D3A14EAACF7">
<hideElementsInCurrentOnly>false</hideElementsInCurrentOnly>
<bounds x="245" y="1773" width="173" height="110"/>
</OView>
<OView class="oracle.dbtools.crest.swingui.relational.TVTable" oid="D9E926B9-3215-E283-96A0-FD29B4A90351" otype="Table" vid="0AC9A52F-3EF3-038F-5D44-E07E7B902F17">
<hideElementsInCurrentOnly>false</hideElementsInCurrentOnly>
<bounds x="1487" y="1143" width="214" height="111"/>
</OView>
<OView class="oracle.dbtools.crest.swingui.relational.TVTable" oid="DA45E72E-EE1B-CE78-9929-5BDFBEF437D1" otype="Table" vid="EA54616F-2B45-E37C-F197-2D9D160D679B">
<hideElementsInCurrentOnly>false</hideElementsInCurrentOnly>
<bounds x="1547" y="970" width="170" height="112"/>
</OView>
<OView class="oracle.dbtools.crest.swingui.relational.TVTable" oid="DBBA4E29-389D-C654-551D-A359A06DFDFE" otype="Table" vid="5F346F9C-A55C-B8B0-FAD8-D625BCB480F2">
<hideElementsInCurrentOnly>false</hideElementsInCurrentOnly>
<bounds x="3166" y="830" width="116" height="104"/>
</OView>
<OView class="oracle.dbtools.crest.swingui.relational.TVTable" oid="DD26557A-E74B-E006-8669-A744B802FDBD" otype="Table" vid="E3185093-2551-6E12-8095-A7B5E7FF253C">
<hideElementsInCurrentOnly>false</hideElementsInCurrentOnly>
<bounds x="2581" y="670" width="170" height="110"/>
</OView>
<OView class="oracle.dbtools.crest.swingui.relational.TVTable" oid="DD57A4A4-D68D-D28B-72D2-BBE414C7A390" otype="Table" vid="B607513A-7F86-F08F-8576-CAED4A4D9ABF">
<hideElementsInCurrentOnly>false</hideElementsInCurrentOnly>
<bounds x="1909" y="900" width="181" height="150"/>
</OView>
<OView class="oracle.dbtools.crest.swingui.relational.TVTable" oid="DEB5A4A5-5433-4EA2-AB46-EA50AADDA59A" otype="Table" vid="A6249563-A82D-ABDC-DF5D-5A9D024E31F9">
<hideElementsInCurrentOnly>false</hideElementsInCurrentOnly>
<bounds x="2233" y="26" width="263" height="111"/>
</OView>
<OView class="oracle.dbtools.crest.swingui.relational.TVTable" oid="E07B82A8-93BD-8DF7-DFE0-290E7BCE3126" otype="Table" vid="4F3584C7-C072-1136-F261-C2D1673EF6D8">
<hideElementsInCurrentOnly>false</hideElementsInCurrentOnly>
<bounds x="711" y="162" width="170" height="110"/>
</OView>
<OView class="oracle.dbtools.crest.swingui.relational.TVTable" oid="E47FA52A-1EB7-CD07-232E-103C0A7BA105" otype="Table" vid="35C9D1C6-0126-F2A5-70ED-0162BB9796FF">
<hideElementsInCurrentOnly>false</hideElementsInCurrentOnly>
<bounds x="3283" y="484" width="222" height="89"/>
</OView>
<OView class="oracle.dbtools.crest.swingui.relational.TVTable" oid="E81132BB-7473-FCA9-50E0-663414BC4779" otype="Table" vid="DDCF8EB2-18B1-D8A8-7818-BFA78199DA6F">
<hideElementsInCurrentOnly>false</hideElementsInCurrentOnly>
<bounds x="1648" y="374" width="214" height="111"/>
</OView>
<OView class="oracle.dbtools.crest.swingui.relational.TVTable" oid="E88FE346-38C9-AECD-03C1-BCC9BE097CBC" otype="Table" vid="52AB702B-0DB0-9F63-FAD2-828734C7FABB">
<hideElementsInCurrentOnly>false</hideElementsInCurrentOnly>
<bounds x="687" y="1529" width="178" height="133"/>
</OView>
<OView class="oracle.dbtools.crest.swingui.relational.TVTable" oid="EA13AAE5-2934-DBB9-AD0E-CD40E79AEBB5" otype="Table" vid="E82BFFCD-8245-4D27-E0DF-0387673E4EE3">
<hideElementsInCurrentOnly>false</hideElementsInCurrentOnly>
<bounds x="49" y="589" width="170" height="110"/>
</OView>
<OView class="oracle.dbtools.crest.swingui.relational.TVTable" oid="EDEDF439-EEDA-BC41-D773-CB5538180796" otype="Table" vid="6B527C3F-18EC-3F37-CBE9-7840E87ECD00">
<hideElementsInCurrentOnly>false</hideElementsInCurrentOnly>
<bounds x="1934" y="1152" width="259" height="179"/>
</OView>
<OView class="oracle.dbtools.crest.swingui.relational.TVTable" oid="EE7DE9F9-5C23-93DC-D8ED-EAE9B5F921DC" otype="Table" vid="BDDEC07F-A43E-4790-87C4-8D91026B5201">
<hideElementsInCurrentOnly>false</hideElementsInCurrentOnly>
<bounds x="2203" y="1560" width="166" height="125"/>
</OView>
<OView class="oracle.dbtools.crest.swingui.relational.TVTable" oid="EEB78D2A-468C-3879-C8E0-4BE3891B7881" otype="Table" vid="61E45E03-D8A1-DE53-A051-4A7FEA595288">
<hideElementsInCurrentOnly>false</hideElementsInCurrentOnly>
<bounds x="906" y="168" width="225" height="130"/>
</OView>
<OView class="oracle.dbtools.crest.swingui.relational.TVTable" oid="EFF164EF-735F-2D0F-F833-8DC421DC066C" otype="Table" vid="68A0284C-6478-7A3A-707D-11B72918F6B3">
<hideElementsInCurrentOnly>false</hideElementsInCurrentOnly>
<bounds x="1590" y="509" width="252" height="110"/>
</OView>
<OView class="oracle.dbtools.crest.swingui.relational.TVTable" oid="F0228B39-69C4-3968-C7E6-A91F22EF5691" otype="Table" vid="95F8CE83-FB4F-DA40-F21A-7DC4D6A0B717">
<hideElementsInCurrentOnly>false</hideElementsInCurrentOnly>
<bounds x="2495" y="852" width="239" height="150"/>
</OView>
<OView class="oracle.dbtools.crest.swingui.relational.TVTable" oid="F43C3BAD-4395-8833-7184-F300975881B1" otype="Table" vid="64BCABD7-B6EE-2AAF-7DD0-7A23AF8D56FF">
<hideElementsInCurrentOnly>false</hideElementsInCurrentOnly>
<bounds x="411" y="463" width="228" height="213"/>
</OView>
</objectViews>
<connectors>
<Connector class="oracle.dbtools.crest.swingui.relational.TVFKRelation" oid="02634B86-0BE9-B691-B653-774E35C87E60" otype="FKIndexAssociation" vid_source="AEE3E0BB-356B-1EAA-E8EF-3DE0CF93B08F" vid_target="06BBC7EE-371E-BE87-4D56-1D8A9EFB8B0A">
<hideElementsInCurrentOnly>false</hideElementsInCurrentOnly>
<backgroundColor>-16777216</backgroundColor>
<lineWidth>1</lineWidth>
<points>
<point x="739" y="1907"/>
<point x="739" y="1884"/>
</points>
</Connector>
<Connector class="oracle.dbtools.crest.swingui.relational.TVFKRelation" oid="0492757B-93FE-D1D6-1FCD-DF66F7ADE277" otype="FKIndexAssociation" vid_source="110F9111-8204-9F1A-CE91-B2FF061A52FB" vid_target="7CF1D426-EAC8-29C8-7F64-FED689929729">
<hideElementsInCurrentOnly>false</hideElementsInCurrentOnly>
<backgroundColor>-16777216</backgroundColor>
<lineWidth>1</lineWidth>
<points>
<point x="3378" y="727"/>
<point x="3303" y="727"/>
</points>
</Connector>
<Connector class="oracle.dbtools.crest.swingui.relational.TVFKRelation" oid="0B197E9B-5515-6BDA-68AE-5C7E9563F2D1" otype="FKIndexAssociation" vid_source="67A6446B-0190-E3D7-6085-C43F3AC01904" vid_target="CDED0952-03BC-900A-5992-87CC22B93F95">
<hideElementsInCurrentOnly>false</hideElementsInCurrentOnly>
<backgroundColor>-16777216</backgroundColor>
<lineWidth>1</lineWidth>
<points>
<point x="521" y="1139"/>
<point x="521" y="1209"/>
</points>
</Connector>
<Connector class="oracle.dbtools.crest.swingui.relational.TVFKRelation" oid="0F44CB0B-9B26-156B-232F-719DB85D2FB5" otype="FKIndexAssociation" vid_source="DDD3E244-ADA7-E909-C352-69757A2A8B48" vid_target="146707F7-5FC5-EC84-E471-F7FF3536AF52">
<hideElementsInCurrentOnly>false</hideElementsInCurrentOnly>
<backgroundColor>-16777216</backgroundColor>
<lineWidth>1</lineWidth>
<points>
<point x="1302" y="830"/>
<point x="1641" y="781"/>
</points>
</Connector>
<Connector class="oracle.dbtools.crest.swingui.relational.TVFKRelation" oid="10DA355F-F8CA-E1A2-68BA-E05BB846BBFE" otype="FKIndexAssociation" vid_source="00CA2AB7-9505-4010-9641-F15BCF3F937C" vid_target="52AB702B-0DB0-9F63-FAD2-828734C7FABB">
<hideElementsInCurrentOnly>false</hideElementsInCurrentOnly>
<backgroundColor>-16777216</backgroundColor>
<lineWidth>1</lineWidth>
<points>
<point x="255" y="1617"/>
<point x="687" y="1617"/>
</points>
</Connector>
<Connector class="oracle.dbtools.crest.swingui.relational.TVFKRelation" oid="110D52C1-4D2A-8D06-3226-738C1D83D0A7" otype="FKIndexAssociation" vid_source="54C0EADA-5B2D-BD78-AAAE-8D40B830271D" vid_target="BCE8902E-21B6-E27B-EC38-EBE98634E629">
<hideElementsInCurrentOnly>false</hideElementsInCurrentOnly>
<backgroundColor>-16777216</backgroundColor>
<lineWidth>1</lineWidth>
<points>
<point x="1630" y="222"/>
<point x="1630" y="196"/>
</points>
</Connector>
<Connector class="oracle.dbtools.crest.swingui.relational.TVFKRelation" oid="11210B31-682A-C571-8C71-111458AB46CC" otype="FKIndexAssociation" vid_source="B3DF4241-ED29-5D74-E320-873D202123B7" vid_target="E3185093-2551-6E12-8095-A7B5E7FF253C">
<hideElementsInCurrentOnly>false</hideElementsInCurrentOnly>
<backgroundColor>-16777216</backgroundColor>
<lineWidth>1</lineWidth>
<points>
<point x="2726" y="638"/>
<point x="2726" y="670"/>
</points>
</Connector>
<Connector class="oracle.dbtools.crest.swingui.relational.TVFKRelation" oid="1280996F-C299-7CA0-DBE9-0B23B2529F22" otype="FKIndexAssociation" vid_source="6B527C3F-18EC-3F37-CBE9-7840E87ECD00" vid_target="618B7102-B291-3535-0971-37D6D6D8FFCB">
<hideElementsInCurrentOnly>false</hideElementsInCurrentOnly>
<backgroundColor>-16777216</backgroundColor>
<lineWidth>1</lineWidth>
<points>
<point x="2125" y="1152"/>
<point x="2468" y="653"/>
</points>
</Connector>
<Connector class="oracle.dbtools.crest.swingui.relational.TVFKRelation" oid="12AEF9D5-61BD-9A93-2F68-691CB5697629" otype="FKIndexAssociation" vid_source="00CA2AB7-9505-4010-9641-F15BCF3F937C" vid_target="06BBC7EE-371E-BE87-4D56-1D8A9EFB8B0A">
<hideElementsInCurrentOnly>false</hideElementsInCurrentOnly>
<backgroundColor>-16777216</backgroundColor>
<lineWidth>1</lineWidth>
<points>
<point x="255" y="1677"/>
<point x="653" y="1779"/>
</points>
</Connector>
<Connector class="oracle.dbtools.crest.swingui.relational.TVFKRelation" oid="1B849478-5DC2-6065-2B69-78F2EC9235D3" otype="FKIndexAssociation" vid_source="0AC9A52F-3EF3-038F-5D44-E07E7B902F17" vid_target="6B527C3F-18EC-3F37-CBE9-7840E87ECD00">
<hideElementsInCurrentOnly>false</hideElementsInCurrentOnly>
<backgroundColor>-16777216</backgroundColor>
<lineWidth>1</lineWidth>
<points>
<point x="1701" y="1203"/>
<point x="1934" y="1203"/>
</points>
</Connector>
<Connector class="oracle.dbtools.crest.swingui.relational.TVFKRelation" oid="1BB8488F-FF2E-A3AB-14FE-A5CAB1BC36FC" otype="FKIndexAssociation" vid_source="54C0EADA-5B2D-BD78-AAAE-8D40B830271D" vid_target="F1220CE2-57DB-13C9-C785-7C14193E5FAD">
<hideElementsInCurrentOnly>false</hideElementsInCurrentOnly>
<backgroundColor>-16777216</backgroundColor>
<lineWidth>1</lineWidth>
<points>
<point x="1587" y="287"/>
<point x="1567" y="287"/>
</points>
</Connector>
<Connector class="oracle.dbtools.crest.swingui.relational.TVFKRelation" oid="1C947709-8CA5-DF4D-FD16-2ADFA3D9183F" otype="FKIndexAssociation" vid_source="146707F7-5FC5-EC84-E471-F7FF3536AF52" vid_target="248503CA-F66C-9F63-F378-08BBA8681180">
<hideElementsInCurrentOnly>false</hideElementsInCurrentOnly>
<backgroundColor>-16777216</backgroundColor>
<lineWidth>1</lineWidth>
<points>
<point x="1641" y="718"/>
<point x="1450" y="718"/>
</points>
</Connector>
<Connector class="oracle.dbtools.crest.swingui.relational.TVFKRelation" oid="1D01CEDA-47F7-5E33-C254-03B97053D96A" otype="FKIndexAssociation" vid_source="472C1B54-04DA-78B0-0DCE-BD43CFF18A62" vid_target="C73FD86E-0287-0F81-5697-CDC200C409DF">
<hideElementsInCurrentOnly>false</hideElementsInCurrentOnly>
<backgroundColor>-16777216</backgroundColor>
<lineWidth>1</lineWidth>
<points>
<point x="513" y="173"/>
<point x="838" y="363"/>
</points>
</Connector>
<Connector class="oracle.dbtools.crest.swingui.relational.TVFKRelation" oid="1E02CB45-009D-033C-246F-4AE34D2204C8" otype="FKIndexAssociation" vid_source="BE2E6E80-57D5-8B22-6CF2-73196E63A53D" vid_target="BDDEC07F-A43E-4790-87C4-8D91026B5201">
<hideElementsInCurrentOnly>false</hideElementsInCurrentOnly>
<backgroundColor>-16777216</backgroundColor>
<lineWidth>1</lineWidth>
<points>
<point x="2287" y="1720"/>
<point x="2287" y="1685"/>
</points>
</Connector>
<Connector class="oracle.dbtools.crest.swingui.relational.TVFKRelation" oid="237D6351-F29B-6392-860A-F8B916B54A1C" otype="FKIndexAssociation" vid_source="F216AFB2-F463-2D1B-FF0C-57982CD491C1" vid_target="07441ED5-EB74-A2BD-CACE-10CCC57F3420">
<hideElementsInCurrentOnly>false</hideElementsInCurrentOnly>
<backgroundColor>-16777216</backgroundColor>
<lineWidth>1</lineWidth>
<points>
<point x="2596" y="1540"/>
<point x="2596" y="1477"/>
</points>
</Connector>
<Connector class="oracle.dbtools.crest.swingui.relational.TVFKRelation" oid="23E299B6-233A-C0B2-25A8-D3C7B6D686E3" otype="FKIndexAssociation" vid_source="1ED599B1-83BE-2FDC-C553-8FDE4A941CDB" vid_target="472C1B54-04DA-78B0-0DCE-BD43CFF18A62">
<hideElementsInCurrentOnly>false</hideElementsInCurrentOnly>
<backgroundColor>-16777216</backgroundColor>
<lineWidth>1</lineWidth>
<points>
<point x="168" y="407"/>
<point x="356" y="179"/>
</points>
</Connector>
<Connector class="oracle.dbtools.crest.swingui.relational.TVFKRelation" oid="2A1308F9-44A2-72FD-C767-D678F2855461" otype="FKIndexAssociation" vid_source="AEB05330-43F4-2F25-0F1E-3A5205F60DBA" vid_target="248503CA-F66C-9F63-F378-08BBA8681180">
<hideElementsInCurrentOnly>false</hideElementsInCurrentOnly>
<backgroundColor>-16777216</backgroundColor>
<lineWidth>1</lineWidth>
<points>
<point x="1177" y="667"/>
<point x="1228" y="667"/>
</points>
</Connector>
<Connector class="oracle.dbtools.crest.swingui.relational.TVFKRelation" oid="2BA4DC86-7B1C-2F42-C1A2-51AEB4E6E2A3" otype="FKIndexAssociation" vid_source="B607513A-7F86-F08F-8576-CAED4A4D9ABF" vid_target="2ACCDB09-B78C-F470-6EBF-654181F690EE">
<hideElementsInCurrentOnly>false</hideElementsInCurrentOnly>
<backgroundColor>-16777216</backgroundColor>
<lineWidth>1</lineWidth>
<points>
<point x="2090" y="1040"/>
<point x="2789" y="1372"/>
</points>
</Connector>
<Connector class="oracle.dbtools.crest.swingui.relational.TVFKRelation" oid="2C3DD441-BCC4-0351-DF67-40CA2B3D7743" otype="FKIndexAssociation" vid_source="9D9C86F5-9962-375C-0619-A3D4834549EE" vid_target="9B06BF01-F61D-E50B-49BA-4D3A14EAACF7">
<hideElementsInCurrentOnly>false</hideElementsInCurrentOnly>
<backgroundColor>-16777216</backgroundColor>
<lineWidth>1</lineWidth>
<points>
<point x="327" y="1909"/>
<point x="327" y="1883"/>
</points>
</Connector>
<Connector class="oracle.dbtools.crest.swingui.relational.TVFKRelation" oid="2F0BD0B9-A1D7-D815-F030-6A80E43D5DCD" otype="FKIndexAssociation" vid_source="B607513A-7F86-F08F-8576-CAED4A4D9ABF" vid_target="FF917D9E-FEB2-6942-150E-44E7866776BB">
<hideElementsInCurrentOnly>false</hideElementsInCurrentOnly>
<backgroundColor>-16777216</backgroundColor>
<lineWidth>1</lineWidth>
<points>
<point x="1910" y="1050"/>
<point x="1862" y="1090"/>
</points>
</Connector>
<Connector class="oracle.dbtools.crest.swingui.relational.TVFKRelation" oid="39FB875A-5933-C6A5-879A-C0884A5DC99E" otype="FKIndexAssociation" vid_source="197973D8-655F-321E-5585-3E41574FBBEA" vid_target="824D35F7-F6AC-4164-12B1-900389F46886">
<hideElementsInCurrentOnly>false</hideElementsInCurrentOnly>
<backgroundColor>-16777216</backgroundColor>
<lineWidth>1</lineWidth>
<points>
<point x="2186" y="484"/>
<point x="2186" y="504"/>
</points>
</Connector>
<Connector class="oracle.dbtools.crest.swingui.relational.TVFKRelation" oid="3C302C8F-1776-E13F-2A22-D90D63ED3075" otype="FKIndexAssociation" vid_source="F708206E-5D13-4206-4F98-51D256D70F07" vid_target="F50C50F6-6530-AF07-59BA-60A88CD83482">
<hideElementsInCurrentOnly>false</hideElementsInCurrentOnly>
<backgroundColor>-16777216</backgroundColor>
<lineWidth>1</lineWidth>
<points>
<point x="2824" y="820"/>
<point x="2202" y="820"/>
</points>
</Connector>
<Connector class="oracle.dbtools.crest.swingui.relational.TVFKRelation" oid="411D359E-9A8D-AFFC-40BB-352A4B037A39" otype="FKIndexAssociation" vid_source="DDCF8EB2-18B1-D8A8-7818-BFA78199DA6F" vid_target="68A0284C-6478-7A3A-707D-11B72918F6B3">
<hideElementsInCurrentOnly>false</hideElementsInCurrentOnly>
<backgroundColor>-16777216</backgroundColor>
<lineWidth>1</lineWidth>
<points>
<point x="1745" y="485"/>
<point x="1745" y="509"/>
</points>
</Connector>
<Connector class="oracle.dbtools.crest.swingui.relational.TVFKRelation" oid="42E3DEE3-E873-814D-6B37-D006A82B34FF" otype="FKIndexAssociation" vid_source="6B527C3F-18EC-3F37-CBE9-7840E87ECD00" vid_target="63445562-B49F-D19E-CA1C-7102C82D78F2">
<hideElementsInCurrentOnly>false</hideElementsInCurrentOnly>
<backgroundColor>-16777216</backgroundColor>
<lineWidth>1</lineWidth>
<points>
<point x="2080" y="1331"/>
<point x="2080" y="1559"/>
</points>
</Connector>
<Connector class="oracle.dbtools.crest.swingui.relational.TVFKRelation" oid="4431C9A7-019A-EB3D-E747-71390875A4A5" otype="FKIndexAssociation" vid_source="35C9D1C6-0126-F2A5-70ED-0162BB9796FF" vid_target="7CF1D426-EAC8-29C8-7F64-FED689929729">
<hideElementsInCurrentOnly>false</hideElementsInCurrentOnly>
<backgroundColor>-16777216</backgroundColor>
<lineWidth>1</lineWidth>
<points>
<point x="3293" y="573"/>
<point x="3293" y="662"/>
</points>
</Connector>
<Connector class="oracle.dbtools.crest.swingui.relational.TVFKRelation" oid="44AE0918-8F22-66E6-147A-CFD38393B663" otype="FKIndexAssociation" vid_source="0D7E2C3D-7AB8-F28C-2956-7B969B16DB7A" vid_target="B3DF4241-ED29-5D74-E320-873D202123B7">
<hideElementsInCurrentOnly>false</hideElementsInCurrentOnly>
<backgroundColor>-16777216</backgroundColor>
<lineWidth>1</lineWidth>
<points>
<point x="2735" y="155"/>
<point x="2735" y="496"/>
</points>
</Connector>
<Connector class="oracle.dbtools.crest.swingui.relational.TVFKRelation" oid="45488541-D108-DC87-1BB5-60382815464D" otype="FKIndexAssociation" vid_source="146707F7-5FC5-EC84-E471-F7FF3536AF52" vid_target="CB20DFAE-9117-2ADB-EF53-2B403E476830">
<hideElementsInCurrentOnly>false</hideElementsInCurrentOnly>
<backgroundColor>-16777216</backgroundColor>
<lineWidth>1</lineWidth>
<points>
<point x="1641" y="800"/>
<point x="926" y="970"/>
</points>
</Connector>
<Connector class="oracle.dbtools.crest.swingui.relational.TVFKRelation" oid="454D9A77-B217-8FB3-BE48-A636427D3D25" otype="FKIndexAssociation" vid_source="146707F7-5FC5-EC84-E471-F7FF3536AF52" vid_target="F99ADF57-0A4F-E6B5-92BD-772392DB84B5">
<hideElementsInCurrentOnly>false</hideElementsInCurrentOnly>
<backgroundColor>-16777216</backgroundColor>
<lineWidth>1</lineWidth>
<points>
<point x="1896" y="711"/>
<point x="2092" y="711"/>
</points>
</Connector>
<Connector class="oracle.dbtools.crest.swingui.relational.TVFKRelation" oid="46C7E2CD-3963-13EF-6DC5-5835E5DB6EBA" otype="FKIndexAssociation" vid_source="35C1D5A0-453E-C0E0-F1D3-6F41E2621D63" vid_target="54C0EADA-5B2D-BD78-AAAE-8D40B830271D">
<hideElementsInCurrentOnly>false</hideElementsInCurrentOnly>
<backgroundColor>-16777216</backgroundColor>
<lineWidth>1</lineWidth>
<points>
<point x="1466" y="174"/>
<point x="1587" y="234"/>
</points>
</Connector>
<Connector class="oracle.dbtools.crest.swingui.relational.TVFKRelation" oid="478FD765-3F68-8BF4-7B88-6AF0C761CBE5" otype="FKIndexAssociation" vid_source="F708206E-5D13-4206-4F98-51D256D70F07" vid_target="F99ADF57-0A4F-E6B5-92BD-772392DB84B5">
<hideElementsInCurrentOnly>false</hideElementsInCurrentOnly>
<backgroundColor>-16777216</backgroundColor>
<lineWidth>1</lineWidth>
<points>
<point x="2824" y="722"/>
<point x="2282" y="722"/>
</points>
</Connector>
<Connector class="oracle.dbtools.crest.swingui.relational.TVFKRelation" oid="4854D5B9-0E10-DF70-6F36-6AF358FFDC58" otype="FKIndexAssociation" vid_source="64BCABD7-B6EE-2AAF-7DD0-7A23AF8D56FF" vid_target="7CBFAFE1-DF3B-9D41-1401-5EAAA420B8B5">
<hideElementsInCurrentOnly>false</hideElementsInCurrentOnly>
<backgroundColor>-16777216</backgroundColor>
<lineWidth>1</lineWidth>
<points>
<point x="639" y="647"/>
<point x="781" y="745"/>
</points>
</Connector>
<Connector class="oracle.dbtools.crest.swingui.relational.TVFKRelation" oid="4B4E1EB1-370A-3D3B-25E9-21F62CEF2430" otype="FKIndexAssociation" vid_source="EA54616F-2B45-E37C-F197-2D9D160D679B" vid_target="B607513A-7F86-F08F-8576-CAED4A4D9ABF">
<hideElementsInCurrentOnly>false</hideElementsInCurrentOnly>
<backgroundColor>-16777216</backgroundColor>
<lineWidth>1</lineWidth>
<points>
<point x="1717" y="1010"/>
<point x="1909" y="1010"/>
</points>
</Connector>
<Connector class="oracle.dbtools.crest.swingui.relational.TVFKRelation" oid="4B650698-DF35-B4E9-3C55-55A79765ACA4" otype="FKIndexAssociation" vid_source="197973D8-655F-321E-5585-3E41574FBBEA" vid_target="60166EB3-1A6A-B591-0C5F-D509B023D548">
<hideElementsInCurrentOnly>false</hideElementsInCurrentOnly>
<backgroundColor>-16777216</backgroundColor>
<lineWidth>1</lineWidth>
<points>
<point x="2047" y="484"/>
<point x="2047" y="521"/>
</points>
</Connector>
<Connector class="oracle.dbtools.crest.swingui.relational.TVFKRelation" oid="4C732FE8-081B-CB43-2365-3F864DE0E688" otype="FKIndexAssociation" vid_source="44A6F179-7632-B2E4-CE83-C7F3EF2B6B54" vid_target="CDED0952-03BC-900A-5992-87CC22B93F95">
<hideElementsInCurrentOnly>false</hideElementsInCurrentOnly>
<backgroundColor>-16777216</backgroundColor>
<lineWidth>1</lineWidth>
<points>
<point x="202" y="1073"/>
<point x="373" y="1209"/>
</points>
</Connector>
<Connector class="oracle.dbtools.crest.swingui.relational.TVFKRelation" oid="520F34DE-8224-B0CC-A759-925B023B3A95" otype="FKIndexAssociation" vid_source="197973D8-655F-321E-5585-3E41574FBBEA" vid_target="96509BE1-1456-5694-459F-398569EAE493">
<hideElementsInCurrentOnly>false</hideElementsInCurrentOnly>
<backgroundColor>-16777216</backgroundColor>
<lineWidth>1</lineWidth>
<points>
<point x="2202" y="421"/>
<point x="2275" y="421"/>
</points>
</Connector>
<Connector class="oracle.dbtools.crest.swingui.relational.TVFKRelation" oid="525FED19-0312-3F4C-4E6E-2A64576805FB" otype="FKIndexAssociation" vid_source="F99ADF57-0A4F-E6B5-92BD-772392DB84B5" vid_target="60166EB3-1A6A-B591-0C5F-D509B023D548">
<hideElementsInCurrentOnly>false</hideElementsInCurrentOnly>
<backgroundColor>-16777216</backgroundColor>
<lineWidth>1</lineWidth>
<points>
<point x="2092" y="648"/>
<point x="2063" y="648"/>
</points>
</Connector>
<Connector class="oracle.dbtools.crest.swingui.relational.TVFKRelation" oid="54383098-E606-EE5E-1463-86C2E9B4184F" otype="FKIndexAssociation" vid_source="146707F7-5FC5-EC84-E471-F7FF3536AF52" vid_target="06189AEE-0097-C02D-F7BA-0B2A0BB4588D">
<hideElementsInCurrentOnly>false</hideElementsInCurrentOnly>
<backgroundColor>-16777216</backgroundColor>
<lineWidth>1</lineWidth>
<points>
<point x="1805" y="861"/>
<point x="1805" y="887"/>
</points>
</Connector>
<Connector class="oracle.dbtools.crest.swingui.relational.TVFKRelation" oid="58914520-ABC2-319E-347A-F10D5327EC57" otype="FKIndexAssociation" vid_source="6B527C3F-18EC-3F37-CBE9-7840E87ECD00" vid_target="07441ED5-EB74-A2BD-CACE-10CCC57F3420">
<hideElementsInCurrentOnly>false</hideElementsInCurrentOnly>
<backgroundColor>-16777216</backgroundColor>
<lineWidth>1</lineWidth>
<points>
<point x="2193" y="1311"/>
<point x="2492" y="1462"/>
</points>
</Connector>
<Connector class="oracle.dbtools.crest.swingui.relational.TVFKRelation" oid="5A4DE64A-5716-FBAA-8A7F-ECD33B0BAEA0" otype="FKIndexAssociation" vid_source="978FA4CA-E84F-DBD4-EF56-44311D7B40A2" vid_target="4F3584C7-C072-1136-F261-C2D1673EF6D8">
<hideElementsInCurrentOnly>false</hideElementsInCurrentOnly>
<backgroundColor>-16777216</backgroundColor>
<lineWidth>1</lineWidth>
<points>
<point x="796" y="145"/>
<point x="796" y="162"/>
</points>
</Connector>
<Connector class="oracle.dbtools.crest.swingui.relational.TVFKRelation" oid="5BC165CE-A9AD-130D-6D53-5CAE9AE88481" otype="FKIndexAssociation" vid_source="9D3DF056-EA75-F1AA-B791-CEC8D8A6F015" vid_target="61E45E03-D8A1-DE53-A051-4A7FEA595288">
<hideElementsInCurrentOnly>false</hideElementsInCurrentOnly>
<backgroundColor>-16777216</backgroundColor>
<lineWidth>1</lineWidth>
<points>
<point x="1169" y="252"/>
<point x="1131" y="252"/>
</points>
</Connector>
<Connector class="oracle.dbtools.crest.swingui.relational.TVFKRelation" oid="5CE39793-5476-F57A-8F66-DA7887743F39" otype="FKIndexAssociation" vid_source="44A6F179-7632-B2E4-CE83-C7F3EF2B6B54" vid_target="EC0778D5-2F76-D14A-9280-31255C0930D8">
<hideElementsInCurrentOnly>false</hideElementsInCurrentOnly>
<backgroundColor>-16777216</backgroundColor>
<lineWidth>1</lineWidth>
<points>
<point x="133" y="1073"/>
<point x="133" y="1215"/>
</points>
</Connector>
<Connector class="oracle.dbtools.crest.swingui.relational.TVFKRelation" oid="5E0388A5-CD72-0EF1-6910-56061D8C1AC1" otype="FKIndexAssociation" vid_source="6B527C3F-18EC-3F37-CBE9-7840E87ECD00" vid_target="B3DF4241-ED29-5D74-E320-873D202123B7">
<hideElementsInCurrentOnly>false</hideElementsInCurrentOnly>
<backgroundColor>-16777216</backgroundColor>
<lineWidth>1</lineWidth>
<points>
<point x="2168" y="1152"/>
<point x="2769" y="638"/>
</points>
</Connector>
<Connector class="oracle.dbtools.crest.swingui.relational.TVFKRelation" oid="60BAA579-BA21-BE75-AB70-CA1F52AFFB42" otype="FKIndexAssociation" vid_source="CA0A6F32-AA35-3DE4-9616-3AC12A186538" vid_target="2ACCDB09-B78C-F470-6EBF-654181F690EE">
<hideElementsInCurrentOnly>false</hideElementsInCurrentOnly>
<backgroundColor>-16777216</backgroundColor>
<lineWidth>1</lineWidth>
<points>
<point x="2867" y="1543"/>
<point x="2867" y="1468"/>
</points>
</Connector>
<Connector class="oracle.dbtools.crest.swingui.relational.TVFKRelation" oid="60EDBBA5-AE5C-2A0A-6090-BA4100C920AE" otype="FKIndexAssociation" vid_source="F708206E-5D13-4206-4F98-51D256D70F07" vid_target="618B7102-B291-3535-0971-37D6D6D8FFCB">
<hideElementsInCurrentOnly>false</hideElementsInCurrentOnly>
<backgroundColor>-16777216</backgroundColor>
<lineWidth>1</lineWidth>
<points>
<point x="2824" y="737"/>
<point x="2613" y="644"/>
</points>
</Connector>
<Connector class="oracle.dbtools.crest.swingui.relational.TVFKRelation" oid="61664F37-0CCE-21E3-C5AD-F0F6909D98F6" otype="FKIndexAssociation" vid_source="146707F7-5FC5-EC84-E471-F7FF3536AF52" vid_target="68A0284C-6478-7A3A-707D-11B72918F6B3">
<hideElementsInCurrentOnly>false</hideElementsInCurrentOnly>
<backgroundColor>-16777216</backgroundColor>
<lineWidth>1</lineWidth>
<points>
<point x="1741" y="680"/>
<point x="1741" y="619"/>
</points>
</Connector>
<Connector class="oracle.dbtools.crest.swingui.relational.TVFKRelation" oid="62054276-6341-E6FE-F9E4-28A29700DB9F" otype="FKIndexAssociation" vid_source="B607513A-7F86-F08F-8576-CAED4A4D9ABF" vid_target="07441ED5-EB74-A2BD-CACE-10CCC57F3420">
<hideElementsInCurrentOnly>false</hideElementsInCurrentOnly>
<backgroundColor>-16777216</backgroundColor>
<lineWidth>1</lineWidth>
<points>
<point x="2089" y="1050"/>
<point x="2505" y="1345"/>
</points>
</Connector>
<Connector class="oracle.dbtools.crest.swingui.relational.TVFKRelation" oid="67BF1F00-BC26-693C-AD50-C1A8F68FC021" otype="FKIndexAssociation" vid_source="85EAB8BC-826D-ADDE-BA35-F0880F874FCD" vid_target="00CA2AB7-9505-4010-9641-F15BCF3F937C">
<hideElementsInCurrentOnly>false</hideElementsInCurrentOnly>
<backgroundColor>-16777216</backgroundColor>
<lineWidth>1</lineWidth>
<points>
<point x="141" y="1519"/>
<point x="141" y="1573"/>
</points>
</Connector>
<Connector class="oracle.dbtools.crest.swingui.relational.TVFKRelation" oid="688A57CE-4829-40BF-C910-69E8AAEC57D2" otype="FKIndexAssociation" vid_source="9C065F2B-78EB-24C0-E368-556E2E79CC5D" vid_target="0D7E2C3D-7AB8-F28C-2956-7B969B16DB7A">
<hideElementsInCurrentOnly>false</hideElementsInCurrentOnly>
<backgroundColor>-16777216</backgroundColor>
<lineWidth>1</lineWidth>
<points>
<point x="3091" y="100"/>
<point x="2769" y="100"/>
</points>
</Connector>
<Connector class="oracle.dbtools.crest.swingui.relational.TVFKRelation" oid="68B19A02-B205-F528-61B9-B9322AC395DA" otype="FKIndexAssociation" vid_source="6BDB539A-FCD3-49D9-CBF0-98C5A8D72FB4" vid_target="95F8CE83-FB4F-DA40-F21A-7DC4D6A0B717">
<hideElementsInCurrentOnly>false</hideElementsInCurrentOnly>
<backgroundColor>-16777216</backgroundColor>
<lineWidth>1</lineWidth>
<points>
<point x="3359" y="956"/>
<point x="2734" y="956"/>
</points>
</Connector>
<Connector class="oracle.dbtools.crest.swingui.relational.TVFKRelation" oid="69475F89-7CEA-BBE5-F7A3-F33903A63DD8" otype="FKIndexAssociation" vid_source="64BCABD7-B6EE-2AAF-7DD0-7A23AF8D56FF" vid_target="C73FD86E-0287-0F81-5697-CDC200C409DF">
<hideElementsInCurrentOnly>false</hideElementsInCurrentOnly>
<backgroundColor>-16777216</backgroundColor>
<lineWidth>1</lineWidth>
<points>
<point x="639" y="511"/>
<point x="838" y="511"/>
</points>
</Connector>
<Connector class="oracle.dbtools.crest.swingui.relational.TVFKRelation" oid="6CCCA62A-1846-0EF7-0E96-B4B18D1C3E8A" otype="FKIndexAssociation" vid_source="64BCABD7-B6EE-2AAF-7DD0-7A23AF8D56FF" vid_target="C73FD86E-0287-0F81-5697-CDC200C409DF">
<hideElementsInCurrentOnly>false</hideElementsInCurrentOnly>
<backgroundColor>-16777216</backgroundColor>
<lineWidth>1</lineWidth>
<points>
<point x="639" y="526"/>
<point x="838" y="526"/>
</points>
</Connector>
<Connector class="oracle.dbtools.crest.swingui.relational.TVFKRelation" oid="6D530608-64A7-FE3D-FC86-129E86115329" otype="FKIndexAssociation" vid_source="978FA4CA-E84F-DBD4-EF56-44311D7B40A2" vid_target="00CA2AB7-9505-4010-9641-F15BCF3F937C">
<hideElementsInCurrentOnly>false</hideElementsInCurrentOnly>
<backgroundColor>-16777216</backgroundColor>
<lineWidth>1</lineWidth>
<points>
<point x="798" y="145"/>
<point x="255" y="1573"/>
</points>
</Connector>
<Connector class="oracle.dbtools.crest.swingui.relational.TVFKRelation" oid="6D7779F3-BB13-BE9E-7F7F-0A512C49B104" otype="FKIndexAssociation" vid_source="EF515640-52E8-5848-6A76-BCEF5F889CE0" vid_target="DDCF8EB2-18B1-D8A8-7818-BFA78199DA6F">
<hideElementsInCurrentOnly>false</hideElementsInCurrentOnly>
<backgroundColor>-16777216</backgroundColor>
<lineWidth>1</lineWidth>
<points>
<point x="1387" y="410"/>
<point x="1648" y="410"/>
</points>
</Connector>
<Connector class="oracle.dbtools.crest.swingui.relational.TVFKRelation" oid="6FC61694-01CB-A623-EC06-5A55E3033819" otype="FKIndexAssociation" vid_source="6B527C3F-18EC-3F37-CBE9-7840E87ECD00" vid_target="95F8CE83-FB4F-DA40-F21A-7DC4D6A0B717">
<hideElementsInCurrentOnly>false</hideElementsInCurrentOnly>
<backgroundColor>-16777216</backgroundColor>
<lineWidth>1</lineWidth>
<points>
<point x="2174" y="1152"/>
<point x="2495" y="1002"/>
</points>
</Connector>
<Connector class="oracle.dbtools.crest.swingui.relational.TVFKRelation" oid="71CE3160-C9AB-679B-1686-05157AB3DD30" otype="FKIndexAssociation" vid_source="1ED599B1-83BE-2FDC-C553-8FDE4A941CDB" vid_target="978FA4CA-E84F-DBD4-EF56-44311D7B40A2">
<hideElementsInCurrentOnly>false</hideElementsInCurrentOnly>
<backgroundColor>-16777216</backgroundColor>
<lineWidth>1</lineWidth>
<points>
<point x="208" y="415"/>
<point x="698" y="145"/>
</points>
</Connector>
<Connector class="oracle.dbtools.crest.swingui.relational.TVFKRelation" oid="722AF8D4-9816-77D2-D75D-78342708BB9C" otype="FKIndexAssociation" vid_source="472C1B54-04DA-78B0-0DCE-BD43CFF18A62" vid_target="62218CC3-ED5C-F2CE-9B3F-E25DFADCB2D6">
<hideElementsInCurrentOnly>false</hideElementsInCurrentOnly>
<backgroundColor>-16777216</backgroundColor>
<lineWidth>1</lineWidth>
<points>
<point x="468" y="179"/>
<point x="1532" y="1373"/>
</points>
</Connector>
<Connector class="oracle.dbtools.crest.swingui.relational.TVFKRelation" oid="731F4E65-72B4-3BAB-E540-0E8F18EBCC13" otype="FKIndexAssociation" vid_source="0D7E2C3D-7AB8-F28C-2956-7B969B16DB7A" vid_target="95F8CE83-FB4F-DA40-F21A-7DC4D6A0B717">
<hideElementsInCurrentOnly>false</hideElementsInCurrentOnly>
<backgroundColor>-16777216</backgroundColor>
<lineWidth>1</lineWidth>
<points>
<point x="2632" y="155"/>
<point x="2632" y="852"/>
</points>
</Connector>
<Connector class="oracle.dbtools.crest.swingui.relational.TVFKRelation" oid="75473835-2562-FD8A-9593-3ED2641653B4" otype="FKIndexAssociation" vid_source="B607513A-7F86-F08F-8576-CAED4A4D9ABF" vid_target="95F8CE83-FB4F-DA40-F21A-7DC4D6A0B717">
<hideElementsInCurrentOnly>false</hideElementsInCurrentOnly>
<backgroundColor>-16777216</backgroundColor>
<lineWidth>1</lineWidth>
<points>
<point x="2090" y="951"/>
<point x="2495" y="951"/>
</points>
</Connector>
<Connector class="oracle.dbtools.crest.swingui.relational.TVFKRelation" oid="77088918-21E2-97B4-06DA-6FD683B9E31D" otype="FKIndexAssociation" vid_source="6B527C3F-18EC-3F37-CBE9-7840E87ECD00" vid_target="DC72A556-8B9C-749A-5F32-C9EEFCC1EFA0">
<hideElementsInCurrentOnly>false</hideElementsInCurrentOnly>
<backgroundColor>-16777216</backgroundColor>
<lineWidth>1</lineWidth>
<points>
<point x="2193" y="1152"/>
<point x="2768" y="1152"/>
</points>
</Connector>
<Connector class="oracle.dbtools.crest.swingui.relational.TVFKRelation" oid="784999A4-B812-57B0-99A2-D599808D3BB8" otype="FKIndexAssociation" vid_source="9D3DF056-EA75-F1AA-B791-CEC8D8A6F015" vid_target="F1220CE2-57DB-13C9-C785-7C14193E5FAD">
<hideElementsInCurrentOnly>false</hideElementsInCurrentOnly>
<backgroundColor>-16777216</backgroundColor>
<lineWidth>1</lineWidth>
<points>
<point x="1364" y="289"/>
<point x="1397" y="289"/>
</points>
</Connector>
<Connector class="oracle.dbtools.crest.swingui.relational.TVFKRelation" oid="7FC27587-8882-7F3D-5D7C-4DE278C61D2B" otype="FKIndexAssociation" vid_source="BE2E6E80-57D5-8B22-6CF2-73196E63A53D" vid_target="63445562-B49F-D19E-CA1C-7102C82D78F2">
<hideElementsInCurrentOnly>false</hideElementsInCurrentOnly>
<backgroundColor>-16777216</backgroundColor>
<lineWidth>1</lineWidth>
<points>
<point x="2215" y="1720"/>
<point x="2163" y="1681"/>
</points>
</Connector>
<Connector class="oracle.dbtools.crest.swingui.relational.TVFKRelation" oid="81199889-A260-9A0D-0482-67312ECFD6FC" otype="FKIndexAssociation" vid_source="F708206E-5D13-4206-4F98-51D256D70F07" vid_target="8AD56B12-D764-FE5E-AE81-5CB5A0EEA45F">
<hideElementsInCurrentOnly>false</hideElementsInCurrentOnly>
<backgroundColor>-16777216</backgroundColor>
<lineWidth>1</lineWidth>
<points>
<point x="3036" y="703"/>
<point x="3036" y="449"/>
</points>
</Connector>
<Connector class="oracle.dbtools.crest.swingui.relational.TVFKRelation" oid="86D524FD-05BF-1EB6-6EF5-7413DFB5C572" otype="FKIndexAssociation" vid_source="0C4C6A08-48D6-333A-78BC-FB0324BEF0AF" vid_target="1ED599B1-83BE-2FDC-C553-8FDE4A941CDB">
<hideElementsInCurrentOnly>false</hideElementsInCurrentOnly>
<backgroundColor>-16777216</backgroundColor>
<lineWidth>1</lineWidth>
<points>
<point x="109" y="174"/>
<point x="109" y="407"/>
</points>
</Connector>
<Connector class="oracle.dbtools.crest.swingui.relational.TVFKRelation" oid="896066C4-BA7E-E87C-F47D-C3FFFE74C5D3" otype="FKIndexAssociation" vid_source="2895A937-65C1-3307-D96B-504DAD5C202B" vid_target="BE2E6E80-57D5-8B22-6CF2-73196E63A53D">
<hideElementsInCurrentOnly>false</hideElementsInCurrentOnly>
<backgroundColor>-16777216</backgroundColor>
<lineWidth>1</lineWidth>
<points>
<point x="2293" y="1871"/>
<point x="2293" y="1830"/>
</points>
</Connector>
<Connector class="oracle.dbtools.crest.swingui.relational.TVFKRelation" oid="8C0CF947-6F6D-676D-14A6-C623C23E182B" otype="FKIndexAssociation" vid_source="1ED599B1-83BE-2FDC-C553-8FDE4A941CDB" vid_target="64BCABD7-B6EE-2AAF-7DD0-7A23AF8D56FF">
<hideElementsInCurrentOnly>false</hideElementsInCurrentOnly>
<backgroundColor>-16777216</backgroundColor>
<lineWidth>1</lineWidth>
<points>
<point x="208" y="490"/>
<point x="411" y="490"/>
</points>
</Connector>
<Connector class="oracle.dbtools.crest.swingui.relational.TVFKRelation" oid="8ECE7AE2-3558-86BE-5A30-6E0195E220BE" otype="FKIndexAssociation" vid_source="839D1D5D-409A-B9E3-48D6-91CE5DEBA7B4" vid_target="F216AFB2-F463-2D1B-FF0C-57982CD491C1">
<hideElementsInCurrentOnly>false</hideElementsInCurrentOnly>
<backgroundColor>-16777216</backgroundColor>
<lineWidth>1</lineWidth>
<points>
<point x="2597" y="1719"/>
<point x="2597" y="1651"/>
</points>
</Connector>
<Connector class="oracle.dbtools.crest.swingui.relational.TVFKRelation" oid="91082C2D-4B71-4533-4BAC-58C236C36831" otype="FKIndexAssociation" vid_source="B607513A-7F86-F08F-8576-CAED4A4D9ABF" vid_target="DC72A556-8B9C-749A-5F32-C9EEFCC1EFA0">
<hideElementsInCurrentOnly>false</hideElementsInCurrentOnly>
<backgroundColor>-16777216</backgroundColor>
<lineWidth>1</lineWidth>
<points>
<point x="2090" y="1031"/>
<point x="2768" y="1031"/>
</points>
</Connector>
<Connector class="oracle.dbtools.crest.swingui.relational.TVFKRelation" oid="94457DA9-5B89-2137-626E-8AB79AA54A10" otype="FKIndexAssociation" vid_source="6B527C3F-18EC-3F37-CBE9-7840E87ECD00" vid_target="A91D323A-3AD8-6FAE-C345-9C19A797F673">
<hideElementsInCurrentOnly>false</hideElementsInCurrentOnly>
<backgroundColor>-16777216</backgroundColor>
<lineWidth>1</lineWidth>
<points>
<point x="1934" y="1269"/>
<point x="1322" y="1401"/>
</points>
</Connector>
<Connector class="oracle.dbtools.crest.swingui.relational.TVFKRelation" oid="945A3C7F-70B9-7BC5-178E-D42E3F04876C" otype="FKIndexAssociation" vid_source="44A6F179-7632-B2E4-CE83-C7F3EF2B6B54" vid_target="EC0778D5-2F76-D14A-9280-31255C0930D8">
<hideElementsInCurrentOnly>false</hideElementsInCurrentOnly>
<backgroundColor>-16777216</backgroundColor>
<lineWidth>1</lineWidth>
<points>
<point x="148" y="1073"/>
<point x="148" y="1215"/>
</points>
</Connector>
<Connector class="oracle.dbtools.crest.swingui.relational.TVFKRelation" oid="958B0275-D0B8-889E-6E34-F88C70E1C5C0" otype="FKIndexAssociation" vid_source="146707F7-5FC5-EC84-E471-F7FF3536AF52" vid_target="EF388EA0-B9A4-42E9-A5D5-238249BCEB6C">
<hideElementsInCurrentOnly>false</hideElementsInCurrentOnly>
<backgroundColor>-16777216</backgroundColor>
<lineWidth>1</lineWidth>
<points>
<point x="1722" y="861"/>
<point x="1316" y="1659"/>
</points>
</Connector>
<Connector class="oracle.dbtools.crest.swingui.relational.TVFKRelation" oid="965D7C2A-B2AB-90DB-0A9B-DCE98A557B3B" otype="FKIndexAssociation" vid_source="6B527C3F-18EC-3F37-CBE9-7840E87ECD00" vid_target="62218CC3-ED5C-F2CE-9B3F-E25DFADCB2D6">
<hideElementsInCurrentOnly>false</hideElementsInCurrentOnly>
<backgroundColor>-16777216</backgroundColor>
<lineWidth>1</lineWidth>
<points>
<point x="1934" y="1291"/>
<point x="1667" y="1395"/>
</points>
</Connector>
<Connector class="oracle.dbtools.crest.swingui.relational.TVFKRelation" oid="9A9F9FEB-714A-6BCC-9E00-EB2918FDFE07" otype="FKIndexAssociation" vid_source="EE5A17D0-491F-3D87-6CFD-1680B51E1C2B" vid_target="E86A7C2A-5838-9F3C-FF9A-2E140FA41793">
<hideElementsInCurrentOnly>false</hideElementsInCurrentOnly>
<backgroundColor>-16777216</backgroundColor>
<lineWidth>1</lineWidth>
<points>
<point x="381" y="999"/>
<point x="381" y="885"/>
</points>
</Connector>
<Connector class="oracle.dbtools.crest.swingui.relational.TVFKRelation" oid="9C937DF9-518D-D734-10B7-EADF54C0C6DD" otype="FKIndexAssociation" vid_source="BE89550C-1E0C-7B50-E0EF-977DF4BD9046" vid_target="E82BFFCD-8245-4D27-E0DF-0387673E4EE3">
<hideElementsInCurrentOnly>false</hideElementsInCurrentOnly>
<backgroundColor>-16777216</backgroundColor>
<lineWidth>1</lineWidth>
<points>
<point x="124" y="778"/>
<point x="124" y="699"/>
</points>
</Connector>
<Connector class="oracle.dbtools.crest.swingui.relational.TVFKRelation" oid="9E5AE3BA-2788-F257-5473-7AE2A406F025" otype="FKIndexAssociation" vid_source="00CA2AB7-9505-4010-9641-F15BCF3F937C" vid_target="17489B60-655B-953D-0241-F3E431B25B4B">
<hideElementsInCurrentOnly>false</hideElementsInCurrentOnly>
<backgroundColor>-16777216</backgroundColor>
<lineWidth>1</lineWidth>
<points>
<point x="255" y="1661"/>
<point x="1882" y="1903"/>
</points>
</Connector>
<Connector class="oracle.dbtools.crest.swingui.relational.TVFKRelation" oid="A177313A-CD58-3A28-F419-A2411B3B1251" otype="FKIndexAssociation" vid_source="64BCABD7-B6EE-2AAF-7DD0-7A23AF8D56FF" vid_target="E86A7C2A-5838-9F3C-FF9A-2E140FA41793">
<hideElementsInCurrentOnly>false</hideElementsInCurrentOnly>
<backgroundColor>-16777216</backgroundColor>
<lineWidth>1</lineWidth>
<points>
<point x="450" y="676"/>
<point x="450" y="766"/>
</points>
</Connector>
<Connector class="oracle.dbtools.crest.swingui.relational.TVFKRelation" oid="A459DDE2-92D0-4DA2-B330-7915D98674A6" otype="FKIndexAssociation" vid_source="0D7E2C3D-7AB8-F28C-2956-7B969B16DB7A" vid_target="618B7102-B291-3535-0971-37D6D6D8FFCB">
<hideElementsInCurrentOnly>false</hideElementsInCurrentOnly>
<backgroundColor>-16777216</backgroundColor>
<lineWidth>1</lineWidth>
<points>
<point x="2571" y="155"/>
<point x="2571" y="542"/>
</points>
</Connector>
<Connector class="oracle.dbtools.crest.swingui.relational.TVFKRelation" oid="A99CFAB4-7743-B2AC-023D-E40F544F6222" otype="FKIndexAssociation" vid_source="978FA4CA-E84F-DBD4-EF56-44311D7B40A2" vid_target="0F7BFDF8-5894-13D8-08DD-FC3A22CF3ADD">
<hideElementsInCurrentOnly>false</hideElementsInCurrentOnly>
<backgroundColor>-16777216</backgroundColor>
<lineWidth>1</lineWidth>
<points>
<point x="925" y="90"/>
<point x="1723" y="41"/>
</points>
</Connector>
<Connector class="oracle.dbtools.crest.swingui.relational.TVFKRelation" oid="AB982FDE-5D61-F7C4-2867-6BED2B5668B2" otype="FKIndexAssociation" vid_source="6B527C3F-18EC-3F37-CBE9-7840E87ECD00" vid_target="BDDEC07F-A43E-4790-87C4-8D91026B5201">
<hideElementsInCurrentOnly>false</hideElementsInCurrentOnly>
<backgroundColor>-16777216</backgroundColor>
<lineWidth>1</lineWidth>
<points>
<point x="2115" y="1331"/>
<point x="2249" y="1560"/>
</points>
</Connector>
<Connector class="oracle.dbtools.crest.swingui.relational.TVFKRelation" oid="AEE44AC7-D9C2-1721-D624-0C1492A50022" otype="FKIndexAssociation" vid_source="978FA4CA-E84F-DBD4-EF56-44311D7B40A2" vid_target="472C1B54-04DA-78B0-0DCE-BD43CFF18A62">
<hideElementsInCurrentOnly>false</hideElementsInCurrentOnly>
<backgroundColor>-16777216</backgroundColor>
<lineWidth>1</lineWidth>
<points>
<point x="671" y="97"/>
<point x="513" y="97"/>
</points>
</Connector>
<Connector class="oracle.dbtools.crest.swingui.relational.TVFKRelation" oid="AF33BBE4-1AF2-8171-C094-2EEF2EF1BA83" otype="FKIndexAssociation" vid_source="65BDB5AF-13D1-28F2-8AE4-295280252FF7" vid_target="D80D4E9F-0ACC-FF5E-6F25-8BE1490AD11A">
<hideElementsInCurrentOnly>false</hideElementsInCurrentOnly>
<backgroundColor>-16777216</backgroundColor>
<lineWidth>1</lineWidth>
<points>
<point x="527" y="1904"/>
<point x="527" y="1883"/>
</points>
</Connector>
<Connector class="oracle.dbtools.crest.swingui.relational.TVFKRelation" oid="B0D76910-202D-FE7A-561F-BBFA61A03EE7" otype="FKIndexAssociation" vid_source="21078C92-9D9E-589F-F27F-CCB7143C0268" vid_target="A6249563-A82D-ABDC-DF5D-5A9D024E31F9">
<hideElementsInCurrentOnly>false</hideElementsInCurrentOnly>
<backgroundColor>-16777216</backgroundColor>
<lineWidth>1</lineWidth>
<points>
<point x="2207" y="79"/>
<point x="2233" y="79"/>
</points>
</Connector>
<Connector class="oracle.dbtools.crest.swingui.relational.TVFKRelation" oid="B2800F3E-BBB1-C2D6-40EA-1AE2ADC70D3F" otype="FKIndexAssociation" vid_source="5F346F9C-A55C-B8B0-FAD8-D625BCB480F2" vid_target="95F8CE83-FB4F-DA40-F21A-7DC4D6A0B717">
<hideElementsInCurrentOnly>false</hideElementsInCurrentOnly>
<backgroundColor>-16777216</backgroundColor>
<lineWidth>1</lineWidth>
<points>
<point x="3166" y="893"/>
<point x="2734" y="893"/>
</points>
</Connector>
<Connector class="oracle.dbtools.crest.swingui.relational.TVFKRelation" oid="B6B71D65-5ADD-7E0C-ED6A-2F0BC43F883A" otype="FKIndexAssociation" vid_source="146707F7-5FC5-EC84-E471-F7FF3536AF52" vid_target="52AB702B-0DB0-9F63-FAD2-828734C7FABB">
<hideElementsInCurrentOnly>false</hideElementsInCurrentOnly>
<backgroundColor>-16777216</backgroundColor>
<lineWidth>1</lineWidth>
<points>
<point x="1656" y="861"/>
<point x="859" y="1529"/>
</points>
</Connector>
<Connector class="oracle.dbtools.crest.swingui.relational.TVFKRelation" oid="B85BE60D-CE46-3AD9-9F7A-E169162818A6" otype="FKIndexAssociation" vid_source="110F9111-8204-9F1A-CE91-B2FF061A52FB" vid_target="6BDB539A-FCD3-49D9-CBF0-98C5A8D72FB4">
<hideElementsInCurrentOnly>false</hideElementsInCurrentOnly>
<backgroundColor>-16777216</backgroundColor>
<lineWidth>1</lineWidth>
<points>
<point x="3449" y="774"/>
<point x="3449" y="910"/>
</points>
</Connector>
<Connector class="oracle.dbtools.crest.swingui.relational.TVFKRelation" oid="B8D440B6-A70A-957A-6F21-5CBDB838C384" otype="FKIndexAssociation" vid_source="44A6F179-7632-B2E4-CE83-C7F3EF2B6B54" vid_target="BE89550C-1E0C-7B50-E0EF-977DF4BD9046">
<hideElementsInCurrentOnly>false</hideElementsInCurrentOnly>
<backgroundColor>-16777216</backgroundColor>
<lineWidth>1</lineWidth>
<points>
<point x="123" y="962"/>
<point x="123" y="918"/>
</points>
</Connector>
<Connector class="oracle.dbtools.crest.swingui.relational.TVFKRelation" oid="B971AFAB-B60A-EF09-4792-49003D036F41" otype="FKIndexAssociation" vid_source="146707F7-5FC5-EC84-E471-F7FF3536AF52" vid_target="75E578E5-18A1-B96A-B189-2F24E57ADACE">
<hideElementsInCurrentOnly>false</hideElementsInCurrentOnly>
<backgroundColor>-16777216</backgroundColor>
<lineWidth>1</lineWidth>
<points>
<point x="1641" y="824"/>
<point x="1376" y="937"/>
</points>
</Connector>
<Connector class="oracle.dbtools.crest.swingui.relational.TVFKRelation" oid="BA08A436-4208-2BBD-25EF-19134314B560" otype="FKIndexAssociation" vid_source="FBF9085D-F223-E935-4992-6F6AF861C7E5" vid_target="B94EEFAE-ECD4-8AE7-A899-45B2477D6B5A">
<hideElementsInCurrentOnly>false</hideElementsInCurrentOnly>
<backgroundColor>-16777216</backgroundColor>
<lineWidth>1</lineWidth>
<points>
<point x="1339" y="531"/>
<point x="1376" y="531"/>
</points>
</Connector>
<Connector class="oracle.dbtools.crest.swingui.relational.TVFKRelation" oid="C19D1E68-D201-BF9A-EA0F-0021E5F646A6" otype="FKIndexAssociation" vid_source="B607513A-7F86-F08F-8576-CAED4A4D9ABF" vid_target="DC72A556-8B9C-749A-5F32-C9EEFCC1EFA0">
<hideElementsInCurrentOnly>false</hideElementsInCurrentOnly>
<backgroundColor>-16777216</backgroundColor>
<lineWidth>1</lineWidth>
<points>
<point x="2090" y="1016"/>
<point x="2768" y="1016"/>
</points>
</Connector>
<Connector class="oracle.dbtools.crest.swingui.relational.TVFKRelation" oid="C91A889C-0896-1A0F-0F00-743C6705AF38" otype="FKIndexAssociation" vid_source="0D7E2C3D-7AB8-F28C-2956-7B969B16DB7A" vid_target="A6249563-A82D-ABDC-DF5D-5A9D024E31F9">
<hideElementsInCurrentOnly>false</hideElementsInCurrentOnly>
<backgroundColor>-16777216</backgroundColor>
<lineWidth>1</lineWidth>
<points>
<point x="2530" y="90"/>
<point x="2496" y="90"/>
</points>
</Connector>
<Connector class="oracle.dbtools.crest.swingui.relational.TVFKRelation" oid="C9D1FBD7-9DF5-B2FC-74A1-AFD883BDB00A" otype="FKIndexAssociation" vid_source="1ED599B1-83BE-2FDC-C553-8FDE4A941CDB" vid_target="A91D323A-3AD8-6FAE-C345-9C19A797F673">
<hideElementsInCurrentOnly>false</hideElementsInCurrentOnly>
<backgroundColor>-16777216</backgroundColor>
<lineWidth>1</lineWidth>
<points>
<point x="187" y="518"/>
<point x="1172" y="1364"/>
</points>
</Connector>
<Connector class="oracle.dbtools.crest.swingui.relational.TVFKRelation" oid="CB669197-2657-1C6B-BFF3-96D89598F6D3" otype="FKIndexAssociation" vid_source="00CA2AB7-9505-4010-9641-F15BCF3F937C" vid_target="9B06BF01-F61D-E50B-49BA-4D3A14EAACF7">
<hideElementsInCurrentOnly>false</hideElementsInCurrentOnly>
<backgroundColor>-16777216</backgroundColor>
<lineWidth>1</lineWidth>
<points>
<point x="250" y="1722"/>
<point x="250" y="1773"/>
</points>
</Connector>
<Connector class="oracle.dbtools.crest.swingui.relational.TVFKRelation" oid="CCD48EF0-3E5F-20A5-867A-556209975D9B" otype="FKIndexAssociation" vid_source="110F9111-8204-9F1A-CE91-B2FF061A52FB" vid_target="6BDB539A-FCD3-49D9-CBF0-98C5A8D72FB4">
<hideElementsInCurrentOnly>false</hideElementsInCurrentOnly>
<backgroundColor>-16777216</backgroundColor>
<lineWidth>1</lineWidth>
<points>
<point x="3464" y="774"/>
<point x="3464" y="910"/>
</points>
</Connector>
<Connector class="oracle.dbtools.crest.swingui.relational.TVFKRelation" oid="CD9945E3-B252-C57F-A386-E8EF04E8F551" otype="FKIndexAssociation" vid_source="6B527C3F-18EC-3F37-CBE9-7840E87ECD00" vid_target="FF917D9E-FEB2-6942-150E-44E7866776BB">
<hideElementsInCurrentOnly>false</hideElementsInCurrentOnly>
<backgroundColor>-16777216</backgroundColor>
<lineWidth>1</lineWidth>
<points>
<point x="1934" y="1168"/>
<point x="1895" y="1168"/>
</points>
</Connector>
<Connector class="oracle.dbtools.crest.swingui.relational.TVFKRelation" oid="CF57E8FC-0018-C8E8-3851-17C1364FDE5A" otype="FKIndexAssociation" vid_source="64BCABD7-B6EE-2AAF-7DD0-7A23AF8D56FF" vid_target="67A6446B-0190-E3D7-6085-C43F3AC01904">
<hideElementsInCurrentOnly>false</hideElementsInCurrentOnly>
<backgroundColor>-16777216</backgroundColor>
<lineWidth>1</lineWidth>
<points>
<point x="576" y="676"/>
<point x="576" y="1029"/>
</points>
</Connector>
<Connector class="oracle.dbtools.crest.swingui.relational.TVFKRelation" oid="D7246A9B-7BE9-5F88-6A2E-F8EBA30F5CD1" otype="FKIndexAssociation" vid_source="6B527C3F-18EC-3F37-CBE9-7840E87ECD00" vid_target="368A7123-907C-7ED3-2A17-D32204E508F1">
<hideElementsInCurrentOnly>false</hideElementsInCurrentOnly>
<backgroundColor>-16777216</backgroundColor>
<lineWidth>1</lineWidth>
<points>
<point x="1956" y="1331"/>
<point x="1947" y="1562"/>
</points>
</Connector>
<Connector class="oracle.dbtools.crest.swingui.relational.TVFKRelation" oid="D76B2ED2-A004-6E83-1957-33DCEF36B441" otype="FKIndexAssociation" vid_source="21078C92-9D9E-589F-F27F-CCB7143C0268" vid_target="0F7BFDF8-5894-13D8-08DD-FC3A22CF3ADD">
<hideElementsInCurrentOnly>false</hideElementsInCurrentOnly>
<backgroundColor>-16777216</backgroundColor>
<lineWidth>1</lineWidth>
<points>
<point x="1996" y="78"/>
<point x="1958" y="78"/>
</points>
</Connector>
<Connector class="oracle.dbtools.crest.swingui.relational.TVFKRelation" oid="DA894FF4-9CA5-F20F-6FC8-3563E6DB199F" otype="FKIndexAssociation" vid_source="17489B60-655B-953D-0241-F3E431B25B4B" vid_target="EF388EA0-B9A4-42E9-A5D5-238249BCEB6C">
<hideElementsInCurrentOnly>false</hideElementsInCurrentOnly>
<backgroundColor>-16777216</backgroundColor>
<lineWidth>1</lineWidth>
<points>
<point x="1882" y="1884"/>
<point x="1374" y="1738"/>
</points>
</Connector>
<Connector class="oracle.dbtools.crest.swingui.relational.TVFKRelation" oid="DC560D4B-09BC-2168-1E26-D0E5CB7E283D" otype="FKIndexAssociation" vid_source="4F3584C7-C072-1136-F261-C2D1673EF6D8" vid_target="7CF1D426-EAC8-29C8-7F64-FED689929729">
<hideElementsInCurrentOnly>false</hideElementsInCurrentOnly>
<backgroundColor>-16777216</backgroundColor>
<lineWidth>1</lineWidth>
<points>
<point x="881" y="234"/>
<point x="3094" y="702"/>
</points>
</Connector>
<Connector class="oracle.dbtools.crest.swingui.relational.TVFKRelation" oid="DFF6C44F-71E7-A85A-F8DD-F9AC3AA7F65F" otype="FKIndexAssociation" vid_source="64BCABD7-B6EE-2AAF-7DD0-7A23AF8D56FF" vid_target="E82BFFCD-8245-4D27-E0DF-0387673E4EE3">
<hideElementsInCurrentOnly>false</hideElementsInCurrentOnly>
<backgroundColor>-16777216</backgroundColor>
<lineWidth>1</lineWidth>
<points>
<point x="411" y="632"/>
<point x="219" y="632"/>
</points>
</Connector>
<Connector class="oracle.dbtools.crest.swingui.relational.TVFKRelation" oid="E3B027F0-1D12-4FCB-6B01-EB2DCEDE0D75" otype="FKIndexAssociation" vid_source="7CF1D426-EAC8-29C8-7F64-FED689929729" vid_target="F708206E-5D13-4206-4F98-51D256D70F07">
<hideElementsInCurrentOnly>false</hideElementsInCurrentOnly>
<backgroundColor>-16777216</backgroundColor>
<lineWidth>1</lineWidth>
<points>
<point x="3094" y="755"/>
<point x="3041" y="755"/>
</points>
</Connector>
<Connector class="oracle.dbtools.crest.swingui.relational.TVFKRelation" oid="E3EC99B5-64D8-57CF-B9EE-4F36955E9D6B" otype="FKIndexAssociation" vid_source="146707F7-5FC5-EC84-E471-F7FF3536AF52" vid_target="F50C50F6-6530-AF07-59BA-60A88CD83482">
<hideElementsInCurrentOnly>false</hideElementsInCurrentOnly>
<backgroundColor>-16777216</backgroundColor>
<lineWidth>1</lineWidth>
<points>
<point x="1896" y="817"/>
<point x="1978" y="817"/>
</points>
</Connector>
<Connector class="oracle.dbtools.crest.swingui.relational.TVFKRelation" oid="EC5446D1-3A90-ED30-32FF-8AAAF28F90CD" otype="FKIndexAssociation" vid_source="F708206E-5D13-4206-4F98-51D256D70F07" vid_target="E3185093-2551-6E12-8095-A7B5E7FF253C">
<hideElementsInCurrentOnly>false</hideElementsInCurrentOnly>
<backgroundColor>-16777216</backgroundColor>
<lineWidth>1</lineWidth>
<points>
<point x="2824" y="741"/>
<point x="2751" y="741"/>
</points>
</Connector>
<Connector class="oracle.dbtools.crest.swingui.relational.TVFKRelation" oid="EDDFBE00-188B-6AEE-2D4F-A4BEA6FE6C87" otype="FKIndexAssociation" vid_source="00CA2AB7-9505-4010-9641-F15BCF3F937C" vid_target="D80D4E9F-0ACC-FF5E-6F25-8BE1490AD11A">
<hideElementsInCurrentOnly>false</hideElementsInCurrentOnly>
<backgroundColor>-16777216</backgroundColor>
<lineWidth>1</lineWidth>
<points>
<point x="255" y="1694"/>
<point x="444" y="1773"/>
</points>
</Connector>
<Connector class="oracle.dbtools.crest.swingui.relational.TVFKRelation" oid="F0220DD3-4A94-25DC-C492-8C68EA2A7FAE" otype="FKIndexAssociation" vid_source="B607513A-7F86-F08F-8576-CAED4A4D9ABF" vid_target="95F8CE83-FB4F-DA40-F21A-7DC4D6A0B717">
<hideElementsInCurrentOnly>false</hideElementsInCurrentOnly>
<backgroundColor>-16777216</backgroundColor>
<lineWidth>1</lineWidth>
<points>
<point x="2090" y="966"/>
<point x="2495" y="966"/>
</points>
</Connector>
<Connector class="oracle.dbtools.crest.swingui.relational.TVFKRelation" oid="F068BF3D-F02B-0189-E89B-1758003F39FD" otype="FKIndexAssociation" vid_source="146707F7-5FC5-EC84-E471-F7FF3536AF52" vid_target="B94EEFAE-ECD4-8AE7-A899-45B2477D6B5A">
<hideElementsInCurrentOnly>false</hideElementsInCurrentOnly>
<backgroundColor>-16777216</backgroundColor>
<lineWidth>1</lineWidth>
<points>
<point x="1641" y="685"/>
<point x="1546" y="621"/>
</points>
</Connector>
<Connector class="oracle.dbtools.crest.swingui.relational.TVFKRelation" oid="F1E9AEB5-07AE-E21E-2FDA-1BDE7E956C38" otype="FKIndexAssociation" vid_source="54C0EADA-5B2D-BD78-AAAE-8D40B830271D" vid_target="0EF84280-CAC5-721A-1459-2ADF10431053">
<hideElementsInCurrentOnly>false</hideElementsInCurrentOnly>
<backgroundColor>-16777216</backgroundColor>
<lineWidth>1</lineWidth>
<points>
<point x="1786" y="281"/>
<point x="1831" y="281"/>
</points>
</Connector>
<Connector class="oracle.dbtools.crest.swingui.relational.TVFKRelation" oid="F3FE510C-17EE-C044-9E75-17890FE6F6C1" otype="FKIndexAssociation" vid_source="4FF716B1-E90B-9C50-9AC0-49917E2F0D0E" vid_target="197973D8-655F-321E-5585-3E41574FBBEA">
<hideElementsInCurrentOnly>false</hideElementsInCurrentOnly>
<backgroundColor>-16777216</backgroundColor>
<lineWidth>1</lineWidth>
<points>
<point x="2336" y="318"/>
<point x="2202" y="385"/>
</points>
</Connector>
<Connector class="oracle.dbtools.crest.swingui.relational.TVFKRelation" oid="FD9FE6D9-35A9-B665-27DD-03470DA7628C" otype="FKIndexAssociation" vid_source="B607513A-7F86-F08F-8576-CAED4A4D9ABF" vid_target="06189AEE-0097-C02D-F7BA-0B2A0BB4588D">
<hideElementsInCurrentOnly>false</hideElementsInCurrentOnly>
<backgroundColor>-16777216</backgroundColor>
<lineWidth>1</lineWidth>
<points>
<point x="1909" y="951"/>
<point x="1857" y="951"/>
</points>
</Connector>
<Connector class="oracle.dbtools.crest.swingui.relational.TVFKRelation" oid="FEECBC6C-02A5-AE81-914C-584FBCB87749" otype="FKIndexAssociation" vid_source="4F3584C7-C072-1136-F261-C2D1673EF6D8" vid_target="61E45E03-D8A1-DE53-A051-4A7FEA595288">
<hideElementsInCurrentOnly>false</hideElementsInCurrentOnly>
<backgroundColor>-16777216</backgroundColor>
<lineWidth>1</lineWidth>
<points>
<point x="881" y="220"/>
<point x="906" y="220"/>
</points>
</Connector>
</connectors>
</Diagram>