<?xml version = '1.0' encoding = 'UTF-8'?>
<Diagram class="oracle.dbtools.crest.swingui.relational.DPVRelationalSubView" name="Investicioni_fond" id="DAD682A9-C27B-FA04-37A8-1516F0136DA7">
<createdBy>Matija</createdBy>
<modifiedBy>Matija</modifiedBy>
<createdTime>2024-12-26 22:13:05 UTC</createdTime>
<autoRoute>false</autoRoute>
<boxInbox>true</boxInbox>
<showLegend>false</showLegend>
<showLabels>false</showLabels>
<showRelAttributes>false</showRelAttributes>
<gridEnabled>false</gridEnabled>
<showGrid>false</showGrid>
<diagramColor>-1</diagramColor>
<display>false</display>
<notation>1</notation>
<objectViews>
<OView class="oracle.dbtools.crest.swingui.relational.TVTable" oid="3414C712-DDA6-9F30-D20B-D0BC4AE4DF5B" otype="Table" vid="E47E28E1-0910-4C65-DC63-0381DC331D42">
<hideElementsInCurrentOnly>false</hideElementsInCurrentOnly>
<bounds x="0" y="531" width="174" height="120"/>
</OView>
<OView class="oracle.dbtools.crest.swingui.relational.TVTable" oid="3AB2F36C-F9BF-827E-C494-F41BA66B18E2" otype="Table" vid="B4819856-0CD9-ECE1-4266-C8C4239B43AD">
<hideElementsInCurrentOnly>false</hideElementsInCurrentOnly>
<bounds x="360" y="528" width="200" height="125"/>
</OView>
<OView class="oracle.dbtools.crest.swingui.relational.TVTable" oid="3C01A47B-7D6B-B6B2-C277-80AB4DA355CE" otype="Table" vid="F964F0FF-B541-10D8-30C6-E662D440413C">
<hideElementsInCurrentOnly>false</hideElementsInCurrentOnly>
<bounds x="862" y="710" width="178" height="179"/>
</OView>
<OView class="oracle.dbtools.crest.swingui.relational.TVTable" oid="560401A8-0A0D-0F9E-A754-440ED7122151" otype="Table" vid="C6254E30-0BA6-BCF6-98C4-E9CDB3E139B6">
<hideElementsInCurrentOnly>false</hideElementsInCurrentOnly>
<bounds x="4" y="139" width="170" height="110"/>
</OView>
<OView class="oracle.dbtools.crest.swingui.relational.TVTable" oid="56BA4068-54E4-3188-EE2B-B40B96545DC6" otype="Table" vid="91D0C336-CD30-4C81-EE4C-055EAC9A6208">
<hideElementsInCurrentOnly>false</hideElementsInCurrentOnly>
<bounds x="1022" y="11" width="170" height="182"/>
</OView>
<OView class="oracle.dbtools.crest.swingui.relational.TVTable" oid="5FA95CF3-6858-01D4-DA39-35413BDD99C8" otype="Table" vid="D190C9FB-DBF4-C481-85B9-67BA7CBEE60D">
<hideElementsInCurrentOnly>false</hideElementsInCurrentOnly>
<bounds x="1260" y="474" width="238" height="115"/>
</OView>
<OView class="oracle.dbtools.crest.swingui.relational.TVTable" oid="78F4C191-6110-451B-766D-8CEF6F4A947C" otype="Table" vid="EAEF2D05-C93E-3552-1A0F-3798FBE464C6">
<hideElementsInCurrentOnly>false</hideElementsInCurrentOnly>
<bounds x="1263" y="40" width="252" height="181"/>
</OView>
<OView class="oracle.dbtools.crest.swingui.relational.TVTable" oid="7F96D6BE-C873-B4B5-7613-2D26EEA6AF76" otype="Table" vid="3EF1DA7A-CA18-6EB8-91D3-ECFADA54C030">
<hideElementsInCurrentOnly>false</hideElementsInCurrentOnly>
<bounds x="210" y="41" width="194" height="181"/>
</OView>
<OView class="oracle.dbtools.crest.swingui.relational.TVTable" oid="84DB49E7-12FF-7387-908F-4117D7BD5B68" otype="Table" vid="448EE2C0-ACD4-EBB5-58C6-1D84703C27D2">
<hideElementsInCurrentOnly>false</hideElementsInCurrentOnly>
<bounds x="426" y="29" width="112" height="61"/>
</OView>
<OView class="oracle.dbtools.crest.swingui.relational.TVTable" oid="880B9AC4-A6A6-6E28-1283-115313019F8B" otype="Table" vid="C5ED89FA-85F9-B554-6F68-A5DA791366D5">
<hideElementsInCurrentOnly>false</hideElementsInCurrentOnly>
<bounds x="5" y="14" width="170" height="110"/>
</OView>
<OView class="oracle.dbtools.crest.swingui.relational.TVTable" oid="97C8CB4C-5F74-FA48-A7A1-18DC0D742D3E" otype="Table" vid="DD1B419B-8776-C0C8-BEAB-1DDF374057CE">
<hideElementsInCurrentOnly>false</hideElementsInCurrentOnly>
<bounds x="1033" y="524" width="211" height="120"/>
</OView>
<OView class="oracle.dbtools.crest.swingui.relational.TVTable" oid="9E0EF5E8-3660-BA97-B29E-F11C5711D8F9" otype="Table" vid="5CF76385-2020-7DB6-2959-817AC67E181C">
<hideElementsInCurrentOnly>false</hideElementsInCurrentOnly>
<bounds x="576" y="16" width="195" height="180"/>
</OView>
<OView class="oracle.dbtools.crest.swingui.relational.TVTable" oid="A4787563-6B82-1633-F6D0-0C4707115406" otype="Table" vid="A5DF61E4-C17C-2913-862F-4FD79D6002AE">
<hideElementsInCurrentOnly>false</hideElementsInCurrentOnly>
<bounds x="367" y="391" width="194" height="111"/>
</OView>
<OView class="oracle.dbtools.crest.swingui.relational.TVTable" oid="BF66BA0B-523B-C2B0-870E-B65E14258CF6" otype="Table" vid="C6937EDC-3F2B-C32A-4038-FBF7D20A1C89">
<hideElementsInCurrentOnly>false</hideElementsInCurrentOnly>
<bounds x="2" y="393" width="172" height="110"/>
</OView>
<OView class="oracle.dbtools.crest.swingui.relational.TVTable" oid="C9E3DAE7-AAC5-14D3-5273-1582ED92F77F" otype="Table" vid="78E18C7C-CBAA-A5F7-01B4-CD0973C35732">
<hideElementsInCurrentOnly>false</hideElementsInCurrentOnly>
<bounds x="184" y="528" width="170" height="125"/>
</OView>
<OView class="oracle.dbtools.crest.swingui.relational.TVTable" oid="D0DC793E-5121-B362-4518-6F4703271A8C" otype="Table" vid="375F5AB8-733D-FC1B-849A-646D22A710A1">
<hideElementsInCurrentOnly>false</hideElementsInCurrentOnly>
<bounds x="793" y="523" width="212" height="125"/>
</OView>
<OView class="oracle.dbtools.crest.swingui.relational.TVTable" oid="D762854A-CA82-4AD1-38C4-97847C5FCCB1" otype="Table" vid="6AEBC6D2-91C7-EE03-CE95-28FBD078F73F">
<hideElementsInCurrentOnly>false</hideElementsInCurrentOnly>
<bounds x="183" y="392" width="170" height="110"/>
</OView>
<OView class="oracle.dbtools.crest.swingui.relational.TVTable" oid="D9E926B9-3215-E283-96A0-FD29B4A90351" otype="Table" vid="DBE76402-0D81-5427-C403-91122E50584D">
<hideElementsInCurrentOnly>false</hideElementsInCurrentOnly>
<bounds x="207" y="714" width="209" height="183"/>
</OView>
<OView class="oracle.dbtools.crest.swingui.relational.TVTable" oid="DD57A4A4-D68D-D28B-72D2-BBE414C7A390" otype="Table" vid="D9C4B4E0-DFA0-C9CB-FDB7-11019E535CD1">
<hideElementsInCurrentOnly>false</hideElementsInCurrentOnly>
<bounds x="1261" y="712" width="231" height="180"/>
</OView>
<OView class="oracle.dbtools.crest.swingui.relational.TVTable" oid="E88FE346-38C9-AECD-03C1-BCC9BE097CBC" otype="Table" vid="08594D03-B6DA-3777-D6DA-641A02E5480D">
<hideElementsInCurrentOnly>false</hideElementsInCurrentOnly>
<bounds x="807" y="220" width="178" height="133"/>
</OView>
<OView class="oracle.dbtools.crest.swingui.relational.TVTable" oid="EDEDF439-EEDA-BC41-D773-CB5538180796" otype="Table" vid="FA5D34E1-A73A-05D2-034C-8A1C1FC2D9DF">
<hideElementsInCurrentOnly>false</hideElementsInCurrentOnly>
<bounds x="526" y="709" width="195" height="179"/>
</OView>
<OView class="oracle.dbtools.crest.swingui.relational.TVTable" oid="EE7DE9F9-5C23-93DC-D8ED-EAE9B5F921DC" otype="Table" vid="32E30B9D-2E58-DFCA-0F35-093FF7BDA9FE">
<hideElementsInCurrentOnly>false</hideElementsInCurrentOnly>
<bounds x="571" y="527" width="204" height="125"/>
</OView>
</objectViews>
<connectors>
<Connector class="oracle.dbtools.crest.swingui.relational.TVFKRelation" oid="02634B86-0BE9-B691-B653-774E35C87E60" otype="FKIndexAssociation" vid_source="E47E28E1-0910-4C65-DC63-0381DC331D42" vid_target="C6937EDC-3F2B-C32A-4038-FBF7D20A1C89">
<hideElementsInCurrentOnly>false</hideElementsInCurrentOnly>
<backgroundColor>-16777216</backgroundColor>
<lineWidth>1</lineWidth>
<points>
<point x="88" y="531"/>
<point x="88" y="503"/>
</points>
</Connector>
<Connector class="oracle.dbtools.crest.swingui.relational.TVFKRelation" oid="10DA355F-F8CA-E1A2-68BA-E05BB846BBFE" otype="FKIndexAssociation" vid_source="3EF1DA7A-CA18-6EB8-91D3-ECFADA54C030" vid_target="08594D03-B6DA-3777-D6DA-641A02E5480D">
<hideElementsInCurrentOnly>false</hideElementsInCurrentOnly>
<backgroundColor>-16777216</backgroundColor>
<lineWidth>1</lineWidth>
<points>
<point x="404" y="221"/>
<point x="807" y="221"/>
</points>
</Connector>
<Connector class="oracle.dbtools.crest.swingui.relational.TVFKRelation" oid="12AEF9D5-61BD-9A93-2F68-691CB5697629" otype="FKIndexAssociation" vid_source="3EF1DA7A-CA18-6EB8-91D3-ECFADA54C030" vid_target="C6937EDC-3F2B-C32A-4038-FBF7D20A1C89">
<hideElementsInCurrentOnly>false</hideElementsInCurrentOnly>
<backgroundColor>-16777216</backgroundColor>
<lineWidth>1</lineWidth>
<points>
<point x="244" y="222"/>
<point x="126" y="393"/>
</points>
</Connector>
<Connector class="oracle.dbtools.crest.swingui.relational.TVFKRelation" oid="1B849478-5DC2-6065-2B69-78F2EC9235D3" otype="FKIndexAssociation" vid_source="DBE76402-0D81-5427-C403-91122E50584D" vid_target="FA5D34E1-A73A-05D2-034C-8A1C1FC2D9DF">
<hideElementsInCurrentOnly>false</hideElementsInCurrentOnly>
<backgroundColor>-16777216</backgroundColor>
<lineWidth>1</lineWidth>
<points>
<point x="416" y="801"/>
<point x="526" y="801"/>
</points>
</Connector>
<Connector class="oracle.dbtools.crest.swingui.relational.TVFKRelation" oid="2C3DD441-BCC4-0351-DF67-40CA2B3D7743" otype="FKIndexAssociation" vid_source="78E18C7C-CBAA-A5F7-01B4-CD0973C35732" vid_target="6AEBC6D2-91C7-EE03-CE95-28FBD078F73F">
<hideElementsInCurrentOnly>false</hideElementsInCurrentOnly>
<backgroundColor>-16777216</backgroundColor>
<lineWidth>1</lineWidth>
<points>
<point x="268" y="528"/>
<point x="268" y="502"/>
</points>
</Connector>
<Connector class="oracle.dbtools.crest.swingui.relational.TVFKRelation" oid="2F0BD0B9-A1D7-D815-F030-6A80E43D5DCD" otype="FKIndexAssociation" vid_source="D9C4B4E0-DFA0-C9CB-FDB7-11019E535CD1" vid_target="F964F0FF-B541-10D8-30C6-E662D440413C">
<hideElementsInCurrentOnly>false</hideElementsInCurrentOnly>
<backgroundColor>-16777216</backgroundColor>
<lineWidth>1</lineWidth>
<points>
<point x="1261" y="800"/>
<point x="1040" y="800"/>
</points>
</Connector>
<Connector class="oracle.dbtools.crest.swingui.relational.TVFKRelation" oid="42E3DEE3-E873-814D-6B37-D006A82B34FF" otype="FKIndexAssociation" vid_source="FA5D34E1-A73A-05D2-034C-8A1C1FC2D9DF" vid_target="375F5AB8-733D-FC1B-849A-646D22A710A1">
<hideElementsInCurrentOnly>false</hideElementsInCurrentOnly>
<backgroundColor>-16777216</backgroundColor>
<lineWidth>1</lineWidth>
<points>
<point x="721" y="723"/>
<point x="818" y="648"/>
</points>
</Connector>
<Connector class="oracle.dbtools.crest.swingui.relational.TVFKRelation" oid="54383098-E606-EE5E-1463-86C2E9B4184F" otype="FKIndexAssociation" vid_source="EAEF2D05-C93E-3552-1A0F-3798FBE464C6" vid_target="D190C9FB-DBF4-C481-85B9-67BA7CBEE60D">
<hideElementsInCurrentOnly>false</hideElementsInCurrentOnly>
<backgroundColor>-16777216</backgroundColor>
<lineWidth>1</lineWidth>
<points>
<point x="1380" y="221"/>
<point x="1380" y="474"/>
</points>
</Connector>
<Connector class="oracle.dbtools.crest.swingui.relational.TVFKRelation" oid="67BF1F00-BC26-693C-AD50-C1A8F68FC021" otype="FKIndexAssociation" vid_source="448EE2C0-ACD4-EBB5-58C6-1D84703C27D2" vid_target="3EF1DA7A-CA18-6EB8-91D3-ECFADA54C030">
<hideElementsInCurrentOnly>false</hideElementsInCurrentOnly>
<backgroundColor>-16777216</backgroundColor>
<lineWidth>1</lineWidth>
<points>
<point x="426" y="65"/>
<point x="404" y="65"/>
</points>
</Connector>
<Connector class="oracle.dbtools.crest.swingui.relational.TVFKRelation" oid="896066C4-BA7E-E87C-F47D-C3FFFE74C5D3" otype="FKIndexAssociation" vid_source="B4819856-0CD9-ECE1-4266-C8C4239B43AD" vid_target="A5DF61E4-C17C-2913-862F-4FD79D6002AE">
<hideElementsInCurrentOnly>false</hideElementsInCurrentOnly>
<backgroundColor>-16777216</backgroundColor>
<lineWidth>1</lineWidth>
<points>
<point x="463" y="528"/>
<point x="463" y="502"/>
</points>
</Connector>
<Connector class="oracle.dbtools.crest.swingui.relational.TVFKRelation" oid="958B0275-D0B8-889E-6E34-F88C70E1C5C0" otype="FKIndexAssociation" vid_source="EAEF2D05-C93E-3552-1A0F-3798FBE464C6" vid_target="91D0C336-CD30-4C81-EE4C-055EAC9A6208">
<hideElementsInCurrentOnly>false</hideElementsInCurrentOnly>
<backgroundColor>-16777216</backgroundColor>
<lineWidth>1</lineWidth>
<points>
<point x="1263" y="116"/>
<point x="1192" y="116"/>
</points>
</Connector>
<Connector class="oracle.dbtools.crest.swingui.relational.TVFKRelation" oid="9E5AE3BA-2788-F257-5473-7AE2A406F025" otype="FKIndexAssociation" vid_source="3EF1DA7A-CA18-6EB8-91D3-ECFADA54C030" vid_target="5CF76385-2020-7DB6-2959-817AC67E181C">
<hideElementsInCurrentOnly>false</hideElementsInCurrentOnly>
<backgroundColor>-16777216</backgroundColor>
<lineWidth>1</lineWidth>
<points>
<point x="404" y="118"/>
<point x="576" y="118"/>
</points>
</Connector>
<Connector class="oracle.dbtools.crest.swingui.relational.TVFKRelation" oid="AB982FDE-5D61-F7C4-2867-6BED2B5668B2" otype="FKIndexAssociation" vid_source="FA5D34E1-A73A-05D2-034C-8A1C1FC2D9DF" vid_target="32E30B9D-2E58-DFCA-0F35-093FF7BDA9FE">
<hideElementsInCurrentOnly>false</hideElementsInCurrentOnly>
<backgroundColor>-16777216</backgroundColor>
<lineWidth>1</lineWidth>
<points>
<point x="661" y="709"/>
<point x="661" y="652"/>
</points>
</Connector>
<Connector class="oracle.dbtools.crest.swingui.relational.TVFKRelation" oid="AF33BBE4-1AF2-8171-C094-2EEF2EF1BA83" otype="FKIndexAssociation" vid_source="C6254E30-0BA6-BCF6-98C4-E9CDB3E139B6" vid_target="C5ED89FA-85F9-B554-6F68-A5DA791366D5">
<hideElementsInCurrentOnly>false</hideElementsInCurrentOnly>
<backgroundColor>-16777216</backgroundColor>
<lineWidth>1</lineWidth>
<points>
<point x="89" y="139"/>
<point x="89" y="124"/>
</points>
</Connector>
<Connector class="oracle.dbtools.crest.swingui.relational.TVFKRelation" oid="B6B71D65-5ADD-7E0C-ED6A-2F0BC43F883A" otype="FKIndexAssociation" vid_source="EAEF2D05-C93E-3552-1A0F-3798FBE464C6" vid_target="08594D03-B6DA-3777-D6DA-641A02E5480D">
<hideElementsInCurrentOnly>false</hideElementsInCurrentOnly>
<backgroundColor>-16777216</backgroundColor>
<lineWidth>1</lineWidth>
<points>
<point x="1263" y="220"/>
<point x="985" y="220"/>
</points>
</Connector>
<Connector class="oracle.dbtools.crest.swingui.relational.TVFKRelation" oid="CB669197-2657-1C6B-BFF3-96D89598F6D3" otype="FKIndexAssociation" vid_source="3EF1DA7A-CA18-6EB8-91D3-ECFADA54C030" vid_target="6AEBC6D2-91C7-EE03-CE95-28FBD078F73F">
<hideElementsInCurrentOnly>false</hideElementsInCurrentOnly>
<backgroundColor>-16777216</backgroundColor>
<lineWidth>1</lineWidth>
<points>
<point x="281" y="222"/>
<point x="281" y="392"/>
</points>
</Connector>
<Connector class="oracle.dbtools.crest.swingui.relational.TVFKRelation" oid="CD9945E3-B252-C57F-A386-E8EF04E8F551" otype="FKIndexAssociation" vid_source="FA5D34E1-A73A-05D2-034C-8A1C1FC2D9DF" vid_target="F964F0FF-B541-10D8-30C6-E662D440413C">
<hideElementsInCurrentOnly>false</hideElementsInCurrentOnly>
<backgroundColor>-16777216</backgroundColor>
<lineWidth>1</lineWidth>
<points>
<point x="721" y="799"/>
<point x="862" y="799"/>
</points>
</Connector>
<Connector class="oracle.dbtools.crest.swingui.relational.TVFKRelation" oid="D7246A9B-7BE9-5F88-6A2E-F8EBA30F5CD1" otype="FKIndexAssociation" vid_source="FA5D34E1-A73A-05D2-034C-8A1C1FC2D9DF" vid_target="DD1B419B-8776-C0C8-BEAB-1DDF374057CE">
<hideElementsInCurrentOnly>false</hideElementsInCurrentOnly>
<backgroundColor>-16777216</backgroundColor>
<lineWidth>1</lineWidth>
<points>
<point x="721" y="757"/>
<point x="1033" y="627"/>
</points>
</Connector>
<Connector class="oracle.dbtools.crest.swingui.relational.TVFKRelation" oid="DA894FF4-9CA5-F20F-6FC8-3563E6DB199F" otype="FKIndexAssociation" vid_source="5CF76385-2020-7DB6-2959-817AC67E181C" vid_target="91D0C336-CD30-4C81-EE4C-055EAC9A6208">
<hideElementsInCurrentOnly>false</hideElementsInCurrentOnly>
<backgroundColor>-16777216</backgroundColor>
<lineWidth>1</lineWidth>
<points>
<point x="771" y="104"/>
<point x="1022" y="104"/>
</points>
</Connector>
<Connector class="oracle.dbtools.crest.swingui.relational.TVFKRelation" oid="EDDFBE00-188B-6AEE-2D4F-A4BEA6FE6C87" otype="FKIndexAssociation" vid_source="3EF1DA7A-CA18-6EB8-91D3-ECFADA54C030" vid_target="C5ED89FA-85F9-B554-6F68-A5DA791366D5">
<hideElementsInCurrentOnly>false</hideElementsInCurrentOnly>
<backgroundColor>-16777216</backgroundColor>
<lineWidth>1</lineWidth>
<points>
<point x="210" y="82"/>
<point x="175" y="82"/>
</points>
</Connector>
<Connector class="oracle.dbtools.crest.swingui.relational.TVFKRelation" oid="FD9FE6D9-35A9-B665-27DD-03470DA7628C" otype="FKIndexAssociation" vid_source="D9C4B4E0-DFA0-C9CB-FDB7-11019E535CD1" vid_target="D190C9FB-DBF4-C481-85B9-67BA7CBEE60D">
<hideElementsInCurrentOnly>false</hideElementsInCurrentOnly>
<backgroundColor>-16777216</backgroundColor>
<lineWidth>1</lineWidth>
<points>
<point x="1376" y="712"/>
<point x="1376" y="589"/>
</points>
</Connector>
</connectors>
</Diagram>