<?xml version = '1.0' encoding = 'UTF-8'?>
<Table class="oracle.dbtools.crest.model.design.relational.Table" directorySegmentName="seg_1" id="3414C712-DDA6-9F30-D20B-D0BC4AE4DF5B" name="Investicioni_odbornik">
<createdBy>Matija</createdBy>
<createdTime>2024-12-26 23:49:10 UTC</createdTime>
<ownerDesignName>Fizicki_model__12</ownerDesignName>
<ordsAlias>table_102</ordsAlias>
<allowColumnReorder>false</allowColumnReorder>
<existDependencyGenerateInDDl>true</existDependencyGenerateInDDl>
<parsed>true</parsed>
<columns itemClass="oracle.dbtools.crest.model.design.relational.Column">
<Column name="investicioni_odbornik_id" id="14A5F67B-FF4E-2474-BFF0-76E044DC60FD">
<createdBy>Matija</createdBy>
<createdTime>2024-12-26 23:49:50 UTC</createdTime>
<ownerDesignName>Fizicki_model__12</ownerDesignName>
<useDomainConstraints>false</useDomainConstraints>
<use>1</use>
<logicalDatatype>LOGDT011</logicalDatatype>
<ownDataTypeParameters>,,</ownDataTypeParameters>
<autoIncrementCycle>false</autoIncrementCycle>
</Column>
<Column name="ime" id="CFE5505D-FD7C-3110-8B2A-9C5D773F97BF">
<createdBy>Matija</createdBy>
<createdTime>2024-12-26 23:50:44 UTC</createdTime>
<ownerDesignName>Fizicki_model__12</ownerDesignName>
<useDomainConstraints>false</useDomainConstraints>
<use>1</use>
<logicalDatatype>LOGDT024</logicalDatatype>
<dataTypeSize>100</dataTypeSize>
<ownDataTypeParameters>100,,</ownDataTypeParameters>
<autoIncrementCycle>false</autoIncrementCycle>
</Column>
<Column name="prezime" id="375757F9-4B0F-696C-91C8-28D4AC29D47B">
<createdBy>Matija</createdBy>
<createdTime>2024-12-26 23:50:44 UTC</createdTime>
<ownerDesignName>Fizicki_model__12</ownerDesignName>
<useDomainConstraints>false</useDomainConstraints>
<use>1</use>
<logicalDatatype>LOGDT024</logicalDatatype>
<dataTypeSize>100</dataTypeSize>
<ownDataTypeParameters>100,,</ownDataTypeParameters>
<autoIncrementCycle>false</autoIncrementCycle>
</Column>
<Column name="struka" id="8384EBB4-4426-2378-4698-B52CDAE6DDB3">
<createdBy>Matija</createdBy>
<createdTime>2024-12-26 23:50:44 UTC</createdTime>
<ownerDesignName>Fizicki_model__12</ownerDesignName>
<useDomainConstraints>false</useDomainConstraints>
<use>1</use>
<logicalDatatype>LOGDT024</logicalDatatype>
<dataTypeSize>100</dataTypeSize>
<ownDataTypeParameters>100,,</ownDataTypeParameters>
<autoIncrementCycle>false</autoIncrementCycle>
</Column>
</columns>
<indexes itemClass="oracle.dbtools.crest.model.design.relational.Index">
<ind_PK_UK id="D285295D-1774-3E01-52DB-5FAF64A3EC96" name="Investicioni_odbornik_PK">
<createdBy>Matija</createdBy>
<createdTime>2024-12-26 23:49:50 UTC</createdTime>
<ownerDesignName>Fizicki_model__12</ownerDesignName>
<pk>true</pk>
<indexState>Primary Constraint</indexState>
<isSurrogateKey>false</isSurrogateKey>
<indexColumnUsage>
<colUsage columnID="14A5F67B-FF4E-2474-BFF0-76E044DC60FD"/>
</indexColumnUsage>
</ind_PK_UK>
</indexes>
</Table>