<?xml version = '1.0' encoding = 'UTF-8'?>
<Table class="oracle.dbtools.crest.model.design.relational.Table" directorySegmentName="seg_1" id="39119133-97BB-9FA5-085C-5DB6401DFE03" name="Zahtev_za_kredit">
<createdBy>Matija</createdBy>
<createdTime>2024-12-19 16:18:52 UTC</createdTime>
<ownerDesignName>Fizicki_model__12</ownerDesignName>
<ordsAlias>table_66</ordsAlias>
<allowColumnReorder>false</allowColumnReorder>
<existDependencyGenerateInDDl>true</existDependencyGenerateInDDl>
<parsed>true</parsed>
<columns itemClass="oracle.dbtools.crest.model.design.relational.Column">
<Column name="zahtev_za_kredit_id" id="C5CB9763-0D1C-E898-DEC8-767BD2B63B53">
<createdBy>Matija</createdBy>
<createdTime>2024-12-19 16:20:27 UTC</createdTime>
<ownerDesignName>Fizicki_model__12</ownerDesignName>
<useDomainConstraints>false</useDomainConstraints>
<use>1</use>
<logicalDatatype>LOGDT011</logicalDatatype>
<ownDataTypeParameters>,,</ownDataTypeParameters>
<autoIncrementCycle>false</autoIncrementCycle>
</Column>
<Column name="klijent_id" id="E6361596-EC08-2612-A168-188A01745CAC">
<createdBy>Matija</createdBy>
<createdTime>2024-12-19 16:20:27 UTC</createdTime>
<ownerDesignName>Fizicki_model__12</ownerDesignName>
<useDomainConstraints>false</useDomainConstraints>
<use>1</use>
<logicalDatatype>LOGDT011</logicalDatatype>
<ownDataTypeParameters>,,</ownDataTypeParameters>
<autoIncrementCycle>false</autoIncrementCycle>
<associations>
<colAssociation fkAssociation="478FD765-3F68-8BF4-7B88-6AF0C761CBE5" referredColumn="B015D34D-592A-C08F-739A-9E1CB9171630"/>
<colAssociation fkAssociation="454D9A77-B217-8FB3-BE48-A636427D3D25" referredColumn="9112CFF5-5FC3-D177-8533-B2D7E3AC3936"/>
</associations>
</Column>
<Column name="odobren" id="61B0EDBC-7A76-FEED-3387-9A74030A1133">
<createdBy>Matija</createdBy>
<createdTime>2024-12-19 16:24:32 UTC</createdTime>
<ownerDesignName>Fizicki_model__12</ownerDesignName>
<useDomainConstraints>false</useDomainConstraints>
<use>1</use>
<logicalDatatype>LOGDT006</logicalDatatype>
<dataTypeSize>1</dataTypeSize>
<ownDataTypeParameters>1,,</ownDataTypeParameters>
<autoIncrementCycle>false</autoIncrementCycle>
</Column>
<Column name="kredit_id" id="14F5E7E1-47B2-6AF9-C6BD-4A9298760993">
<createdBy>Matija</createdBy>
<createdTime>2024-12-26 16:50:24 UTC</createdTime>
<ownerDesignName>Fizicki_model__12</ownerDesignName>
<useDomainConstraints>false</useDomainConstraints>
<use>1</use>
<logicalDatatype>LOGDT011</logicalDatatype>
<ownDataTypeParameters>,,</ownDataTypeParameters>
<autoIncrementCycle>false</autoIncrementCycle>
</Column>
</columns>
<indexes itemClass="oracle.dbtools.crest.model.design.relational.Index">
<ind_PK_UK id="4A6AACE9-272F-811E-711C-AB3419C83173" name="Zahtev_za_kredit_PK">
<createdBy>Matija</createdBy>
<createdTime>2024-12-19 16:20:27 UTC</createdTime>
<ownerDesignName>Fizicki_model__12</ownerDesignName>
<pk>true</pk>
<indexState>Primary Constraint</indexState>
<isSurrogateKey>false</isSurrogateKey>
<indexColumnUsage>
<colUsage columnID="C5CB9763-0D1C-E898-DEC8-767BD2B63B53"/>
</indexColumnUsage>
</ind_PK_UK>
<ind_PK_UK id="595BDD3E-EA9A-8F5C-FF54-09F815002EE7" name="Zahtev_za_kredit_Klijent_FK">
<createdBy>Matija</createdBy>
<createdTime>2024-12-19 16:22:42 UTC</createdTime>
<ownerDesignName>Fizicki_model__12</ownerDesignName>
<indexState>Foreign Key</indexState>
<isSurrogateKey>false</isSurrogateKey>
<indexColumnUsage>
<colUsage columnID="E6361596-EC08-2612-A168-188A01745CAC"/>
</indexColumnUsage>
</ind_PK_UK>
<ind_PK_UK id="11786BCC-D144-0AF9-B035-0A4DB2772F04" name="Zahtev_za_kredit_Kredit_FK">
<createdBy>Matija</createdBy>
<createdTime>2024-12-26 16:50:41 UTC</createdTime>
<ownerDesignName>Fizicki_model__12</ownerDesignName>
<indexState>Foreign Key</indexState>
<isSurrogateKey>false</isSurrogateKey>
<indexColumnUsage>
<colUsage columnID="E6361596-EC08-2612-A168-188A01745CAC"/>
</indexColumnUsage>
</ind_PK_UK>
</indexes>
</Table>