<?xml version = '1.0' encoding = 'UTF-8'?>
<Table class="oracle.dbtools.crest.model.design.relational.Table" directorySegmentName="seg_1" id="3AB2F36C-F9BF-827E-C494-F41BA66B18E2" name="Udeo">
<createdBy>Matija</createdBy>
<createdTime>2024-12-26 22:39:03 UTC</createdTime>
<ownerDesignName>Fizicki_model__12</ownerDesignName>
<ordsAlias>table_92</ordsAlias>
<allowColumnReorder>false</allowColumnReorder>
<existDependencyGenerateInDDl>true</existDependencyGenerateInDDl>
<parsed>true</parsed>
<columns itemClass="oracle.dbtools.crest.model.design.relational.Column">
<Column name="udeo_id" id="55FCCEAD-D15D-05DD-C7D7-8B60E686883A">
<createdBy>Matija</createdBy>
<createdTime>2024-12-26 22:40:51 UTC</createdTime>
<ownerDesignName>Fizicki_model__12</ownerDesignName>
<useDomainConstraints>false</useDomainConstraints>
<use>1</use>
<logicalDatatype>LOGDT011</logicalDatatype>
<ownDataTypeParameters>,,</ownDataTypeParameters>
<autoIncrementCycle>false</autoIncrementCycle>
</Column>
<Column name="cena_udela" id="17E32B57-2D4C-B8DE-BECB-539B81C2B600">
<createdBy>Matija</createdBy>
<createdTime>2024-12-26 22:40:51 UTC</createdTime>
<ownerDesignName>Fizicki_model__12</ownerDesignName>
<useDomainConstraints>false</useDomainConstraints>
<use>1</use>
<logicalDatatype>LOGDT019</logicalDatatype>
<ownDataTypeParameters>,,</ownDataTypeParameters>
<autoIncrementCycle>false</autoIncrementCycle>
</Column>
</columns>
<indexes itemClass="oracle.dbtools.crest.model.design.relational.Index">
<ind_PK_UK id="050E3D1D-EDB4-1518-EBA3-523B2205032E" name="Udeo_PK">
<createdBy>Matija</createdBy>
<createdTime>2024-12-26 22:40:51 UTC</createdTime>
<ownerDesignName>Fizicki_model__12</ownerDesignName>
<pk>true</pk>
<indexState>Primary Constraint</indexState>
<isSurrogateKey>false</isSurrogateKey>
<indexColumnUsage>
<colUsage columnID="55FCCEAD-D15D-05DD-C7D7-8B60E686883A"/>
</indexColumnUsage>
</ind_PK_UK>
</indexes>
</Table>