<?xml version = '1.0' encoding = 'UTF-8'?>
<Table class="oracle.dbtools.crest.model.design.relational.Table" directorySegmentName="seg_1" id="53DFC080-1B77-BF2F-9076-405D058703F6" name="Paketi_trosak">
<createdBy>Matija</createdBy>
<createdTime>2024-12-19 16:49:27 UTC</createdTime>
<ownerDesignName>Fizicki_model__12</ownerDesignName>
<ordsAlias>table_68</ordsAlias>
<allowColumnReorder>false</allowColumnReorder>
<existDependencyGenerateInDDl>true</existDependencyGenerateInDDl>
<parsed>true</parsed>
<columns itemClass="oracle.dbtools.crest.model.design.relational.Column">
<Column name="paket_trosak_id" id="2EF849E5-D20E-D282-AA99-5DB22F44E8FE">
<createdBy>Matija</createdBy>
<createdTime>2024-12-19 16:50:26 UTC</createdTime>
<ownerDesignName>Fizicki_model__12</ownerDesignName>
<useDomainConstraints>false</useDomainConstraints>
<use>1</use>
<logicalDatatype>LOGDT011</logicalDatatype>
<ownDataTypeParameters>,,</ownDataTypeParameters>
<autoIncrementCycle>false</autoIncrementCycle>
</Column>
<Column name="budzet" id="E4783BB2-8F76-F71D-0C27-6A3E26FF2DAF">
<createdBy>Matija</createdBy>
<createdTime>2024-12-19 16:50:53 UTC</createdTime>
<ownerDesignName>Fizicki_model__12</ownerDesignName>
<useDomainConstraints>false</useDomainConstraints>
<use>1</use>
<logicalDatatype>LOGDT019</logicalDatatype>
<ownDataTypeParameters>,,</ownDataTypeParameters>
<autoIncrementCycle>false</autoIncrementCycle>
</Column>
</columns>
<indexes itemClass="oracle.dbtools.crest.model.design.relational.Index">
<ind_PK_UK id="9823CD32-C9FD-525D-CC79-8607E3835AF5" name="Finasijski_plan_kampanje_PK">
<createdBy>Matija</createdBy>
<createdTime>2024-12-19 16:50:53 UTC</createdTime>
<ownerDesignName>Fizicki_model__12</ownerDesignName>
<pk>true</pk>
<indexState>Primary Constraint</indexState>
<isSurrogateKey>false</isSurrogateKey>
<indexColumnUsage>
<colUsage columnID="2EF849E5-D20E-D282-AA99-5DB22F44E8FE"/>
</indexColumnUsage>
</ind_PK_UK>
</indexes>
</Table>