<?xml version = '1.0' encoding = 'UTF-8'?>
<Table class="oracle.dbtools.crest.model.design.relational.Table" directorySegmentName="seg_1" id="560401A8-0A0D-0F9E-A754-440ED7122151" name="Clan_kontrole">
<createdBy>Matija</createdBy>
<createdTime>2024-12-26 23:57:06 UTC</createdTime>
<ownerDesignName>Fizicki_model__12</ownerDesignName>
<ordsAlias>table_106</ordsAlias>
<allowColumnReorder>false</allowColumnReorder>
<existDependencyGenerateInDDl>true</existDependencyGenerateInDDl>
<parsed>true</parsed>
<columns itemClass="oracle.dbtools.crest.model.design.relational.Column">
<Column name="clan_kontrole_id" id="117BB598-8AD6-D7DE-7A14-BE225A06E7D3">
<createdBy>Matija</createdBy>
<createdTime>2024-12-26 23:57:41 UTC</createdTime>
<ownerDesignName>Fizicki_model__12</ownerDesignName>
<useDomainConstraints>false</useDomainConstraints>
<use>1</use>
<logicalDatatype>LOGDT011</logicalDatatype>
<ownDataTypeParameters>,,</ownDataTypeParameters>
<autoIncrementCycle>false</autoIncrementCycle>
</Column>
<Column name="ime" id="4856884C-BE6D-5E09-49A7-29FD81C64C39">
<createdBy>Matija</createdBy>
<createdTime>2024-12-26 23:57:41 UTC</createdTime>
<ownerDesignName>Fizicki_model__12</ownerDesignName>
<useDomainConstraints>false</useDomainConstraints>
<use>1</use>
<logicalDatatype>LOGDT024</logicalDatatype>
<dataTypeSize>100</dataTypeSize>
<ownDataTypeParameters>100,,</ownDataTypeParameters>
<autoIncrementCycle>false</autoIncrementCycle>
</Column>
<Column name="prezime" id="8F195E2B-765B-A8DC-E064-26CB53BBEDB0">
<createdBy>Matija</createdBy>
<createdTime>2024-12-26 23:57:41 UTC</createdTime>
<ownerDesignName>Fizicki_model__12</ownerDesignName>
<useDomainConstraints>false</useDomainConstraints>
<use>1</use>
<logicalDatatype>LOGDT024</logicalDatatype>
<dataTypeSize>100</dataTypeSize>
<ownDataTypeParameters>100,,</ownDataTypeParameters>
<autoIncrementCycle>false</autoIncrementCycle>
</Column>
<Column name="struka" id="A1BBBE72-5DE9-E7E1-98A2-28214A9E026F">
<createdBy>Matija</createdBy>
<createdTime>2024-12-26 23:57:41 UTC</createdTime>
<ownerDesignName>Fizicki_model__12</ownerDesignName>
<useDomainConstraints>false</useDomainConstraints>
<use>1</use>
<logicalDatatype>LOGDT024</logicalDatatype>
<dataTypeSize>100</dataTypeSize>
<ownDataTypeParameters>100,,</ownDataTypeParameters>
<autoIncrementCycle>false</autoIncrementCycle>
</Column>
</columns>
<indexes itemClass="oracle.dbtools.crest.model.design.relational.Index">
<ind_PK_UK id="C75058E0-6E4F-D494-0713-81C87CFF9A39" name="Clan_kontrole_PK">
<createdBy>Matija</createdBy>
<createdTime>2024-12-26 23:57:41 UTC</createdTime>
<ownerDesignName>Fizicki_model__12</ownerDesignName>
<pk>true</pk>
<indexState>Primary Constraint</indexState>
<isSurrogateKey>false</isSurrogateKey>
<indexColumnUsage>
<colUsage columnID="117BB598-8AD6-D7DE-7A14-BE225A06E7D3"/>
</indexColumnUsage>
</ind_PK_UK>
</indexes>
</Table>