<?xml version = '1.0' encoding = 'UTF-8'?>
<Table class="oracle.dbtools.crest.model.design.relational.Table" directorySegmentName="seg_1" id="56BA4068-54E4-3188-EE2B-B40B96545DC6" name="Poseduje_fondove">
<createdBy>Matija</createdBy>
<createdTime>2024-12-26 22:27:49 UTC</createdTime>
<ownerDesignName>Fizicki_model__12</ownerDesignName>
<ordsAlias>table_91</ordsAlias>
<allowColumnReorder>false</allowColumnReorder>
<existDependencyGenerateInDDl>true</existDependencyGenerateInDDl>
<parsed>true</parsed>
<columns itemClass="oracle.dbtools.crest.model.design.relational.Column">
<Column name="poseduje_fondove" id="8F3DC93A-AE54-C32F-A8FE-6EE1591ACA80">
<createdBy>Matija</createdBy>
<createdTime>2024-12-26 22:31:56 UTC</createdTime>
<ownerDesignName>Fizicki_model__12</ownerDesignName>
<useDomainConstraints>false</useDomainConstraints>
<use>1</use>
<logicalDatatype>LOGDT011</logicalDatatype>
<ownDataTypeParameters>,,</ownDataTypeParameters>
<autoIncrementCycle>false</autoIncrementCycle>
</Column>
<Column name="Klijentovo_stanje_id" id="B1003874-155E-8204-F857-D98A51B23B80">
<createdBy>Matija</createdBy>
<createdTime>2024-12-26 22:31:56 UTC</createdTime>
<ownerDesignName>Fizicki_model__12</ownerDesignName>
<useDomainConstraints>false</useDomainConstraints>
<use>1</use>
<logicalDatatype>LOGDT011</logicalDatatype>
<ownDataTypeParameters>,,</ownDataTypeParameters>
<autoIncrementCycle>false</autoIncrementCycle>
<associations>
<colAssociation fkAssociation="DA894FF4-9CA5-F20F-6FC8-3563E6DB199F" referredColumn="70FD0324-B55D-70E1-2269-1E1797D91A9E"/>
</associations>
</Column>
<Column name="klijent_id" id="191099D2-7DBF-0AD4-EC8A-1A2685C20904">
<createdBy>Matija</createdBy>
<createdTime>2024-12-26 22:31:56 UTC</createdTime>
<ownerDesignName>Fizicki_model__12</ownerDesignName>
<useDomainConstraints>false</useDomainConstraints>
<use>1</use>
<logicalDatatype>LOGDT011</logicalDatatype>
<ownDataTypeParameters>,,</ownDataTypeParameters>
<autoIncrementCycle>false</autoIncrementCycle>
<associations>
<colAssociation fkAssociation="958B0275-D0B8-889E-6E34-F88C70E1C5C0" referredColumn="9112CFF5-5FC3-D177-8533-B2D7E3AC3936"/>
</associations>
</Column>
</columns>
<indexes itemClass="oracle.dbtools.crest.model.design.relational.Index">
<ind_PK_UK id="B349DB2E-4909-87C5-7391-EC117295DFAE" name="Poseduje_fondove_PK">
<createdBy>Matija</createdBy>
<createdTime>2024-12-26 22:31:56 UTC</createdTime>
<ownerDesignName>Fizicki_model__12</ownerDesignName>
<pk>true</pk>
<indexState>Primary Constraint</indexState>
<isSurrogateKey>false</isSurrogateKey>
<indexColumnUsage>
<colUsage columnID="8F3DC93A-AE54-C32F-A8FE-6EE1591ACA80"/>
</indexColumnUsage>
</ind_PK_UK>
<ind_PK_UK id="C03C1F43-9184-6E14-3CB7-F259BCE67A21" name="Poseduje_fondove_Klijent_FK">
<createdBy>Matija</createdBy>
<createdTime>2024-12-26 22:32:13 UTC</createdTime>
<ownerDesignName>Fizicki_model__12</ownerDesignName>
<indexState>Foreign Key</indexState>
<isSurrogateKey>false</isSurrogateKey>
<indexColumnUsage>
<colUsage columnID="191099D2-7DBF-0AD4-EC8A-1A2685C20904"/>
</indexColumnUsage>
</ind_PK_UK>
<ind_PK_UK id="D994B5AA-A377-AE56-73BF-D52AA378B6F0" name="Poseduje_fondove_Klijentovo_stanje_FK">
<createdBy>Matija</createdBy>
<createdTime>2024-12-26 22:32:26 UTC</createdTime>
<ownerDesignName>Fizicki_model__12</ownerDesignName>
<indexState>Foreign Key</indexState>
<isSurrogateKey>false</isSurrogateKey>
<indexColumnUsage>
<colUsage columnID="B1003874-155E-8204-F857-D98A51B23B80"/>
</indexColumnUsage>
</ind_PK_UK>
</indexes>
</Table>