<?xml version = '1.0' encoding = 'UTF-8'?>
<Table class="oracle.dbtools.crest.model.design.relational.Table" directorySegmentName="seg_1" id="5CED7CC0-6895-A83C-8667-AECDC39430F6" name="Pripadanje">
<createdBy>Matija</createdBy>
<createdTime>2024-12-26 16:31:38 UTC</createdTime>
<ownerDesignName>Fizicki_model__12</ownerDesignName>
<ordsAlias>table_76</ordsAlias>
<allowColumnReorder>false</allowColumnReorder>
<existDependencyGenerateInDDl>true</existDependencyGenerateInDDl>
<parsed>true</parsed>
<columns itemClass="oracle.dbtools.crest.model.design.relational.Column">
<Column name="pripadanje_id" id="7AD79EB6-193C-F394-0B31-E3B6C4AE30BA">
<createdBy>Matija</createdBy>
<createdTime>2024-12-26 16:35:31 UTC</createdTime>
<ownerDesignName>Fizicki_model__12</ownerDesignName>
<useDomainConstraints>false</useDomainConstraints>
<use>1</use>
<logicalDatatype>LOGDT011</logicalDatatype>
<ownDataTypeParameters>,,</ownDataTypeParameters>
<autoIncrementCycle>false</autoIncrementCycle>
</Column>
<Column name="paket_trosak_id" id="DD37CD7A-8443-1A81-009D-E76314120772">
<createdBy>Matija</createdBy>
<createdTime>2024-12-26 16:35:31 UTC</createdTime>
<ownerDesignName>Fizicki_model__12</ownerDesignName>
<useDomainConstraints>false</useDomainConstraints>
<use>1</use>
<logicalDatatype>LOGDT011</logicalDatatype>
<ownDataTypeParameters>,,</ownDataTypeParameters>
<autoIncrementCycle>false</autoIncrementCycle>
<associations>
<colAssociation fkAssociation="784999A4-B812-57B0-99A2-D599808D3BB8" referredColumn="2EF849E5-D20E-D282-AA99-5DB22F44E8FE"/>
</associations>
</Column>
<Column name="trosak_id" id="04B599CC-6CA3-C817-7736-CA341DBA39F7">
<createdBy>Matija</createdBy>
<createdTime>2024-12-26 16:35:31 UTC</createdTime>
<ownerDesignName>Fizicki_model__12</ownerDesignName>
<useDomainConstraints>false</useDomainConstraints>
<use>1</use>
<logicalDatatype>LOGDT011</logicalDatatype>
<ownDataTypeParameters>,,</ownDataTypeParameters>
<autoIncrementCycle>false</autoIncrementCycle>
<associations>
<colAssociation fkAssociation="1BB8488F-FF2E-A3AB-14FE-A5CAB1BC36FC" referredColumn="2474C721-8D64-80F4-541E-F47ED7D64C7B"/>
</associations>
</Column>
</columns>
<indexes itemClass="oracle.dbtools.crest.model.design.relational.Index">
<ind_PK_UK id="FBBD5555-0FC3-4A9A-CAD3-95F7001F0D17" name="Pripadanje_PK">
<createdBy>Matija</createdBy>
<createdTime>2024-12-26 16:35:31 UTC</createdTime>
<ownerDesignName>Fizicki_model__12</ownerDesignName>
<pk>true</pk>
<indexState>Primary Constraint</indexState>
<isSurrogateKey>false</isSurrogateKey>
<indexColumnUsage>
<colUsage columnID="7AD79EB6-193C-F394-0B31-E3B6C4AE30BA"/>
</indexColumnUsage>
</ind_PK_UK>
<ind_PK_UK id="6967A961-50A2-32C6-09AB-90AC599AC20A" name="Pripadanje_Trosak_FK">
<createdBy>Matija</createdBy>
<createdTime>2024-12-26 16:36:27 UTC</createdTime>
<ownerDesignName>Fizicki_model__12</ownerDesignName>
<indexState>Foreign Key</indexState>
<isSurrogateKey>false</isSurrogateKey>
<indexColumnUsage>
<colUsage columnID="04B599CC-6CA3-C817-7736-CA341DBA39F7"/>
</indexColumnUsage>
</ind_PK_UK>
<ind_PK_UK id="98D3C1A7-725F-65EC-9031-1DA41CBDCF2E" name="Pripadanje_Paketi_trosak_FK">
<createdBy>Matija</createdBy>
<createdTime>2024-12-26 16:36:27 UTC</createdTime>
<ownerDesignName>Fizicki_model__12</ownerDesignName>
<indexState>Foreign Key</indexState>
<isSurrogateKey>false</isSurrogateKey>
<indexColumnUsage>
<colUsage columnID="DD37CD7A-8443-1A81-009D-E76314120772"/>
</indexColumnUsage>
</ind_PK_UK>
</indexes>
</Table>