<?xml version = '1.0' encoding = 'UTF-8'?>
<Table class="oracle.dbtools.crest.model.design.relational.Table" directorySegmentName="seg_1" id="880B9AC4-A6A6-6E28-1283-115313019F8B" name="Kontrola">
<createdBy>Matija</createdBy>
<createdTime>2024-12-26 23:58:00 UTC</createdTime>
<ownerDesignName>Fizicki_model__12</ownerDesignName>
<ordsAlias>table_107</ordsAlias>
<allowColumnReorder>false</allowColumnReorder>
<existDependencyGenerateInDDl>true</existDependencyGenerateInDDl>
<parsed>true</parsed>
<columns itemClass="oracle.dbtools.crest.model.design.relational.Column">
<Column name="kontrola_id" id="75ED104E-3B79-9F94-9C94-BECCBE4623B7">
<createdBy>Matija</createdBy>
<createdTime>2024-12-27 00:00:51 UTC</createdTime>
<ownerDesignName>Fizicki_model__12</ownerDesignName>
<useDomainConstraints>false</useDomainConstraints>
<use>1</use>
<logicalDatatype>LOGDT011</logicalDatatype>
<ownDataTypeParameters>,,</ownDataTypeParameters>
<autoIncrementCycle>false</autoIncrementCycle>
</Column>
<Column name="clani_kontrole_id" id="A194A8B3-3F19-0D76-AAEE-3F629E1A46DC">
<createdBy>Matija</createdBy>
<createdTime>2024-12-27 00:00:51 UTC</createdTime>
<ownerDesignName>Fizicki_model__12</ownerDesignName>
<useDomainConstraints>false</useDomainConstraints>
<use>1</use>
<logicalDatatype>LOGDT011</logicalDatatype>
<ownDataTypeParameters>,,</ownDataTypeParameters>
<autoIncrementCycle>false</autoIncrementCycle>
<associations>
<colAssociation fkAssociation="AF33BBE4-1AF2-8171-C094-2EEF2EF1BA83" referredColumn="117BB598-8AD6-D7DE-7A14-BE225A06E7D3"/>
</associations>
</Column>
<Column name="fond_id" id="829F98E5-18C4-5697-299C-A74299F41A6E">
<createdBy>Matija</createdBy>
<createdTime>2024-12-27 00:00:51 UTC</createdTime>
<ownerDesignName>Fizicki_model__12</ownerDesignName>
<useDomainConstraints>false</useDomainConstraints>
<use>1</use>
<logicalDatatype>LOGDT011</logicalDatatype>
<ownDataTypeParameters>,,</ownDataTypeParameters>
<autoIncrementCycle>false</autoIncrementCycle>
<associations>
<colAssociation fkAssociation="EDDFBE00-188B-6AEE-2D4F-A4BEA6FE6C87" referredColumn="8F113D50-213E-2635-00AA-EF936D7132FD"/>
</associations>
</Column>
</columns>
<indexes itemClass="oracle.dbtools.crest.model.design.relational.Index">
<ind_PK_UK id="F1EE2C53-1E9A-CED2-CF90-14C41DEE0CF7" name="Kontrola_PK">
<createdBy>Matija</createdBy>
<createdTime>2024-12-27 00:01:30 UTC</createdTime>
<ownerDesignName>Fizicki_model__12</ownerDesignName>
<pk>true</pk>
<indexState>Primary Constraint</indexState>
<isSurrogateKey>false</isSurrogateKey>
<indexColumnUsage>
<colUsage columnID="75ED104E-3B79-9F94-9C94-BECCBE4623B7"/>
</indexColumnUsage>
</ind_PK_UK>
<ind_PK_UK id="28519F72-1D3C-291B-75D3-05D0E3AB2639" name="Kontrola_Clan_kontrole_FK">
<createdBy>Matija</createdBy>
<createdTime>2024-12-27 00:02:00 UTC</createdTime>
<ownerDesignName>Fizicki_model__12</ownerDesignName>
<indexState>Foreign Key</indexState>
<isSurrogateKey>false</isSurrogateKey>
<indexColumnUsage>
<colUsage columnID="A194A8B3-3F19-0D76-AAEE-3F629E1A46DC"/>
</indexColumnUsage>
</ind_PK_UK>
<ind_PK_UK id="79A3CA87-EBD0-5114-2D2B-346603C5E66D" name="Kontrola_Fond_FK">
<createdBy>Matija</createdBy>
<createdTime>2024-12-27 00:02:00 UTC</createdTime>
<ownerDesignName>Fizicki_model__12</ownerDesignName>
<indexState>Foreign Key</indexState>
<isSurrogateKey>false</isSurrogateKey>
<indexColumnUsage>
<colUsage columnID="829F98E5-18C4-5697-299C-A74299F41A6E"/>
</indexColumnUsage>
</ind_PK_UK>
</indexes>
</Table>