<?xml version = '1.0' encoding = 'UTF-8'?>
<Table class="oracle.dbtools.crest.model.design.relational.Table" directorySegmentName="seg_1" id="91699EF3-724D-C241-5648-7EC00E41682B" name="Trosak">
<createdBy>Matija</createdBy>
<createdTime>2024-12-19 17:12:17 UTC</createdTime>
<ownerDesignName>Fizicki_model__12</ownerDesignName>
<ordsAlias>table_73</ordsAlias>
<allowColumnReorder>false</allowColumnReorder>
<existDependencyGenerateInDDl>true</existDependencyGenerateInDDl>
<parsed>true</parsed>
<columns itemClass="oracle.dbtools.crest.model.design.relational.Column">
<Column name="trosak_id" id="2474C721-8D64-80F4-541E-F47ED7D64C7B">
<createdBy>Matija</createdBy>
<createdTime>2024-12-19 17:14:27 UTC</createdTime>
<ownerDesignName>Fizicki_model__12</ownerDesignName>
<useDomainConstraints>false</useDomainConstraints>
<use>1</use>
<logicalDatatype>LOGDT011</logicalDatatype>
<ownDataTypeParameters>,,</ownDataTypeParameters>
<autoIncrementCycle>false</autoIncrementCycle>
</Column>
<Column name="ukupan_trosak_id" id="942E2866-9322-6400-66D5-E093FA5B26E6">
<createdBy>Matija</createdBy>
<createdTime>2024-12-19 17:14:27 UTC</createdTime>
<ownerDesignName>Fizicki_model__12</ownerDesignName>
<useDomainConstraints>false</useDomainConstraints>
<use>1</use>
<logicalDatatype>LOGDT011</logicalDatatype>
<ownDataTypeParameters>,,</ownDataTypeParameters>
<autoIncrementCycle>false</autoIncrementCycle>
</Column>
<Column name="tip_troska_id" id="AD2A68A2-2452-B1D8-FD0F-FC072D6EB0B1">
<createdBy>Matija</createdBy>
<createdTime>2024-12-19 17:17:25 UTC</createdTime>
<ownerDesignName>Fizicki_model__12</ownerDesignName>
<useDomainConstraints>false</useDomainConstraints>
<use>1</use>
<logicalDatatype>LOGDT011</logicalDatatype>
<ownDataTypeParameters>,,</ownDataTypeParameters>
<autoIncrementCycle>false</autoIncrementCycle>
<associations>
<colAssociation fkAssociation="46C7E2CD-3963-13EF-6DC5-5835E5DB6EBA" referredColumn="037F6793-21E5-119A-2326-8111D3DCD9B5"/>
</associations>
</Column>
<Column name="iznos" id="0A5C4D7A-1D6A-18F8-046C-55739A2F184D">
<createdBy>Matija</createdBy>
<createdTime>2024-12-19 17:24:26 UTC</createdTime>
<ownerDesignName>Fizicki_model__12</ownerDesignName>
<useDomainConstraints>false</useDomainConstraints>
<use>1</use>
<logicalDatatype>LOGDT019</logicalDatatype>
<ownDataTypeParameters>,,</ownDataTypeParameters>
<autoIncrementCycle>false</autoIncrementCycle>
</Column>
</columns>
<indexes itemClass="oracle.dbtools.crest.model.design.relational.Index">
<ind_PK_UK id="A6BABDC0-8495-3E24-7D6A-D1C22779C029" name="Slup_troskova_PK">
<createdBy>Matija</createdBy>
<createdTime>2024-12-19 17:14:27 UTC</createdTime>
<ownerDesignName>Fizicki_model__12</ownerDesignName>
<pk>true</pk>
<indexState>Primary Constraint</indexState>
<isSurrogateKey>false</isSurrogateKey>
<indexColumnUsage>
<colUsage columnID="2474C721-8D64-80F4-541E-F47ED7D64C7B"/>
</indexColumnUsage>
</ind_PK_UK>
<ind_PK_UK id="A8F876C4-A15C-9AEE-2847-EBE8AC75FE0B" name="Trosak_Tip_troska_FK">
<createdBy>Matija</createdBy>
<createdTime>2024-12-19 17:17:58 UTC</createdTime>
<ownerDesignName>Fizicki_model__12</ownerDesignName>
<indexState>Foreign Key</indexState>
<isSurrogateKey>false</isSurrogateKey>
<indexColumnUsage>
<colUsage columnID="AD2A68A2-2452-B1D8-FD0F-FC072D6EB0B1"/>
</indexColumnUsage>
</ind_PK_UK>
</indexes>
</Table>