<?xml version = '1.0' encoding = 'UTF-8'?>
<Table class="oracle.dbtools.crest.model.design.relational.Table" directorySegmentName="seg_1" id="97C8CB4C-5F74-FA48-A7A1-18DC0D742D3E" name="Naknada_za_upravljanje">
<createdBy>Matija</createdBy>
<createdTime>2024-12-26 23:18:35 UTC</createdTime>
<ownerDesignName>Fizicki_model__12</ownerDesignName>
<ordsAlias>table_96</ordsAlias>
<allowColumnReorder>false</allowColumnReorder>
<existDependencyGenerateInDDl>true</existDependencyGenerateInDDl>
<parsed>true</parsed>
<columns itemClass="oracle.dbtools.crest.model.design.relational.Column">
<Column name="transakcija_id" id="9E15E0D9-F90F-C382-E034-58AFB963F39D">
<createdBy>Matija</createdBy>
<createdTime>2024-12-26 23:20:50 UTC</createdTime>
<ownerDesignName>Fizicki_model__12</ownerDesignName>
<useDomainConstraints>false</useDomainConstraints>
<use>1</use>
<logicalDatatype>LOGDT011</logicalDatatype>
<ownDataTypeParameters>,,</ownDataTypeParameters>
<autoIncrementCycle>false</autoIncrementCycle>
<associations>
<colAssociation fkAssociation="D7246A9B-7BE9-5F88-6A2E-F8EBA30F5CD1" referredColumn="BE21734C-7FE2-9706-6464-923924C900E4"/>
</associations>
</Column>
<Column name="godina" id="D189BF19-2655-2DDF-2CC0-ABCFFC44E14B">
<createdBy>Matija</createdBy>
<createdTime>2024-12-26 23:20:50 UTC</createdTime>
<ownerDesignName>Fizicki_model__12</ownerDesignName>
<useDomainConstraints>false</useDomainConstraints>
<use>1</use>
<logicalDatatype>LOGDT019</logicalDatatype>
<ownDataTypeParameters>,,</ownDataTypeParameters>
<autoIncrementCycle>false</autoIncrementCycle>
</Column>
<Column name="broj_udela" id="8A7183A4-8EB1-E121-B8F1-DF6BD37C3CF4">
<createdBy>Matija</createdBy>
<createdTime>2024-12-26 23:20:50 UTC</createdTime>
<ownerDesignName>Fizicki_model__12</ownerDesignName>
<useDomainConstraints>false</useDomainConstraints>
<use>1</use>
<logicalDatatype>LOGDT019</logicalDatatype>
<ownDataTypeParameters>,,</ownDataTypeParameters>
<autoIncrementCycle>false</autoIncrementCycle>
</Column>
</columns>
<indexes itemClass="oracle.dbtools.crest.model.design.relational.Index">
<ind_PK_UK id="EAC62CFC-1EC7-3CBF-D9B9-DE5A03398540" name="Naknada_za_upravljanje_PK">
<createdBy>Matija</createdBy>
<createdTime>2024-12-26 23:20:50 UTC</createdTime>
<ownerDesignName>Fizicki_model__12</ownerDesignName>
<pk>true</pk>
<indexState>Primary Constraint</indexState>
<isSurrogateKey>false</isSurrogateKey>
<indexColumnUsage>
<colUsage columnID="9E15E0D9-F90F-C382-E034-58AFB963F39D"/>
</indexColumnUsage>
</ind_PK_UK>
<ind_PK_UK id="AD905B5B-361A-D501-3B24-66EE21FF6560" name="Naknada_za_upravljanje_Transakcija_FK">
<createdBy>Matija</createdBy>
<createdTime>2024-12-26 23:24:42 UTC</createdTime>
<ownerDesignName>Fizicki_model__12</ownerDesignName>
<indexState>Foreign Key</indexState>
<isSurrogateKey>false</isSurrogateKey>
<indexColumnUsage>
<colUsage columnID="9E15E0D9-F90F-C382-E034-58AFB963F39D"/>
</indexColumnUsage>
</ind_PK_UK>
</indexes>
</Table>