<?xml version = '1.0' encoding = 'UTF-8'?>
<Table class="oracle.dbtools.crest.model.design.relational.Table" directorySegmentName="seg_1" id="9E0EF5E8-3660-BA97-B29E-F11C5711D8F9" name="Klijentovo_stanje">
<createdBy>Matija</createdBy>
<createdTime>2024-12-26 18:40:16 UTC</createdTime>
<ownerDesignName>Fizicki_model__12</ownerDesignName>
<ordsAlias>table_88</ordsAlias>
<allowColumnReorder>false</allowColumnReorder>
<existDependencyGenerateInDDl>true</existDependencyGenerateInDDl>
<parsed>true</parsed>
<columns itemClass="oracle.dbtools.crest.model.design.relational.Column">
<Column name="klijentovo_stanje_id" id="70FD0324-B55D-70E1-2269-1E1797D91A9E">
<createdBy>Matija</createdBy>
<createdTime>2024-12-26 18:43:14 UTC</createdTime>
<ownerDesignName>Fizicki_model__12</ownerDesignName>
<useDomainConstraints>false</useDomainConstraints>
<use>1</use>
<logicalDatatype>LOGDT011</logicalDatatype>
<ownDataTypeParameters>,,</ownDataTypeParameters>
<autoIncrementCycle>false</autoIncrementCycle>
</Column>
<Column name="skup_isplata_id" id="BBA27063-5670-98F3-48CE-758008243095">
<createdBy>Matija</createdBy>
<createdTime>2024-12-26 18:43:14 UTC</createdTime>
<ownerDesignName>Fizicki_model__12</ownerDesignName>
<useDomainConstraints>false</useDomainConstraints>
<use>1</use>
<logicalDatatype>LOGDT011</logicalDatatype>
<ownDataTypeParameters>,,</ownDataTypeParameters>
<autoIncrementCycle>false</autoIncrementCycle>
</Column>
<Column name="trenutno_stanje_novcano" id="F2BF7686-3B34-03C3-E9C5-CCB0E6F78DAC">
<createdBy>Matija</createdBy>
<createdTime>2024-12-26 18:52:34 UTC</createdTime>
<ownerDesignName>Fizicki_model__12</ownerDesignName>
<useDomainConstraints>false</useDomainConstraints>
<use>1</use>
<logicalDatatype>LOGDT019</logicalDatatype>
<ownDataTypeParameters>,,</ownDataTypeParameters>
<autoIncrementCycle>false</autoIncrementCycle>
</Column>
<Column name="fond_id" id="B855D77E-E65F-0798-AE01-AEA37146FBA5">
<createdBy>Matija</createdBy>
<createdTime>2024-12-26 23:04:22 UTC</createdTime>
<ownerDesignName>Fizicki_model__12</ownerDesignName>
<useDomainConstraints>false</useDomainConstraints>
<use>1</use>
<logicalDatatype>LOGDT011</logicalDatatype>
<ownDataTypeParameters>,,</ownDataTypeParameters>
<autoIncrementCycle>false</autoIncrementCycle>
<associations>
<colAssociation fkAssociation="9E5AE3BA-2788-F257-5473-7AE2A406F025" referredColumn="8F113D50-213E-2635-00AA-EF936D7132FD"/>
</associations>
</Column>
<Column name="trenutno_stanje_udeono" id="38D58D17-4998-3D15-8C59-3DC3F3443866">
<createdBy>Matija</createdBy>
<createdTime>2024-12-26 23:15:04 UTC</createdTime>
<ownerDesignName>Fizicki_model__12</ownerDesignName>
<useDomainConstraints>false</useDomainConstraints>
<use>1</use>
<logicalDatatype>LOGDT019</logicalDatatype>
<ownDataTypeParameters>,,</ownDataTypeParameters>
<autoIncrementCycle>false</autoIncrementCycle>
</Column>
<Column name="skup_naknada_id" id="C5D74550-1BD5-4F60-C089-220DF4080C5C">
<createdBy>Matija</createdBy>
<createdTime>2024-12-26 23:22:52 UTC</createdTime>
<ownerDesignName>Fizicki_model__12</ownerDesignName>
<useDomainConstraints>false</useDomainConstraints>
<use>1</use>
<logicalDatatype>LOGDT011</logicalDatatype>
<ownDataTypeParameters>,,</ownDataTypeParameters>
<autoIncrementCycle>false</autoIncrementCycle>
</Column>
<Column name="iznos" id="73C81CD9-F26E-3CC7-40E1-8B51FF5538A0">
<createdBy>helena</createdBy>
<createdTime>2025-01-09 19:33:56 UTC</createdTime>
<ownerDesignName>Fizicki_model__12</ownerDesignName>
<useDomainConstraints>false</useDomainConstraints>
<use>1</use>
<logicalDatatype>LOGDT019</logicalDatatype>
<ownDataTypeParameters>,,</ownDataTypeParameters>
<autoIncrementCycle>false</autoIncrementCycle>
</Column>
<Column name="trenutno_stanje" id="D3FC9A5E-ED96-6166-AB5C-6582BFDFEF41">
<createdBy>helena</createdBy>
<createdTime>2025-01-09 19:34:26 UTC</createdTime>
<ownerDesignName>Fizicki_model__12</ownerDesignName>
<useDomainConstraints>false</useDomainConstraints>
<use>1</use>
<logicalDatatype>LOGDT019</logicalDatatype>
<ownDataTypeParameters>,,</ownDataTypeParameters>
<autoIncrementCycle>false</autoIncrementCycle>
</Column>
</columns>
<indexes itemClass="oracle.dbtools.crest.model.design.relational.Index">
<ind_PK_UK id="B0BAB8BD-5986-77CE-953A-E88C9FF66189" name="Investicija_fonda_PK">
<createdBy>Matija</createdBy>
<createdTime>2024-12-26 18:43:14 UTC</createdTime>
<ownerDesignName>Fizicki_model__12</ownerDesignName>
<pk>true</pk>
<indexState>Primary Constraint</indexState>
<isSurrogateKey>false</isSurrogateKey>
<indexColumnUsage>
<colUsage columnID="70FD0324-B55D-70E1-2269-1E1797D91A9E"/>
</indexColumnUsage>
</ind_PK_UK>
<ind_PK_UK id="F57BCECD-7F89-F496-1C27-33E7469F9F19" name="Klijentovo_stanje_Fond_FK">
<createdBy>Matija</createdBy>
<createdTime>2024-12-26 23:04:35 UTC</createdTime>
<ownerDesignName>Fizicki_model__12</ownerDesignName>
<indexState>Foreign Key</indexState>
<isSurrogateKey>false</isSurrogateKey>
<indexColumnUsage>
<colUsage columnID="B855D77E-E65F-0798-AE01-AEA37146FBA5"/>
</indexColumnUsage>
</ind_PK_UK>
</indexes>
</Table>