<?xml version = '1.0' encoding = 'UTF-8'?>
<Table class="oracle.dbtools.crest.model.design.relational.Table" directorySegmentName="seg_1" id="A4787563-6B82-1633-F6D0-0C4707115406" name="Istorija_udela">
<createdBy>Matija</createdBy>
<createdTime>2024-12-26 22:40:59 UTC</createdTime>
<ownerDesignName>Fizicki_model__12</ownerDesignName>
<ordsAlias>table_93</ordsAlias>
<allowColumnReorder>false</allowColumnReorder>
<existDependencyGenerateInDDl>true</existDependencyGenerateInDDl>
<parsed>true</parsed>
<columns itemClass="oracle.dbtools.crest.model.design.relational.Column">
<Column name="Istorija_udela_id" id="414AF1B0-6E12-832B-5DF7-EE77FD1ED7C6">
<createdBy>Matija</createdBy>
<createdTime>2024-12-26 22:43:10 UTC</createdTime>
<ownerDesignName>Fizicki_model__12</ownerDesignName>
<useDomainConstraints>false</useDomainConstraints>
<use>1</use>
<logicalDatatype>LOGDT011</logicalDatatype>
<ownDataTypeParameters>,,</ownDataTypeParameters>
<autoIncrementCycle>false</autoIncrementCycle>
</Column>
<Column name="datum_od" id="A6945DE3-B31D-D532-8BD6-CDF7C7F440D9">
<createdBy>Matija</createdBy>
<createdTime>2024-12-26 22:43:10 UTC</createdTime>
<ownerDesignName>Fizicki_model__12</ownerDesignName>
<useDomainConstraints>false</useDomainConstraints>
<use>1</use>
<logicalDatatype>LOGDT007</logicalDatatype>
<ownDataTypeParameters>,,</ownDataTypeParameters>
<autoIncrementCycle>false</autoIncrementCycle>
</Column>
<Column name="datum_do" id="21481A4C-EC75-DCF4-0730-5A0786ACAF7C">
<createdBy>Matija</createdBy>
<createdTime>2024-12-26 22:43:10 UTC</createdTime>
<ownerDesignName>Fizicki_model__12</ownerDesignName>
<nullsAllowed>true</nullsAllowed>
<useDomainConstraints>false</useDomainConstraints>
<use>1</use>
<logicalDatatype>LOGDT007</logicalDatatype>
<ownDataTypeParameters>,,</ownDataTypeParameters>
<autoIncrementCycle>false</autoIncrementCycle>
</Column>
<Column name="vazeci" id="0AA10709-1966-3ACA-AA99-353C2C9740B5">
<createdBy>Matija</createdBy>
<createdTime>2024-12-26 22:43:10 UTC</createdTime>
<ownerDesignName>Fizicki_model__12</ownerDesignName>
<useDomainConstraints>false</useDomainConstraints>
<use>1</use>
<logicalDatatype>LOGDT006</logicalDatatype>
<dataTypeSize>1</dataTypeSize>
<ownDataTypeParameters>1,,</ownDataTypeParameters>
<autoIncrementCycle>false</autoIncrementCycle>
</Column>
<Column name="udeo_id" id="E232F98B-D85C-C022-1926-36A951D733FF">
<createdBy>Matija</createdBy>
<createdTime>2024-12-26 22:43:10 UTC</createdTime>
<ownerDesignName>Fizicki_model__12</ownerDesignName>
<useDomainConstraints>false</useDomainConstraints>
<use>1</use>
<logicalDatatype>LOGDT011</logicalDatatype>
<ownDataTypeParameters>,,</ownDataTypeParameters>
<autoIncrementCycle>false</autoIncrementCycle>
<associations>
<colAssociation fkAssociation="896066C4-BA7E-E87C-F47D-C3FFFE74C5D3" referredColumn="55FCCEAD-D15D-05DD-C7D7-8B60E686883A"/>
</associations>
</Column>
</columns>
<indexes itemClass="oracle.dbtools.crest.model.design.relational.Index">
<ind_PK_UK id="09196176-308C-5704-D0D1-8CE8CBC5206A" name="Istorija_udela_PK">
<createdBy>Matija</createdBy>
<createdTime>2024-12-26 22:59:30 UTC</createdTime>
<ownerDesignName>Fizicki_model__12</ownerDesignName>
<pk>true</pk>
<indexState>Primary Constraint</indexState>
<isSurrogateKey>false</isSurrogateKey>
<indexColumnUsage>
<colUsage columnID="414AF1B0-6E12-832B-5DF7-EE77FD1ED7C6"/>
</indexColumnUsage>
</ind_PK_UK>
<ind_PK_UK id="135C0854-CB89-3B83-0FEE-9EAD50C2D336" name="Istorija_udela_Udeo_FK">
<createdBy>Matija</createdBy>
<createdTime>2024-12-26 22:43:24 UTC</createdTime>
<ownerDesignName>Fizicki_model__12</ownerDesignName>
<indexState>Foreign Key</indexState>
<isSurrogateKey>false</isSurrogateKey>
<indexColumnUsage>
<colUsage columnID="E232F98B-D85C-C022-1926-36A951D733FF"/>
</indexColumnUsage>
</ind_PK_UK>
</indexes>
</Table>