<?xml version = '1.0' encoding = 'UTF-8'?>
<Table class="oracle.dbtools.crest.model.design.relational.Table" directorySegmentName="seg_1" id="BF66BA0B-523B-C2B0-870E-B65E14258CF6" name="Savetovanje">
<createdBy>Matija</createdBy>
<createdTime>2024-12-26 23:50:49 UTC</createdTime>
<ownerDesignName>Fizicki_model__12</ownerDesignName>
<ordsAlias>table_103</ordsAlias>
<allowColumnReorder>false</allowColumnReorder>
<existDependencyGenerateInDDl>true</existDependencyGenerateInDDl>
<parsed>true</parsed>
<columns itemClass="oracle.dbtools.crest.model.design.relational.Column">
<Column name="savetovanje_id" id="2402868E-980C-EB46-14DD-9A316FE26F4D">
<createdBy>Matija</createdBy>
<createdTime>2024-12-26 23:51:42 UTC</createdTime>
<ownerDesignName>Fizicki_model__12</ownerDesignName>
<useDomainConstraints>false</useDomainConstraints>
<use>1</use>
<logicalDatatype>LOGDT011</logicalDatatype>
<ownDataTypeParameters>,,</ownDataTypeParameters>
<autoIncrementCycle>false</autoIncrementCycle>
</Column>
<Column name="investicioni_odborniki_id" id="C6F6B555-936C-0C64-4CE4-5D36A31F9938">
<createdBy>Matija</createdBy>
<createdTime>2024-12-26 23:51:42 UTC</createdTime>
<ownerDesignName>Fizicki_model__12</ownerDesignName>
<useDomainConstraints>false</useDomainConstraints>
<use>1</use>
<logicalDatatype>LOGDT011</logicalDatatype>
<ownDataTypeParameters>,,</ownDataTypeParameters>
<autoIncrementCycle>false</autoIncrementCycle>
<associations>
<colAssociation fkAssociation="02634B86-0BE9-B691-B653-774E35C87E60" referredColumn="14A5F67B-FF4E-2474-BFF0-76E044DC60FD"/>
</associations>
</Column>
<Column name="fond_id" id="4E48FD76-8806-3045-C179-47D4B71665D5">
<createdBy>Matija</createdBy>
<createdTime>2024-12-26 23:51:42 UTC</createdTime>
<ownerDesignName>Fizicki_model__12</ownerDesignName>
<useDomainConstraints>false</useDomainConstraints>
<use>1</use>
<logicalDatatype>LOGDT011</logicalDatatype>
<ownDataTypeParameters>,,</ownDataTypeParameters>
<autoIncrementCycle>false</autoIncrementCycle>
<associations>
<colAssociation fkAssociation="12AEF9D5-61BD-9A93-2F68-691CB5697629" referredColumn="8F113D50-213E-2635-00AA-EF936D7132FD"/>
</associations>
</Column>
</columns>
<indexes itemClass="oracle.dbtools.crest.model.design.relational.Index">
<ind_PK_UK id="61C6D7C3-2F68-7065-4E70-ABB0B7B25EDB" name="Savetovanje_PK">
<createdBy>Matija</createdBy>
<createdTime>2024-12-26 23:51:42 UTC</createdTime>
<ownerDesignName>Fizicki_model__12</ownerDesignName>
<pk>true</pk>
<indexState>Primary Constraint</indexState>
<isSurrogateKey>false</isSurrogateKey>
<indexColumnUsage>
<colUsage columnID="2402868E-980C-EB46-14DD-9A316FE26F4D"/>
</indexColumnUsage>
</ind_PK_UK>
<ind_PK_UK id="BD8210BB-6135-ADEC-EAFC-BC6288FE20F6" name="Savetovanje_Fond_FK">
<createdBy>Matija</createdBy>
<createdTime>2024-12-26 23:52:04 UTC</createdTime>
<ownerDesignName>Fizicki_model__12</ownerDesignName>
<indexState>Foreign Key</indexState>
<isSurrogateKey>false</isSurrogateKey>
<indexColumnUsage>
<colUsage columnID="4E48FD76-8806-3045-C179-47D4B71665D5"/>
</indexColumnUsage>
</ind_PK_UK>
<ind_PK_UK id="0FBA901B-C620-69FC-FE9F-F3AD1E2EF587" name="Savetovanje_Investicioni_odbornik_FK">
<createdBy>Matija</createdBy>
<createdTime>2024-12-26 23:52:04 UTC</createdTime>
<ownerDesignName>Fizicki_model__12</ownerDesignName>
<indexState>Foreign Key</indexState>
<isSurrogateKey>false</isSurrogateKey>
<indexColumnUsage>
<colUsage columnID="C6F6B555-936C-0C64-4CE4-5D36A31F9938"/>
</indexColumnUsage>
</ind_PK_UK>
</indexes>
</Table>