<?xml version = '1.0' encoding = 'UTF-8'?>
<Table class="oracle.dbtools.crest.model.design.relational.Table" directorySegmentName="seg_1" id="C9E3DAE7-AAC5-14D3-5273-1582ED92F77F" name="Menadzer">
<createdBy>Matija</createdBy>
<createdTime>2024-12-26 23:33:10 UTC</createdTime>
<ownerDesignName>Fizicki_model__12</ownerDesignName>
<ordsAlias>table_101</ordsAlias>
<allowColumnReorder>false</allowColumnReorder>
<existDependencyGenerateInDDl>true</existDependencyGenerateInDDl>
<parsed>true</parsed>
<columns itemClass="oracle.dbtools.crest.model.design.relational.Column">
<Column name="menadzer_id" id="EB2F37E2-79E8-59B0-9718-F60A2C991BE3">
<createdBy>Matija</createdBy>
<createdTime>2024-12-26 23:34:37 UTC</createdTime>
<ownerDesignName>Fizicki_model__12</ownerDesignName>
<useDomainConstraints>false</useDomainConstraints>
<use>1</use>
<logicalDatatype>LOGDT011</logicalDatatype>
<ownDataTypeParameters>,,</ownDataTypeParameters>
<autoIncrementCycle>false</autoIncrementCycle>
</Column>
<Column name="ime" id="C9CA4128-0260-476B-E2FC-B91A4B2F0A11">
<createdBy>Matija</createdBy>
<createdTime>2024-12-26 23:34:37 UTC</createdTime>
<ownerDesignName>Fizicki_model__12</ownerDesignName>
<useDomainConstraints>false</useDomainConstraints>
<use>1</use>
<logicalDatatype>LOGDT024</logicalDatatype>
<dataTypeSize>100</dataTypeSize>
<ownDataTypeParameters>100,,</ownDataTypeParameters>
<autoIncrementCycle>false</autoIncrementCycle>
</Column>
<Column name="prezime" id="A1C0D489-F55C-19AA-3AC5-5F8936BE4FA5">
<createdBy>Matija</createdBy>
<createdTime>2024-12-26 23:34:37 UTC</createdTime>
<ownerDesignName>Fizicki_model__12</ownerDesignName>
<useDomainConstraints>false</useDomainConstraints>
<use>1</use>
<logicalDatatype>LOGDT024</logicalDatatype>
<dataTypeSize>100</dataTypeSize>
<ownDataTypeParameters>100,,</ownDataTypeParameters>
<autoIncrementCycle>false</autoIncrementCycle>
</Column>
<Column name="struka" id="7044DB44-9747-1674-471C-200F93684BE7">
<createdBy>Matija</createdBy>
<createdTime>2024-12-26 23:34:37 UTC</createdTime>
<ownerDesignName>Fizicki_model__12</ownerDesignName>
<useDomainConstraints>false</useDomainConstraints>
<use>1</use>
<logicalDatatype>LOGDT024</logicalDatatype>
<dataTypeSize>100</dataTypeSize>
<ownDataTypeParameters>100,,</ownDataTypeParameters>
<autoIncrementCycle>false</autoIncrementCycle>
</Column>
</columns>
<indexes itemClass="oracle.dbtools.crest.model.design.relational.Index">
<ind_PK_UK id="8AAA3A99-A23E-C365-5DDA-C349805D4B46" name="Menadzer_PK">
<createdBy>Matija</createdBy>
<createdTime>2024-12-26 23:34:37 UTC</createdTime>
<ownerDesignName>Fizicki_model__12</ownerDesignName>
<pk>true</pk>
<indexState>Primary Constraint</indexState>
<isSurrogateKey>false</isSurrogateKey>
<indexColumnUsage>
<colUsage columnID="EB2F37E2-79E8-59B0-9718-F60A2C991BE3"/>
</indexColumnUsage>
</ind_PK_UK>
</indexes>
</Table>