<?xml version = '1.0' encoding = 'UTF-8'?>
<Table class="oracle.dbtools.crest.model.design.relational.Table" directorySegmentName="seg_1" id="D0DC793E-5121-B362-4518-6F4703271A8C" name="Isplata">
<createdBy>Matija</createdBy>
<createdTime>2024-12-26 18:34:50 UTC</createdTime>
<ownerDesignName>Fizicki_model__12</ownerDesignName>
<ordsAlias>table_27</ordsAlias>
<allowColumnReorder>false</allowColumnReorder>
<existDependencyGenerateInDDl>true</existDependencyGenerateInDDl>
<parsed>true</parsed>
<columns itemClass="oracle.dbtools.crest.model.design.relational.Column">
<Column name="broj_udela" id="B956FF53-223E-EF26-358C-60BA0FA6D812">
<createdBy>Matija</createdBy>
<createdTime>2024-12-26 18:34:50 UTC</createdTime>
<ownerDesignName>Fizicki_model__12</ownerDesignName>
<useDomainConstraints>false</useDomainConstraints>
<use>1</use>
<logicalDatatype>LOGDT019</logicalDatatype>
<ownDataTypeParameters>,,</ownDataTypeParameters>
<autoIncrementCycle>false</autoIncrementCycle>
</Column>
<Column name="transakcija_id" id="D4CB058D-2850-7384-CA91-5D4BB55D7E5E">
<createdBy>Matija</createdBy>
<createdTime>2024-12-26 18:34:50 UTC</createdTime>
<ownerDesignName>Fizicki_model__12</ownerDesignName>
<useDomainConstraints>false</useDomainConstraints>
<use>1</use>
<logicalDatatype>LOGDT011</logicalDatatype>
<ownDataTypeParameters>,,</ownDataTypeParameters>
<autoIncrementCycle>false</autoIncrementCycle>
<associations>
<colAssociation fkAssociation="42E3DEE3-E873-814D-6B37-D006A82B34FF" referredColumn="BE21734C-7FE2-9706-6464-923924C900E4"/>
</associations>
</Column>
<Column name="istorija_udela_id" id="C1D6310F-4847-53BF-A100-D3559DC8E663">
<createdBy>helena</createdBy>
<createdTime>2025-01-09 19:52:43 UTC</createdTime>
<ownerDesignName>Fizicki_model__12</ownerDesignName>
<useDomainConstraints>false</useDomainConstraints>
<use>1</use>
<logicalDatatype>LOGDT011</logicalDatatype>
<ownDataTypeParameters>,,</ownDataTypeParameters>
<autoIncrementCycle>false</autoIncrementCycle>
<associations>
<colAssociation fkAssociation="7FC27587-8882-7F3D-5D7C-4DE278C61D2B" referredColumn="414AF1B0-6E12-832B-5DF7-EE77FD1ED7C6"/>
</associations>
</Column>
</columns>
<indexes itemClass="oracle.dbtools.crest.model.design.relational.Index">
<ind_PK_UK id="02A30083-E233-1F16-4364-AB3F1582AA0C" name="Ulaganjev1_PK">
<createdBy>Matija</createdBy>
<createdTime>2024-12-26 18:34:50 UTC</createdTime>
<ownerDesignName>Fizicki_model__12</ownerDesignName>
<pk>true</pk>
<indexState>Primary Constraint</indexState>
<isSurrogateKey>false</isSurrogateKey>
<indexColumnUsage>
<colUsage columnID="D4CB058D-2850-7384-CA91-5D4BB55D7E5E"/>
</indexColumnUsage>
</ind_PK_UK>
<ind_PK_UK id="77ECA72D-D830-7D83-EC55-345F1A798895" name="Ulaganjev1_Transakcija_FK">
<createdBy>Matija</createdBy>
<createdTime>2024-12-26 18:34:50 UTC</createdTime>
<ownerDesignName>Fizicki_model__12</ownerDesignName>
<indexState>Foreign Key</indexState>
<isSurrogateKey>false</isSurrogateKey>
<indexColumnUsage>
<colUsage columnID="D4CB058D-2850-7384-CA91-5D4BB55D7E5E"/>
</indexColumnUsage>
</ind_PK_UK>
<ind_PK_UK id="BF11113D-CE73-4E2F-42C8-9B6FB7BE77CD" name="Isplata_Istorija_udela_FK">
<createdBy>helena</createdBy>
<createdTime>2025-01-09 19:52:55 UTC</createdTime>
<ownerDesignName>Fizicki_model__12</ownerDesignName>
<indexState>Foreign Key</indexState>
<isSurrogateKey>false</isSurrogateKey>
<indexColumnUsage>
<colUsage columnID="C1D6310F-4847-53BF-A100-D3559DC8E663"/>
</indexColumnUsage>
</ind_PK_UK>
</indexes>
</Table>