<?xml version = '1.0' encoding = 'UTF-8'?>
<Table class="oracle.dbtools.crest.model.design.relational.Table" directorySegmentName="seg_1" id="D762854A-CA82-4AD1-38C4-97847C5FCCB1" name="Upravljaju">
<createdBy>Matija</createdBy>
<createdTime>2024-12-26 23:31:04 UTC</createdTime>
<ownerDesignName>Fizicki_model__12</ownerDesignName>
<ordsAlias>table_100</ordsAlias>
<allowColumnReorder>false</allowColumnReorder>
<existDependencyGenerateInDDl>true</existDependencyGenerateInDDl>
<parsed>true</parsed>
<columns itemClass="oracle.dbtools.crest.model.design.relational.Column">
<Column name="upravljaju_id" id="AB02DA69-130F-F9BF-2E1C-DF12EA169AA7">
<createdBy>Matija</createdBy>
<createdTime>2024-12-26 23:33:04 UTC</createdTime>
<ownerDesignName>Fizicki_model__12</ownerDesignName>
<useDomainConstraints>false</useDomainConstraints>
<use>1</use>
<logicalDatatype>LOGDT011</logicalDatatype>
<ownDataTypeParameters>,,</ownDataTypeParameters>
<autoIncrementCycle>false</autoIncrementCycle>
</Column>
<Column name="menadzeri_id" id="BA58D21D-627A-4123-F19F-B5984519BC12">
<createdBy>Matija</createdBy>
<createdTime>2024-12-26 23:33:04 UTC</createdTime>
<ownerDesignName>Fizicki_model__12</ownerDesignName>
<useDomainConstraints>false</useDomainConstraints>
<use>1</use>
<logicalDatatype>LOGDT011</logicalDatatype>
<ownDataTypeParameters>,,</ownDataTypeParameters>
<autoIncrementCycle>false</autoIncrementCycle>
<associations>
<colAssociation fkAssociation="2C3DD441-BCC4-0351-DF67-40CA2B3D7743" referredColumn="EB2F37E2-79E8-59B0-9718-F60A2C991BE3"/>
</associations>
</Column>
<Column name="fond_id" id="0C0F739F-0CCF-ED16-5B8B-2FA88122228E">
<createdBy>Matija</createdBy>
<createdTime>2024-12-26 23:36:21 UTC</createdTime>
<ownerDesignName>Fizicki_model__12</ownerDesignName>
<useDomainConstraints>false</useDomainConstraints>
<use>1</use>
<logicalDatatype>LOGDT011</logicalDatatype>
<ownDataTypeParameters>,,</ownDataTypeParameters>
<autoIncrementCycle>false</autoIncrementCycle>
<associations>
<colAssociation fkAssociation="CB669197-2657-1C6B-BFF3-96D89598F6D3" referredColumn="8F113D50-213E-2635-00AA-EF936D7132FD"/>
</associations>
</Column>
</columns>
<indexes itemClass="oracle.dbtools.crest.model.design.relational.Index">
<ind_PK_UK id="B178FBD6-046B-2487-2514-11DB844CC243" name="Menadzeri_fonda_PK">
<createdBy>Matija</createdBy>
<createdTime>2024-12-26 23:33:04 UTC</createdTime>
<ownerDesignName>Fizicki_model__12</ownerDesignName>
<pk>true</pk>
<indexState>Primary Constraint</indexState>
<isSurrogateKey>false</isSurrogateKey>
<indexColumnUsage>
<colUsage columnID="AB02DA69-130F-F9BF-2E1C-DF12EA169AA7"/>
</indexColumnUsage>
</ind_PK_UK>
<ind_PK_UK id="131EECB5-94D6-FF6B-5995-BA7BBE94720F" name="Menadzeri_fonda_Menadzer_FK">
<createdBy>Matija</createdBy>
<createdTime>2024-12-26 23:34:54 UTC</createdTime>
<ownerDesignName>Fizicki_model__12</ownerDesignName>
<indexState>Foreign Key</indexState>
<isSurrogateKey>false</isSurrogateKey>
<indexColumnUsage>
<colUsage columnID="BA58D21D-627A-4123-F19F-B5984519BC12"/>
</indexColumnUsage>
</ind_PK_UK>
<ind_PK_UK id="8115572C-979C-1CDC-12C6-FAC6C77286B7" name="Upravljaju_Fond_FK">
<createdBy>Matija</createdBy>
<createdTime>2024-12-26 23:36:31 UTC</createdTime>
<ownerDesignName>Fizicki_model__12</ownerDesignName>
<indexState>Foreign Key</indexState>
<isSurrogateKey>false</isSurrogateKey>
<indexColumnUsage>
<colUsage columnID="0C0F739F-0CCF-ED16-5B8B-2FA88122228E"/>
</indexColumnUsage>
</ind_PK_UK>
</indexes>
</Table>