<?xml version = '1.0' encoding = 'UTF-8'?>
<Table class="oracle.dbtools.crest.model.design.relational.Table" directorySegmentName="seg_1" id="E88FE346-38C9-AECD-03C1-BCC9BE097CBC" name="Klijent_fond">
<createdBy>helena</createdBy>
<createdTime>2025-01-09 19:40:10 UTC</createdTime>
<ownerDesignName>Fizicki_model__12</ownerDesignName>
<ordsAlias>table_90</ordsAlias>
<allowColumnReorder>false</allowColumnReorder>
<existDependencyGenerateInDDl>true</existDependencyGenerateInDDl>
<parsed>true</parsed>
<columns itemClass="oracle.dbtools.crest.model.design.relational.Column">
<Column name="klijent_fond_id" id="753D20EB-00DC-9D97-62F5-CCD705147260">
<createdBy>helena</createdBy>
<createdTime>2025-01-09 19:42:15 UTC</createdTime>
<ownerDesignName>Fizicki_model__12</ownerDesignName>
<useDomainConstraints>false</useDomainConstraints>
<use>1</use>
<logicalDatatype>LOGDT011</logicalDatatype>
<ownDataTypeParameters>,,</ownDataTypeParameters>
<autoIncrementCycle>false</autoIncrementCycle>
</Column>
<Column name="klijent_id" id="A7D0F086-F78A-0F76-8D1F-393CB80A9177">
<createdBy>helena</createdBy>
<createdTime>2025-01-09 19:42:15 UTC</createdTime>
<ownerDesignName>Fizicki_model__12</ownerDesignName>
<useDomainConstraints>false</useDomainConstraints>
<use>1</use>
<logicalDatatype>LOGDT011</logicalDatatype>
<ownDataTypeParameters>,,</ownDataTypeParameters>
<autoIncrementCycle>false</autoIncrementCycle>
<associations>
<colAssociation fkAssociation="B6B71D65-5ADD-7E0C-ED6A-2F0BC43F883A" referredColumn="9112CFF5-5FC3-D177-8533-B2D7E3AC3936"/>
</associations>
</Column>
<Column name="fond_id" id="4C786DDA-2002-FF62-BD67-7526208C8CA0">
<createdBy>helena</createdBy>
<createdTime>2025-01-09 19:42:15 UTC</createdTime>
<ownerDesignName>Fizicki_model__12</ownerDesignName>
<useDomainConstraints>false</useDomainConstraints>
<use>1</use>
<logicalDatatype>LOGDT011</logicalDatatype>
<ownDataTypeParameters>,,</ownDataTypeParameters>
<autoIncrementCycle>false</autoIncrementCycle>
<associations>
<colAssociation fkAssociation="10DA355F-F8CA-E1A2-68BA-E05BB846BBFE" referredColumn="8F113D50-213E-2635-00AA-EF936D7132FD"/>
</associations>
</Column>
</columns>
<indexes itemClass="oracle.dbtools.crest.model.design.relational.Index">
<ind_PK_UK id="F484C2FD-7594-13B4-B79A-79825EA43AAB" name="Klijent_fond_PK">
<createdBy>helena</createdBy>
<createdTime>2025-01-09 19:42:15 UTC</createdTime>
<ownerDesignName>Fizicki_model__12</ownerDesignName>
<pk>true</pk>
<indexState>Primary Constraint</indexState>
<isSurrogateKey>false</isSurrogateKey>
<indexColumnUsage>
<colUsage columnID="753D20EB-00DC-9D97-62F5-CCD705147260"/>
</indexColumnUsage>
</ind_PK_UK>
<ind_PK_UK id="C532480B-184B-5A33-668F-AE9696BEE2E6" name="Klijent_fond_Fond_FK">
<createdBy>helena</createdBy>
<createdTime>2025-01-09 19:42:36 UTC</createdTime>
<ownerDesignName>Fizicki_model__12</ownerDesignName>
<indexState>Foreign Key</indexState>
<isSurrogateKey>false</isSurrogateKey>
<indexColumnUsage>
<colUsage columnID="4C786DDA-2002-FF62-BD67-7526208C8CA0"/>
</indexColumnUsage>
</ind_PK_UK>
<ind_PK_UK id="3C161654-1470-ACD1-7759-E89F4E5C842D" name="Klijent_fond_Klijent_FK">
<createdBy>helena</createdBy>
<createdTime>2025-01-09 19:42:36 UTC</createdTime>
<ownerDesignName>Fizicki_model__12</ownerDesignName>
<indexState>Foreign Key</indexState>
<isSurrogateKey>false</isSurrogateKey>
<indexColumnUsage>
<colUsage columnID="A7D0F086-F78A-0F76-8D1F-393CB80A9177"/>
</indexColumnUsage>
</ind_PK_UK>
</indexes>
</Table>