<?xml version = '1.0' encoding = 'UTF-8'?>
<Table class="oracle.dbtools.crest.model.design.relational.Table" directorySegmentName="seg_0" id="132E293D-4053-D377-B91B-4857B09C3AD7" name="Grad">
<createdBy>helena</createdBy>
<createdTime>2024-10-06 13:19:56 UTC</createdTime>
<ownerDesignName>tim2_nedelja2</ownerDesignName>
<ordsAlias>table_3</ordsAlias>
<allowColumnReorder>false</allowColumnReorder>
<existDependencyGenerateInDDl>true</existDependencyGenerateInDDl>
<parsed>true</parsed>
<columns itemClass="oracle.dbtools.crest.model.design.relational.Column">
<Column name="grad_id" id="12A40850-6E82-F20C-79B4-2EBE0179A4D8">
<createdBy>helena</createdBy>
<createdTime>2024-10-06 13:20:36 UTC</createdTime>
<ownerDesignName>tim2_nedelja2</ownerDesignName>
<useDomainConstraints>false</useDomainConstraints>
<use>1</use>
<logicalDatatype>LOGDT011</logicalDatatype>
<ownDataTypeParameters>,,</ownDataTypeParameters>
<autoIncrementCycle>false</autoIncrementCycle>
</Column>
<Column name="naziv" id="62AD261F-DC7F-DB7C-2B71-1A20FE34E3A9">
<createdBy>helena</createdBy>
<createdTime>2024-10-06 13:20:36 UTC</createdTime>
<ownerDesignName>tim2_nedelja2</ownerDesignName>
<useDomainConstraints>false</useDomainConstraints>
<use>1</use>
<logicalDatatype>LOGDT024</logicalDatatype>
<dataTypeSize>30</dataTypeSize>
<ownDataTypeParameters>30,,</ownDataTypeParameters>
<autoIncrementCycle>false</autoIncrementCycle>
</Column>
</columns>
<indexes itemClass="oracle.dbtools.crest.model.design.relational.Index">
<ind_PK_UK id="7D47EC85-8904-4ABD-3E7B-AED836129289" name="Grad_PK">
<createdBy>helena</createdBy>
<createdTime>2024-10-06 13:20:36 UTC</createdTime>
<ownerDesignName>tim2_nedelja2</ownerDesignName>
<pk>true</pk>
<indexState>Primary Constraint</indexState>
<isSurrogateKey>false</isSurrogateKey>
<indexColumnUsage>
<colUsage columnID="12A40850-6E82-F20C-79B4-2EBE0179A4D8"/>
</indexColumnUsage>
</ind_PK_UK>
</indexes>
</Table>