<?xml version = '1.0' encoding = 'UTF-8'?>
<Table class="oracle.dbtools.crest.model.design.relational.Table" directorySegmentName="seg_0" id="18D97DBE-8EF7-81A8-9804-1139F42610D9" name="Zirant">
<createdBy>helena</createdBy>
<createdTime>2024-10-06 14:08:08 UTC</createdTime>
<ownerDesignName>tim2_nedelja2</ownerDesignName>
<ordsAlias>table_18</ordsAlias>
<allowColumnReorder>false</allowColumnReorder>
<existDependencyGenerateInDDl>true</existDependencyGenerateInDDl>
<parsed>true</parsed>
<columns itemClass="oracle.dbtools.crest.model.design.relational.Column">
<Column name="osoba_id" id="28D0AABC-C0F6-4F4F-D140-829B596406EE">
<createdBy>helena</createdBy>
<createdTime>2024-10-06 14:08:55 UTC</createdTime>
<ownerDesignName>tim2_nedelja2</ownerDesignName>
<useDomainConstraints>false</useDomainConstraints>
<use>1</use>
<logicalDatatype>LOGDT011</logicalDatatype>
<ownDataTypeParameters>,,</ownDataTypeParameters>
<autoIncrementCycle>false</autoIncrementCycle>
<associations>
<colAssociation fkAssociation="694018DA-D8BC-15B8-427B-5CE8D24F1D48" referredColumn="75D93A38-8F55-0AA3-7453-E1906A677918"/>
</associations>
</Column>
</columns>
<indexes itemClass="oracle.dbtools.crest.model.design.relational.Index">
<ind_PK_UK id="36AAB843-2F45-8694-BC1D-96DE6E491AC5" name="Zirant_PK">
<createdBy>helena</createdBy>
<createdTime>2024-10-06 14:08:55 UTC</createdTime>
<ownerDesignName>tim2_nedelja2</ownerDesignName>
<pk>true</pk>
<indexState>Primary Constraint</indexState>
<isSurrogateKey>false</isSurrogateKey>
<indexColumnUsage>
<colUsage columnID="28D0AABC-C0F6-4F4F-D140-829B596406EE"/>
</indexColumnUsage>
</ind_PK_UK>
<ind_PK_UK id="D62EBEF2-443E-4446-9DB9-60625A4AA5ED" name="TABLE_18_Osoba_FK">
<createdBy>helena</createdBy>
<createdTime>2024-10-06 14:08:55 UTC</createdTime>
<ownerDesignName>tim2_nedelja2</ownerDesignName>
<indexState>Foreign Key</indexState>
<isSurrogateKey>false</isSurrogateKey>
<indexColumnUsage>
<colUsage columnID="28D0AABC-C0F6-4F4F-D140-829B596406EE"/>
</indexColumnUsage>
</ind_PK_UK>
</indexes>
</Table>