<?xml version = '1.0' encoding = 'UTF-8'?>
<Table class="oracle.dbtools.crest.model.design.relational.Table" directorySegmentName="seg_0" id="F43C3BAD-4395-8833-7184-F300975881B1" name="Radnik">
<createdBy>helena</createdBy>
<createdTime>2024-10-06 14:04:15 UTC</createdTime>
<ownerDesignName>tim2_nedelja2</ownerDesignName>
<ordsAlias>table_13</ordsAlias>
<allowColumnReorder>false</allowColumnReorder>
<existDependencyGenerateInDDl>true</existDependencyGenerateInDDl>
<parsed>true</parsed>
<columns itemClass="oracle.dbtools.crest.model.design.relational.Column">
<Column name="osoba_id" id="E2907926-6D06-21F6-7D2D-8691454CFDBC">
<createdBy>helena</createdBy>
<createdTime>2024-10-06 14:05:44 UTC</createdTime>
<ownerDesignName>tim2_nedelja2</ownerDesignName>
<useDomainConstraints>false</useDomainConstraints>
<use>1</use>
<logicalDatatype>LOGDT011</logicalDatatype>
<ownDataTypeParameters>,,</ownDataTypeParameters>
<autoIncrementCycle>false</autoIncrementCycle>
<associations>
<colAssociation fkAssociation="EDBF2EB7-2B55-F77C-18C1-97B4AEFA4199" referredColumn="75D93A38-8F55-0AA3-7453-E1906A677918"/>
</associations>
</Column>
<Column name="pozicija_id" id="01F7C2B5-FE5C-39BD-D5CC-68A9E8431755">
<createdBy>helena</createdBy>
<createdTime>2024-10-06 14:10:31 UTC</createdTime>
<ownerDesignName>tim2_nedelja2</ownerDesignName>
<useDomainConstraints>false</useDomainConstraints>
<use>1</use>
<logicalDatatype>LOGDT011</logicalDatatype>
<ownDataTypeParameters>,,</ownDataTypeParameters>
<autoIncrementCycle>false</autoIncrementCycle>
<associations>
<colAssociation fkAssociation="59EF180E-1D4E-E198-801A-E87DE202B4F1" referredColumn="B7CA86FA-B8EA-9396-02D9-8DE8EA04EA59"/>
</associations>
</Column>
<Column name="ekspozitura_id" id="C750B43F-786B-B15F-ECDC-111002F57A69">
<createdBy>helena</createdBy>
<createdTime>2024-10-06 14:15:25 UTC</createdTime>
<ownerDesignName>tim2_nedelja2</ownerDesignName>
<useDomainConstraints>false</useDomainConstraints>
<use>1</use>
<logicalDatatype>LOGDT011</logicalDatatype>
<ownDataTypeParameters>,,</ownDataTypeParameters>
<autoIncrementCycle>false</autoIncrementCycle>
<associations>
<colAssociation fkAssociation="F0923830-9951-5243-5D8A-7BE3B0DFBD13" referredColumn="2A06F137-F0DF-1B98-D637-853CFC1D2F6A"/>
</associations>
</Column>
</columns>
<indexes itemClass="oracle.dbtools.crest.model.design.relational.Index">
<ind_PK_UK id="238962B7-BC89-3FC7-9446-11B23FB5AF2A" name="Radnik_PK">
<createdBy>helena</createdBy>
<createdTime>2024-10-06 14:05:44 UTC</createdTime>
<ownerDesignName>tim2_nedelja2</ownerDesignName>
<pk>true</pk>
<indexState>Primary Constraint</indexState>
<isSurrogateKey>false</isSurrogateKey>
<indexColumnUsage>
<colUsage columnID="E2907926-6D06-21F6-7D2D-8691454CFDBC"/>
</indexColumnUsage>
</ind_PK_UK>
<ind_PK_UK id="DB1B7DBC-ED8C-3DAB-DD33-9A1219B3890D" name="Radnik_Osoba_FK">
<createdBy>helena</createdBy>
<createdTime>2024-10-06 14:05:44 UTC</createdTime>
<ownerDesignName>tim2_nedelja2</ownerDesignName>
<indexState>Foreign Key</indexState>
<isSurrogateKey>false</isSurrogateKey>
<indexColumnUsage>
<colUsage columnID="E2907926-6D06-21F6-7D2D-8691454CFDBC"/>
</indexColumnUsage>
</ind_PK_UK>
<ind_PK_UK id="A172C21B-BEC5-5C0E-F9F8-892701592883" name="Radnik_Pozicija_FK">
<createdBy>helena</createdBy>
<createdTime>2024-10-06 14:13:20 UTC</createdTime>
<ownerDesignName>tim2_nedelja2</ownerDesignName>
<indexState>Foreign Key</indexState>
<isSurrogateKey>false</isSurrogateKey>
<indexColumnUsage>
<colUsage columnID="01F7C2B5-FE5C-39BD-D5CC-68A9E8431755"/>
</indexColumnUsage>
</ind_PK_UK>
<ind_PK_UK id="4BD1F0D9-D7C0-D8F3-A483-94D6D0234FEB" name="Radnik_Ekspozitura_FK">
<createdBy>helena</createdBy>
<createdTime>2024-10-06 14:16:51 UTC</createdTime>
<ownerDesignName>tim2_nedelja2</ownerDesignName>
<indexState>Foreign Key</indexState>
<isSurrogateKey>false</isSurrogateKey>
<indexColumnUsage>
<colUsage columnID="C750B43F-786B-B15F-ECDC-111002F57A69"/>
</indexColumnUsage>
</ind_PK_UK>
</indexes>
</Table>