<?xml version = '1.0' encoding = 'UTF-8'?>
<Table class="oracle.dbtools.crest.model.design.relational.Table" directorySegmentName="seg_0" id="1A0FB8BE-0F36-A701-111A-0CEAA7D215FC" name="Mejl">
<createdBy>helena</createdBy>
<createdTime>2024-10-06 15:49:31 UTC</createdTime>
<ownerDesignName>n8</ownerDesignName>
<ordsAlias>table_36</ordsAlias>
<allowColumnReorder>false</allowColumnReorder>
<existDependencyGenerateInDDl>true</existDependencyGenerateInDDl>
<parsed>true</parsed>
<columns itemClass="oracle.dbtools.crest.model.design.relational.Column">
<Column name="mejl_id" id="D0F174E6-E985-0B72-400D-6B3C761AEAC5">
<createdBy>helena</createdBy>
<createdTime>2024-10-06 15:51:08 UTC</createdTime>
<ownerDesignName>n8</ownerDesignName>
<useDomainConstraints>false</useDomainConstraints>
<use>1</use>
<logicalDatatype>LOGDT011</logicalDatatype>
<ownDataTypeParameters>,,</ownDataTypeParameters>
<autoIncrementCycle>false</autoIncrementCycle>
</Column>
<Column name="mejl" id="E5849B35-7F69-A3FC-190A-8037D501E0B0">
<createdBy>helena</createdBy>
<createdTime>2024-10-06 15:51:08 UTC</createdTime>
<ownerDesignName>n8</ownerDesignName>
<useDomainConstraints>false</useDomainConstraints>
<use>1</use>
<logicalDatatype>LOGDT024</logicalDatatype>
<dataTypeSize>30</dataTypeSize>
<ownDataTypeParameters>30,,</ownDataTypeParameters>
<autoIncrementCycle>false</autoIncrementCycle>
</Column>
<Column name="klijent_id" id="C3F04835-AF82-2D96-90FA-234888D253EA">
<createdBy>helena</createdBy>
<createdTime>2024-10-06 15:51:08 UTC</createdTime>
<ownerDesignName>n8</ownerDesignName>
<useDomainConstraints>false</useDomainConstraints>
<use>1</use>
<logicalDatatype>LOGDT011</logicalDatatype>
<ownDataTypeParameters>,,</ownDataTypeParameters>
<autoIncrementCycle>false</autoIncrementCycle>
<associations>
<colAssociation fkAssociation="45488541-D108-DC87-1BB5-60382815464D" referredColumn="9112CFF5-5FC3-D177-8533-B2D7E3AC3936"/>
</associations>
</Column>
</columns>
<indexes itemClass="oracle.dbtools.crest.model.design.relational.Index">
<ind_PK_UK id="0458EF32-79BB-1512-94A6-7F5E2F0D917F" name="Mejl_PK">
<createdBy>helena</createdBy>
<createdTime>2024-10-06 15:51:08 UTC</createdTime>
<ownerDesignName>n8</ownerDesignName>
<pk>true</pk>
<indexState>Primary Constraint</indexState>
<isSurrogateKey>false</isSurrogateKey>
<indexColumnUsage>
<colUsage columnID="D0F174E6-E985-0B72-400D-6B3C761AEAC5"/>
</indexColumnUsage>
</ind_PK_UK>
<ind_PK_UK id="F0C1EDFA-071C-CF51-2949-CF2D62C45257" name="Mejl_Klijent_FK">
<createdBy>helena</createdBy>
<createdTime>2024-11-25 16:26:23 UTC</createdTime>
<ownerDesignName>n8</ownerDesignName>
<indexState>Foreign Key</indexState>
<isSurrogateKey>false</isSurrogateKey>
<indexColumnUsage>
<colUsage columnID="C3F04835-AF82-2D96-90FA-234888D253EA"/>
</indexColumnUsage>
</ind_PK_UK>
</indexes>
</Table>