<?xml version = '1.0' encoding = 'UTF-8'?>
<Table class="oracle.dbtools.crest.model.design.relational.Table" directorySegmentName="seg_0" id="1D1719E0-777A-7363-5965-2FB71CEF5F98" name="Hijerarhija">
<createdBy>Matija</createdBy>
<createdTime>2024-10-29 15:27:57 UTC</createdTime>
<ownerDesignName>n8</ownerDesignName>
<ordsAlias>table_34</ordsAlias>
<allowColumnReorder>false</allowColumnReorder>
<existDependencyGenerateInDDl>true</existDependencyGenerateInDDl>
<parsed>true</parsed>
<columns itemClass="oracle.dbtools.crest.model.design.relational.Column">
<Column name="hijerarhija_id" id="488ADCBE-5D30-4233-EDBB-588EAC07B093">
<createdBy>Matija</createdBy>
<createdTime>2024-10-29 15:32:27 UTC</createdTime>
<ownerDesignName>n8</ownerDesignName>
<useDomainConstraints>false</useDomainConstraints>
<use>1</use>
<logicalDatatype>LOGDT011</logicalDatatype>
<ownDataTypeParameters>,,</ownDataTypeParameters>
<autoIncrementCycle>false</autoIncrementCycle>
</Column>
<Column name="nadredjeno_id" id="82008FA8-6CCB-4585-E6C7-2695D0EDFC20">
<createdBy>Matija</createdBy>
<createdTime>2024-10-29 15:32:27 UTC</createdTime>
<ownerDesignName>n8</ownerDesignName>
<useDomainConstraints>false</useDomainConstraints>
<use>1</use>
<logicalDatatype>LOGDT011</logicalDatatype>
<ownDataTypeParameters>,,</ownDataTypeParameters>
<autoIncrementCycle>false</autoIncrementCycle>
<associations>
<colAssociation fkAssociation="945A3C7F-70B9-7BC5-178E-D42E3F04876C" referredColumn="1BC98126-4FCA-4073-17AA-14358F4B0BE5"/>
</associations>
</Column>
<Column name="podredjeni_id" id="ABE598C2-D957-7A0B-A97D-CB2D014291F3">
<createdBy>Matija</createdBy>
<createdTime>2024-10-29 15:32:27 UTC</createdTime>
<ownerDesignName>n8</ownerDesignName>
<useDomainConstraints>false</useDomainConstraints>
<use>1</use>
<logicalDatatype>LOGDT011</logicalDatatype>
<ownDataTypeParameters>,,</ownDataTypeParameters>
<autoIncrementCycle>false</autoIncrementCycle>
<associations>
<colAssociation fkAssociation="5CE39793-5476-F57A-8F66-DA7887743F39" referredColumn="1BC98126-4FCA-4073-17AA-14358F4B0BE5"/>
</associations>
</Column>
</columns>
<indexes itemClass="oracle.dbtools.crest.model.design.relational.Index">
<ind_PK_UK id="4441F255-CE1A-F71F-7C3B-FC84807D8702" name="Hierarhija_PK">
<createdBy>Matija</createdBy>
<createdTime>2024-10-29 15:32:27 UTC</createdTime>
<ownerDesignName>n8</ownerDesignName>
<pk>true</pk>
<indexState>Primary Constraint</indexState>
<isSurrogateKey>false</isSurrogateKey>
<indexColumnUsage>
<colUsage columnID="488ADCBE-5D30-4233-EDBB-588EAC07B093"/>
</indexColumnUsage>
</ind_PK_UK>
<ind_PK_UK id="CB1ECFDE-1DE1-5916-AC11-95BF1FA8563C" name="Hijerarhija__IDX">
<createdBy>Matija</createdBy>
<createdTime>2024-10-29 15:42:34 UTC</createdTime>
<ownerDesignName>n8</ownerDesignName>
<isSurrogateKey>false</isSurrogateKey>
<indexColumnUsage>
<colUsage columnID="82008FA8-6CCB-4585-E6C7-2695D0EDFC20"/>
<colUsage columnID="ABE598C2-D957-7A0B-A97D-CB2D014291F3"/>
</indexColumnUsage>
</ind_PK_UK>
<ind_PK_UK id="88BF06C2-0B1B-DF5A-8F17-29E0B0EA91AE" name="Hierarhija_Odeljenje_FK">
<createdBy>Matija</createdBy>
<createdTime>2024-10-29 15:33:29 UTC</createdTime>
<ownerDesignName>n8</ownerDesignName>
<indexState>Foreign Key</indexState>
<isSurrogateKey>false</isSurrogateKey>
<indexColumnUsage>
<colUsage columnID="82008FA8-6CCB-4585-E6C7-2695D0EDFC20"/>
</indexColumnUsage>
</ind_PK_UK>
<ind_PK_UK id="1974B1EB-24C8-4800-DAB2-0B1331F687E1" name="Hierarhija_Odeljenje_FKv1">
<createdBy>Matija</createdBy>
<createdTime>2024-10-29 15:33:29 UTC</createdTime>
<ownerDesignName>n8</ownerDesignName>
<indexState>Foreign Key</indexState>
<isSurrogateKey>false</isSurrogateKey>
<indexColumnUsage>
<colUsage columnID="ABE598C2-D957-7A0B-A97D-CB2D014291F3"/>
</indexColumnUsage>
</ind_PK_UK>
</indexes>
</Table>