<?xml version = '1.0' encoding = 'UTF-8'?>
<Table class="oracle.dbtools.crest.model.design.relational.Table" directorySegmentName="seg_0" id="304A165D-9AC6-3415-7102-4B41DAF7B003" name="Namena">
<createdBy>Matija</createdBy>
<createdTime>2024-10-29 15:48:08 UTC</createdTime>
<ownerDesignName>n8</ownerDesignName>
<ordsAlias>table_38</ordsAlias>
<allowColumnReorder>false</allowColumnReorder>
<existDependencyGenerateInDDl>true</existDependencyGenerateInDDl>
<parsed>true</parsed>
<columns itemClass="oracle.dbtools.crest.model.design.relational.Column">
<Column name="namena_id" id="A51F6658-CCF6-6B9C-4BB2-A89DC4507290">
<createdBy>Matija</createdBy>
<createdTime>2024-10-29 15:48:24 UTC</createdTime>
<ownerDesignName>n8</ownerDesignName>
<useDomainConstraints>false</useDomainConstraints>
<use>1</use>
<logicalDatatype>LOGDT011</logicalDatatype>
<ownDataTypeParameters>,,</ownDataTypeParameters>
<autoIncrementCycle>false</autoIncrementCycle>
</Column>
<Column name="naziv" id="59EAD216-0C15-BA91-8639-AB93F5825D75">
<createdBy>Matija</createdBy>
<createdTime>2024-10-29 15:49:15 UTC</createdTime>
<ownerDesignName>n8</ownerDesignName>
<nullsAllowed>true</nullsAllowed>
<useDomainConstraints>false</useDomainConstraints>
<use>1</use>
<logicalDatatype>LOGDT024</logicalDatatype>
<dataTypeSize>50</dataTypeSize>
<ownDataTypeParameters>50,,</ownDataTypeParameters>
<autoIncrementCycle>false</autoIncrementCycle>
</Column>
</columns>
<indexes itemClass="oracle.dbtools.crest.model.design.relational.Index">
<ind_PK_UK id="3AD6319F-2844-BF09-FE8A-AB5F5CB9B9AE" name="Namena_PK">
<createdBy>Matija</createdBy>
<createdTime>2024-10-29 15:49:15 UTC</createdTime>
<ownerDesignName>n8</ownerDesignName>
<pk>true</pk>
<indexState>Primary Constraint</indexState>
<isSurrogateKey>false</isSurrogateKey>
<indexColumnUsage>
<colUsage columnID="A51F6658-CCF6-6B9C-4BB2-A89DC4507290"/>
</indexColumnUsage>
</ind_PK_UK>
</indexes>
</Table>