<?xml version = '1.0' encoding = 'UTF-8'?>
<Table class="oracle.dbtools.crest.model.design.relational.Table" directorySegmentName="seg_0" id="3C01A47B-7D6B-B6B2-C277-80AB4DA355CE" name="Racun_transakcija_istorija">
<createdBy>helena</createdBy>
<createdTime>2024-11-25 17:20:57 UTC</createdTime>
<ownerDesignName>n8</ownerDesignName>
<ordsAlias>table_44</ordsAlias>
<allowColumnReorder>false</allowColumnReorder>
<existDependencyGenerateInDDl>true</existDependencyGenerateInDDl>
<parsed>true</parsed>
<columns itemClass="oracle.dbtools.crest.model.design.relational.Column">
<Column name="racun_id" id="D2CD1083-887C-4D24-9750-83DCD219D4B9">
<createdBy>helena</createdBy>
<createdTime>2024-11-25 17:23:02 UTC</createdTime>
<ownerDesignName>n8</ownerDesignName>
<useDomainConstraints>false</useDomainConstraints>
<use>1</use>
<logicalDatatype>LOGDT011</logicalDatatype>
<ownDataTypeParameters>,,</ownDataTypeParameters>
<autoIncrementCycle>false</autoIncrementCycle>
<associations>
<colAssociation fkAssociation="2F0BD0B9-A1D7-D815-F030-6A80E43D5DCD" referredColumn="3C189C4F-18AA-6E30-181F-D3781BAAE7A1"/>
</associations>
</Column>
<Column name="transakcija_id" id="844E3E28-ABB1-CBF8-CBB3-3850EEC90F08">
<createdBy>helena</createdBy>
<createdTime>2024-11-25 17:23:02 UTC</createdTime>
<ownerDesignName>n8</ownerDesignName>
<useDomainConstraints>false</useDomainConstraints>
<use>1</use>
<logicalDatatype>LOGDT011</logicalDatatype>
<ownDataTypeParameters>,,</ownDataTypeParameters>
<autoIncrementCycle>false</autoIncrementCycle>
<associations>
<colAssociation fkAssociation="CD9945E3-B252-C57F-A386-E8EF04E8F551" referredColumn="BE21734C-7FE2-9706-6464-923924C900E4"/>
</associations>
</Column>
<Column name="racun_transakcija_istorija_id" id="953DCF9F-A657-2B99-872D-4B84489F51A9">
<createdBy>helena</createdBy>
<createdTime>2024-11-25 17:23:02 UTC</createdTime>
<ownerDesignName>n8</ownerDesignName>
<useDomainConstraints>false</useDomainConstraints>
<use>1</use>
<logicalDatatype>LOGDT011</logicalDatatype>
<ownDataTypeParameters>,,</ownDataTypeParameters>
<autoIncrementCycle>false</autoIncrementCycle>
</Column>
</columns>
<indexes itemClass="oracle.dbtools.crest.model.design.relational.Index">
<ind_PK_UK id="21D0E7D7-3403-3978-48F9-3CAEBC280063" name="Racun_transakcija_istorija_PK">
<createdBy>helena</createdBy>
<createdTime>2024-11-25 17:23:02 UTC</createdTime>
<ownerDesignName>n8</ownerDesignName>
<pk>true</pk>
<indexState>Primary Constraint</indexState>
<isSurrogateKey>false</isSurrogateKey>
<indexColumnUsage>
<colUsage columnID="953DCF9F-A657-2B99-872D-4B84489F51A9"/>
</indexColumnUsage>
</ind_PK_UK>
<ind_PK_UK id="85C9FBC9-643A-207E-72D8-921BC0B736B8" name="TABLE_44_Racun_FK">
<createdBy>helena</createdBy>
<createdTime>2024-11-25 17:23:02 UTC</createdTime>
<ownerDesignName>n8</ownerDesignName>
<indexState>Foreign Key</indexState>
<isSurrogateKey>false</isSurrogateKey>
<indexColumnUsage>
<colUsage columnID="D2CD1083-887C-4D24-9750-83DCD219D4B9"/>
</indexColumnUsage>
</ind_PK_UK>
<ind_PK_UK id="E0D23C43-2D14-34A0-F287-284A0FA8ACD9" name="TABLE_44_Transakcija_FK">
<createdBy>helena</createdBy>
<createdTime>2024-11-25 17:23:02 UTC</createdTime>
<ownerDesignName>n8</ownerDesignName>
<indexState>Foreign Key</indexState>
<isSurrogateKey>false</isSurrogateKey>
<indexColumnUsage>
<colUsage columnID="844E3E28-ABB1-CBF8-CBB3-3850EEC90F08"/>
</indexColumnUsage>
</ind_PK_UK>
</indexes>
</Table>