<?xml version = '1.0' encoding = 'UTF-8'?>
<Table class="oracle.dbtools.crest.model.design.relational.Table" directorySegmentName="seg_0" id="3E9538D4-2BC0-3A1C-5F82-9E4B4F3967C3" name="Menjacnica">
<createdBy>helena</createdBy>
<createdTime>2024-11-27 20:14:20 UTC</createdTime>
<ownerDesignName>n8</ownerDesignName>
<ordsAlias>table_50</ordsAlias>
<allowColumnReorder>false</allowColumnReorder>
<existDependencyGenerateInDDl>true</existDependencyGenerateInDDl>
<parsed>true</parsed>
<columns itemClass="oracle.dbtools.crest.model.design.relational.Column">
<Column name="menjacnica_id" id="C82D5044-B00B-D4CD-5230-D690E4A7B254">
<createdBy>helena</createdBy>
<createdTime>2024-11-27 20:16:58 UTC</createdTime>
<ownerDesignName>n8</ownerDesignName>
<useDomainConstraints>false</useDomainConstraints>
<use>1</use>
<logicalDatatype>LOGDT011</logicalDatatype>
<ownDataTypeParameters>,,</ownDataTypeParameters>
<autoIncrementCycle>false</autoIncrementCycle>
</Column>
<Column name="kurs_id" id="5228BB97-EA9D-30E6-E6CA-BC281F426FB4">
<createdBy>helena</createdBy>
<createdTime>2024-11-27 20:16:58 UTC</createdTime>
<ownerDesignName>n8</ownerDesignName>
<useDomainConstraints>false</useDomainConstraints>
<use>1</use>
<logicalDatatype>LOGDT011</logicalDatatype>
<ownDataTypeParameters>,,</ownDataTypeParameters>
<autoIncrementCycle>false</autoIncrementCycle>
<associations>
<colAssociation fkAssociation="AB62EA58-299F-536C-4AB2-2268BC5F8DAE" referredColumn="E74C73B1-8455-CC6D-7BB1-438FFB5410FE"/>
</associations>
</Column>
<Column name="datum_od" id="F12DE081-701F-6704-26F9-6E4E9BA8BAA9">
<createdBy>helena</createdBy>
<createdTime>2024-11-27 20:28:42 UTC</createdTime>
<ownerDesignName>n8</ownerDesignName>
<useDomainConstraints>false</useDomainConstraints>
<use>1</use>
<logicalDatatype>LOGDT007</logicalDatatype>
<ownDataTypeParameters>,,</ownDataTypeParameters>
<autoIncrementCycle>false</autoIncrementCycle>
</Column>
<Column name="datum_do" id="23EB9106-AAA5-B47A-6EEC-C952BD018C5A">
<createdBy>helena</createdBy>
<createdTime>2024-11-27 20:28:42 UTC</createdTime>
<ownerDesignName>n8</ownerDesignName>
<useDomainConstraints>false</useDomainConstraints>
<use>1</use>
<logicalDatatype>LOGDT007</logicalDatatype>
<ownDataTypeParameters>,,</ownDataTypeParameters>
<autoIncrementCycle>false</autoIncrementCycle>
</Column>
<Column name="aktivan" id="92AFBC8C-B6D0-2E36-69B0-539EAD636CD5">
<createdBy>helena</createdBy>
<createdTime>2024-11-27 20:28:42 UTC</createdTime>
<ownerDesignName>n8</ownerDesignName>
<useDomainConstraints>false</useDomainConstraints>
<use>1</use>
<logicalDatatype>LOGDT006</logicalDatatype>
<dataTypeSize>1</dataTypeSize>
<ownDataTypeParameters>1,,</ownDataTypeParameters>
<autoIncrementCycle>false</autoIncrementCycle>
</Column>
</columns>
<indexes itemClass="oracle.dbtools.crest.model.design.relational.Index">
<ind_PK_UK id="E67E8969-BD34-A9FB-31FA-962217162942" name="Menjacnica_PK">
<createdBy>helena</createdBy>
<createdTime>2024-11-27 20:16:58 UTC</createdTime>
<ownerDesignName>n8</ownerDesignName>
<pk>true</pk>
<indexState>Primary Constraint</indexState>
<isSurrogateKey>false</isSurrogateKey>
<indexColumnUsage>
<colUsage columnID="C82D5044-B00B-D4CD-5230-D690E4A7B254"/>
</indexColumnUsage>
</ind_PK_UK>
<ind_PK_UK id="5BBE7DDA-9158-5B42-B692-628F27011837" name="Menjacnica_Kurs_FK">
<createdBy>helena</createdBy>
<createdTime>2024-11-27 20:28:42 UTC</createdTime>
<ownerDesignName>n8</ownerDesignName>
<indexState>Foreign Key</indexState>
<isSurrogateKey>false</isSurrogateKey>
<indexColumnUsage>
<colUsage columnID="5228BB97-EA9D-30E6-E6CA-BC281F426FB4"/>
</indexColumnUsage>
</ind_PK_UK>
</indexes>
</Table>