<?xml version = '1.0' encoding = 'UTF-8'?>
<Table class="oracle.dbtools.crest.model.design.relational.Table" directorySegmentName="seg_0" id="3F9F7840-FD70-2704-35A9-59E843113185" name="Tip_transakcija">
<createdBy>Matija</createdBy>
<createdTime>2024-10-16 18:41:00 UTC</createdTime>
<ownerDesignName>n8</ownerDesignName>
<ordsAlias>table_27</ordsAlias>
<allowColumnReorder>false</allowColumnReorder>
<existDependencyGenerateInDDl>true</existDependencyGenerateInDDl>
<parsed>true</parsed>
<columns itemClass="oracle.dbtools.crest.model.design.relational.Column">
<Column name="tip_transakcija_id" id="408205F4-E14C-E226-42CE-0A15F1155453">
<createdBy>Matija</createdBy>
<createdTime>2024-10-16 18:42:02 UTC</createdTime>
<ownerDesignName>n8</ownerDesignName>
<useDomainConstraints>false</useDomainConstraints>
<use>1</use>
<logicalDatatype>LOGDT011</logicalDatatype>
<ownDataTypeParameters>,,</ownDataTypeParameters>
<autoIncrementCycle>false</autoIncrementCycle>
</Column>
<Column name="naziv" id="BEF58858-CF01-D4AA-38BB-F6F77DFB1D09">
<createdBy>Matija</createdBy>
<createdTime>2024-10-16 18:42:02 UTC</createdTime>
<ownerDesignName>n8</ownerDesignName>
<useDomainConstraints>false</useDomainConstraints>
<use>1</use>
<logicalDatatype>LOGDT024</logicalDatatype>
<dataTypeSize>50</dataTypeSize>
<ownDataTypeParameters>50,,</ownDataTypeParameters>
<autoIncrementCycle>false</autoIncrementCycle>
</Column>
</columns>
<indexes itemClass="oracle.dbtools.crest.model.design.relational.Index">
<ind_PK_UK id="D047D685-3D2E-0588-E844-AC01311399A3" name="Tip_transakcija_PK">
<createdBy>Matija</createdBy>
<createdTime>2024-10-16 18:42:02 UTC</createdTime>
<ownerDesignName>n8</ownerDesignName>
<pk>true</pk>
<indexState>Primary Constraint</indexState>
<isSurrogateKey>false</isSurrogateKey>
<indexColumnUsage>
<colUsage columnID="408205F4-E14C-E226-42CE-0A15F1155453"/>
</indexColumnUsage>
</ind_PK_UK>
</indexes>
</Table>