<?xml version = '1.0' encoding = 'UTF-8'?>
<Table class="oracle.dbtools.crest.model.design.relational.Table" directorySegmentName="seg_0" id="5FA95CF3-6858-01D4-DA39-35413BDD99C8" name="Istorija_racun">
<createdBy>helena</createdBy>
<createdTime>2024-11-27 20:31:54 UTC</createdTime>
<ownerDesignName>n8</ownerDesignName>
<ordsAlias>table_54</ordsAlias>
<allowColumnReorder>false</allowColumnReorder>
<existDependencyGenerateInDDl>true</existDependencyGenerateInDDl>
<parsed>true</parsed>
<columns itemClass="oracle.dbtools.crest.model.design.relational.Column">
<Column name="istorija_racun_id" id="5C9366BF-405F-886A-5C9A-A2465ABB07E2">
<createdBy>helena</createdBy>
<createdTime>2024-11-27 20:34:31 UTC</createdTime>
<ownerDesignName>n8</ownerDesignName>
<useDomainConstraints>false</useDomainConstraints>
<use>1</use>
<logicalDatatype>LOGDT011</logicalDatatype>
<ownDataTypeParameters>,,</ownDataTypeParameters>
<autoIncrementCycle>false</autoIncrementCycle>
</Column>
<Column name="klijent_id" id="D2360B4C-4CC3-508F-D0D2-846BC4D5A310">
<createdBy>helena</createdBy>
<createdTime>2024-11-27 20:34:31 UTC</createdTime>
<ownerDesignName>n8</ownerDesignName>
<useDomainConstraints>false</useDomainConstraints>
<use>1</use>
<logicalDatatype>LOGDT011</logicalDatatype>
<ownDataTypeParameters>,,</ownDataTypeParameters>
<autoIncrementCycle>false</autoIncrementCycle>
<associations>
<colAssociation fkAssociation="54383098-E606-EE5E-1463-86C2E9B4184F" referredColumn="9112CFF5-5FC3-D177-8533-B2D7E3AC3936"/>
</associations>
</Column>
<Column name="racun_id" id="BB0E1040-C747-2322-5D83-0FE74C1E0A56">
<createdBy>helena</createdBy>
<createdTime>2024-11-27 20:34:31 UTC</createdTime>
<ownerDesignName>n8</ownerDesignName>
<useDomainConstraints>false</useDomainConstraints>
<use>1</use>
<logicalDatatype>LOGDT011</logicalDatatype>
<ownDataTypeParameters>,,</ownDataTypeParameters>
<autoIncrementCycle>false</autoIncrementCycle>
<associations>
<colAssociation fkAssociation="FD9FE6D9-35A9-B665-27DD-03470DA7628C" referredColumn="3C189C4F-18AA-6E30-181F-D3781BAAE7A1"/>
</associations>
</Column>
<Column name="datum_od" id="4C27A3FD-D102-7DD2-E178-7532594CC13A">
<createdBy>helena</createdBy>
<createdTime>2024-11-27 20:34:31 UTC</createdTime>
<ownerDesignName>n8</ownerDesignName>
<useDomainConstraints>false</useDomainConstraints>
<use>1</use>
<logicalDatatype>LOGDT007</logicalDatatype>
<ownDataTypeParameters>,,</ownDataTypeParameters>
<autoIncrementCycle>false</autoIncrementCycle>
</Column>
<Column name="datum_do" id="CF247EF6-A158-025F-8534-70C03052BCAF">
<createdBy>helena</createdBy>
<createdTime>2024-11-27 20:34:31 UTC</createdTime>
<ownerDesignName>n8</ownerDesignName>
<useDomainConstraints>false</useDomainConstraints>
<use>1</use>
<logicalDatatype>LOGDT007</logicalDatatype>
<ownDataTypeParameters>,,</ownDataTypeParameters>
<autoIncrementCycle>false</autoIncrementCycle>
</Column>
<Column name="aktivan" id="6EDAE5AC-6707-16D1-8D29-D715A14B60DF">
<createdBy>helena</createdBy>
<createdTime>2024-11-27 20:35:00 UTC</createdTime>
<ownerDesignName>n8</ownerDesignName>
<useDomainConstraints>false</useDomainConstraints>
<use>1</use>
<logicalDatatype>LOGDT006</logicalDatatype>
<dataTypeSize>1</dataTypeSize>
<ownDataTypeParameters>1,,</ownDataTypeParameters>
<autoIncrementCycle>false</autoIncrementCycle>
</Column>
</columns>
<indexes itemClass="oracle.dbtools.crest.model.design.relational.Index">
<ind_PK_UK id="CB2F9299-F392-0901-BD4C-B7E9E848EC71" name="Istorija_racun_PK">
<createdBy>helena</createdBy>
<createdTime>2024-11-27 20:34:31 UTC</createdTime>
<ownerDesignName>n8</ownerDesignName>
<pk>true</pk>
<indexState>Primary Constraint</indexState>
<isSurrogateKey>false</isSurrogateKey>
<indexColumnUsage>
<colUsage columnID="5C9366BF-405F-886A-5C9A-A2465ABB07E2"/>
</indexColumnUsage>
</ind_PK_UK>
<ind_PK_UK id="6F0EFB47-5486-E3C9-D9DB-880D84F58180" name="TABLE_54_Klijent_FK">
<createdBy>helena</createdBy>
<createdTime>2024-11-27 20:34:31 UTC</createdTime>
<ownerDesignName>n8</ownerDesignName>
<indexState>Foreign Key</indexState>
<isSurrogateKey>false</isSurrogateKey>
<indexColumnUsage>
<colUsage columnID="D2360B4C-4CC3-508F-D0D2-846BC4D5A310"/>
</indexColumnUsage>
</ind_PK_UK>
<ind_PK_UK id="FBB56D4B-9634-580E-4E87-35DFCD177CFC" name="Istorija_racun_Racun_FK">
<createdBy>helena</createdBy>
<createdTime>2024-11-27 20:34:41 UTC</createdTime>
<ownerDesignName>n8</ownerDesignName>
<indexState>Foreign Key</indexState>
<isSurrogateKey>false</isSurrogateKey>
<indexColumnUsage>
<colUsage columnID="BB0E1040-C747-2322-5D83-0FE74C1E0A56"/>
</indexColumnUsage>
</ind_PK_UK>
</indexes>
</Table>