<?xml version = '1.0' encoding = 'UTF-8'?>
<Table class="oracle.dbtools.crest.model.design.relational.Table" directorySegmentName="seg_0" id="78F4C191-6110-451B-766D-8CEF6F4A947C" name="Klijent">
<createdBy>helena</createdBy>
<createdTime>2024-10-06 14:07:13 UTC</createdTime>
<ownerDesignName>n8</ownerDesignName>
<ordsAlias>table_16</ordsAlias>
<allowColumnReorder>false</allowColumnReorder>
<existDependencyGenerateInDDl>true</existDependencyGenerateInDDl>
<parsed>true</parsed>
<columns itemClass="oracle.dbtools.crest.model.design.relational.Column">
<Column name="klijent_id" id="9112CFF5-5FC3-D177-8533-B2D7E3AC3936">
<createdBy>Master</createdBy>
<createdTime>2024-10-16 16:20:09 UTC</createdTime>
<ownerDesignName>n8</ownerDesignName>
<useDomainConstraints>false</useDomainConstraints>
<use>1</use>
<logicalDatatype>LOGDT011</logicalDatatype>
<ownDataTypeParameters>,,</ownDataTypeParameters>
<autoIncrementCycle>false</autoIncrementCycle>
</Column>
<Column name="ime" id="A97E3306-C450-1A40-A8B0-5B628DD8DB28">
<createdBy>helena</createdBy>
<createdTime>2024-11-25 16:22:26 UTC</createdTime>
<ownerDesignName>n8</ownerDesignName>
<useDomainConstraints>false</useDomainConstraints>
<use>1</use>
<logicalDatatype>LOGDT024</logicalDatatype>
<dataTypeSize>30</dataTypeSize>
<ownDataTypeParameters>30,,</ownDataTypeParameters>
<autoIncrementCycle>false</autoIncrementCycle>
</Column>
<Column name="prezime" id="FE82677C-CE53-FD7C-FBDA-7170B1D673E5">
<createdBy>helena</createdBy>
<createdTime>2024-11-25 16:22:26 UTC</createdTime>
<ownerDesignName>n8</ownerDesignName>
<useDomainConstraints>false</useDomainConstraints>
<use>1</use>
<logicalDatatype>LOGDT024</logicalDatatype>
<dataTypeSize>30</dataTypeSize>
<ownDataTypeParameters>30,,</ownDataTypeParameters>
<autoIncrementCycle>false</autoIncrementCycle>
</Column>
<Column name="jmbg" id="966B68AD-C905-0EF8-9B44-1F85226F9E1F">
<createdBy>helena</createdBy>
<createdTime>2024-11-25 16:22:26 UTC</createdTime>
<ownerDesignName>n8</ownerDesignName>
<useDomainConstraints>false</useDomainConstraints>
<use>1</use>
<logicalDatatype>LOGDT011</logicalDatatype>
<ownDataTypeParameters>,,</ownDataTypeParameters>
<autoIncrementCycle>false</autoIncrementCycle>
</Column>
<Column name="datum_rodjenja" id="2E7CB523-431C-B9A7-9040-36F4ED4CADD5">
<createdBy>helena</createdBy>
<createdTime>2024-11-25 16:22:26 UTC</createdTime>
<ownerDesignName>n8</ownerDesignName>
<useDomainConstraints>false</useDomainConstraints>
<use>1</use>
<logicalDatatype>LOGDT007</logicalDatatype>
<ownDataTypeParameters>,,</ownDataTypeParameters>
<autoIncrementCycle>false</autoIncrementCycle>
</Column>
<Column name="pol_id" id="3B6B073F-8A85-ED08-326A-0FE8C0F3B55D">
<createdBy>helena</createdBy>
<createdTime>2024-11-25 16:22:26 UTC</createdTime>
<ownerDesignName>n8</ownerDesignName>
<useDomainConstraints>false</useDomainConstraints>
<use>1</use>
<logicalDatatype>LOGDT011</logicalDatatype>
<ownDataTypeParameters>,,</ownDataTypeParameters>
<autoIncrementCycle>false</autoIncrementCycle>
<associations>
<colAssociation fkAssociation="B2B8557C-62FB-AB60-E907-519ECB7C1EF2" referredColumn="ECEBD669-3C00-EDC0-B96F-CFE829BAA9EF"/>
</associations>
</Column>
<Column name="grad_id" id="CED52F02-8E32-0E0A-748C-77189E3E2752">
<createdBy>helena</createdBy>
<createdTime>2024-11-25 16:22:26 UTC</createdTime>
<ownerDesignName>n8</ownerDesignName>
<useDomainConstraints>false</useDomainConstraints>
<use>1</use>
<logicalDatatype>LOGDT011</logicalDatatype>
<ownDataTypeParameters>,,</ownDataTypeParameters>
<autoIncrementCycle>false</autoIncrementCycle>
</Column>
</columns>
<indexes itemClass="oracle.dbtools.crest.model.design.relational.Index">
<ind_PK_UK id="E15F79CE-1328-6C14-3543-2EB4A8AB1508" name="Klijent_PK">
<createdBy>helena</createdBy>
<createdTime>2024-10-06 14:07:53 UTC</createdTime>
<ownerDesignName>n8</ownerDesignName>
<pk>true</pk>
<indexState>Primary Constraint</indexState>
<isSurrogateKey>false</isSurrogateKey>
<indexColumnUsage>
<colUsage columnID="9112CFF5-5FC3-D177-8533-B2D7E3AC3936"/>
</indexColumnUsage>
</ind_PK_UK>
<ind_PK_UK id="1028F8B5-9257-998B-3F28-00A8AB4DACA5" name="Klijent_Pol_FK">
<createdBy>helena</createdBy>
<createdTime>2024-11-25 16:23:55 UTC</createdTime>
<ownerDesignName>n8</ownerDesignName>
<indexState>Foreign Key</indexState>
<isSurrogateKey>false</isSurrogateKey>
<indexColumnUsage>
<colUsage columnID="3B6B073F-8A85-ED08-326A-0FE8C0F3B55D"/>
</indexColumnUsage>
</ind_PK_UK>
</indexes>
</Table>