<?xml version = '1.0' encoding = 'UTF-8'?>
<Table class="oracle.dbtools.crest.model.design.relational.Table" directorySegmentName="seg_0" id="83E68447-7580-1EF0-1BE3-93EA2691F1A5" name="Racun_strani">
<createdBy>helena</createdBy>
<createdTime>2024-11-25 17:44:35 UTC</createdTime>
<ownerDesignName>n8</ownerDesignName>
<ordsAlias>table_45</ordsAlias>
<allowColumnReorder>false</allowColumnReorder>
<existDependencyGenerateInDDl>true</existDependencyGenerateInDDl>
<parsed>true</parsed>
<columns itemClass="oracle.dbtools.crest.model.design.relational.Column">
<Column name="racun_id" id="4EA01287-EB88-226F-D111-3D25F3F3D350">
<createdBy>helena</createdBy>
<createdTime>2024-11-25 17:49:40 UTC</createdTime>
<ownerDesignName>n8</ownerDesignName>
<useDomainConstraints>false</useDomainConstraints>
<use>1</use>
<logicalDatatype>LOGDT011</logicalDatatype>
<ownDataTypeParameters>,,</ownDataTypeParameters>
<autoIncrementCycle>false</autoIncrementCycle>
</Column>
<Column name="stanje_racuna" id="DAD30349-87B5-D1F2-1080-6B378CBB37D6">
<createdBy>helena</createdBy>
<createdTime>2024-11-25 17:49:40 UTC</createdTime>
<ownerDesignName>n8</ownerDesignName>
<useDomainConstraints>false</useDomainConstraints>
<use>1</use>
<logicalDatatype>LOGDT019</logicalDatatype>
<ownDataTypeParameters>,,</ownDataTypeParameters>
<autoIncrementCycle>false</autoIncrementCycle>
</Column>
<Column name="banka_strana_id" id="A4769624-861B-6AB7-572B-C43A35BD44E4">
<createdBy>helena</createdBy>
<createdTime>2024-11-25 17:49:40 UTC</createdTime>
<ownerDesignName>n8</ownerDesignName>
<useDomainConstraints>false</useDomainConstraints>
<use>1</use>
<logicalDatatype>LOGDT011</logicalDatatype>
<ownDataTypeParameters>,,</ownDataTypeParameters>
<autoIncrementCycle>false</autoIncrementCycle>
<associations>
<colAssociation fkAssociation="8ECE7AE2-3558-86BE-5A30-6E0195E220BE" referredColumn="F3CF1120-E76E-E760-D0F4-C2F797110149"/>
</associations>
</Column>
</columns>
<indexes itemClass="oracle.dbtools.crest.model.design.relational.Index">
<ind_PK_UK id="D84573A3-F519-2310-C259-F19547A9B439" name="Racun_strani_PK">
<createdBy>helena</createdBy>
<createdTime>2024-11-25 17:53:16 UTC</createdTime>
<ownerDesignName>n8</ownerDesignName>
<pk>true</pk>
<indexState>Primary Constraint</indexState>
<isSurrogateKey>false</isSurrogateKey>
<indexColumnUsage>
<colUsage columnID="4EA01287-EB88-226F-D111-3D25F3F3D350"/>
</indexColumnUsage>
</ind_PK_UK>
<ind_PK_UK id="C2E7A2EE-0CFD-9772-560C-E1C91F1E8532" name="Racun_strani_Banka_strana_FK">
<createdBy>helena</createdBy>
<createdTime>2024-11-25 17:53:00 UTC</createdTime>
<ownerDesignName>n8</ownerDesignName>
<indexState>Foreign Key</indexState>
<isSurrogateKey>false</isSurrogateKey>
<indexColumnUsage>
<colUsage columnID="A4769624-861B-6AB7-572B-C43A35BD44E4"/>
</indexColumnUsage>
</ind_PK_UK>
</indexes>
</Table>