<?xml version = '1.0' encoding = 'UTF-8'?>
<Table class="oracle.dbtools.crest.model.design.relational.Table" directorySegmentName="seg_0" id="A306EAB8-4C0A-66AA-19B7-442B8AF978DB" name="Zirant">
<createdBy>helena</createdBy>
<createdTime>2024-11-27 20:51:12 UTC</createdTime>
<ownerDesignName>n8</ownerDesignName>
<ordsAlias>table_58</ordsAlias>
<allowColumnReorder>false</allowColumnReorder>
<existDependencyGenerateInDDl>true</existDependencyGenerateInDDl>
<parsed>true</parsed>
<columns itemClass="oracle.dbtools.crest.model.design.relational.Column">
<Column name="zirant_id" id="8094A205-A01D-4191-D665-30EF87D480E9">
<createdBy>helena</createdBy>
<createdTime>2024-11-27 20:51:37 UTC</createdTime>
<ownerDesignName>n8</ownerDesignName>
<useDomainConstraints>false</useDomainConstraints>
<use>1</use>
<logicalDatatype>LOGDT011</logicalDatatype>
<ownDataTypeParameters>,,</ownDataTypeParameters>
<autoIncrementCycle>false</autoIncrementCycle>
</Column>
<Column name="ime" id="BBAD2561-86F0-8182-8137-FE27235F7F72">
<createdBy>helena</createdBy>
<createdTime>2024-11-27 20:53:23 UTC</createdTime>
<ownerDesignName>n8</ownerDesignName>
<useDomainConstraints>false</useDomainConstraints>
<use>1</use>
<logicalDatatype>LOGDT024</logicalDatatype>
<dataTypeSize>30</dataTypeSize>
<ownDataTypeParameters>30,,</ownDataTypeParameters>
<autoIncrementCycle>false</autoIncrementCycle>
</Column>
<Column name="prezime" id="F428092E-3674-DF5B-17AC-4A8BA820DFF0">
<createdBy>helena</createdBy>
<createdTime>2024-11-27 20:53:23 UTC</createdTime>
<ownerDesignName>n8</ownerDesignName>
<useDomainConstraints>false</useDomainConstraints>
<use>1</use>
<logicalDatatype>LOGDT024</logicalDatatype>
<dataTypeSize>30</dataTypeSize>
<ownDataTypeParameters>30,,</ownDataTypeParameters>
<autoIncrementCycle>false</autoIncrementCycle>
</Column>
<Column name="jmbg" id="C0B04CC7-E655-6922-49C6-3440EA5EFEE2">
<createdBy>helena</createdBy>
<createdTime>2024-11-27 20:53:23 UTC</createdTime>
<ownerDesignName>n8</ownerDesignName>
<useDomainConstraints>false</useDomainConstraints>
<use>1</use>
<logicalDatatype>LOGDT011</logicalDatatype>
<ownDataTypeParameters>,,</ownDataTypeParameters>
<autoIncrementCycle>false</autoIncrementCycle>
</Column>
<Column name="datum_rodjenja" id="9E0074E2-25C3-8558-26E8-C7EF29FAB85E">
<createdBy>helena</createdBy>
<createdTime>2024-11-27 20:53:23 UTC</createdTime>
<ownerDesignName>n8</ownerDesignName>
<useDomainConstraints>false</useDomainConstraints>
<use>1</use>
<logicalDatatype>LOGDT007</logicalDatatype>
<ownDataTypeParameters>,,</ownDataTypeParameters>
<autoIncrementCycle>false</autoIncrementCycle>
</Column>
<Column name="pol_id" id="1EEB88C8-73FA-2677-52BB-A9097B2B400E">
<createdBy>helena</createdBy>
<createdTime>2024-11-27 20:53:23 UTC</createdTime>
<ownerDesignName>n8</ownerDesignName>
<useDomainConstraints>false</useDomainConstraints>
<use>1</use>
<logicalDatatype>LOGDT011</logicalDatatype>
<ownDataTypeParameters>,,</ownDataTypeParameters>
<autoIncrementCycle>false</autoIncrementCycle>
<associations>
<colAssociation fkAssociation="6FAADD87-FED8-B9DD-03A9-D8A0EEA3E1C9" referredColumn="ECEBD669-3C00-EDC0-B96F-CFE829BAA9EF"/>
</associations>
</Column>
<Column name="grad_id" id="5D99645D-BF89-2255-79EC-939619984ABC">
<createdBy>helena</createdBy>
<createdTime>2024-11-27 20:53:23 UTC</createdTime>
<ownerDesignName>n8</ownerDesignName>
<useDomainConstraints>false</useDomainConstraints>
<use>1</use>
<logicalDatatype>LOGDT011</logicalDatatype>
<ownDataTypeParameters>,,</ownDataTypeParameters>
<autoIncrementCycle>false</autoIncrementCycle>
<associations>
<colAssociation fkAssociation="27B40EBF-0709-5B3B-44C2-A85C250820C6" referredColumn="12A40850-6E82-F20C-79B4-2EBE0179A4D8"/>
</associations>
</Column>
</columns>
<indexes itemClass="oracle.dbtools.crest.model.design.relational.Index">
<ind_PK_UK id="8B8B82D0-BEFB-1A53-696E-37F28C33F251" name="Zirant_PK">
<createdBy>helena</createdBy>
<createdTime>2024-11-27 20:51:37 UTC</createdTime>
<ownerDesignName>n8</ownerDesignName>
<pk>true</pk>
<indexState>Primary Constraint</indexState>
<isSurrogateKey>false</isSurrogateKey>
<indexColumnUsage>
<colUsage columnID="8094A205-A01D-4191-D665-30EF87D480E9"/>
</indexColumnUsage>
</ind_PK_UK>
<ind_PK_UK id="7D93DA37-AA2E-FAA3-FC78-8EC1272098A9" name="Zirant_Grad_FK">
<createdBy>helena</createdBy>
<createdTime>2024-11-27 20:53:32 UTC</createdTime>
<ownerDesignName>n8</ownerDesignName>
<indexState>Foreign Key</indexState>
<isSurrogateKey>false</isSurrogateKey>
<indexColumnUsage>
<colUsage columnID="5D99645D-BF89-2255-79EC-939619984ABC"/>
</indexColumnUsage>
</ind_PK_UK>
<ind_PK_UK id="476EA580-7227-6E95-5920-A0E85B097D34" name="Zirant_Pol_FK">
<createdBy>helena</createdBy>
<createdTime>2024-11-27 20:53:41 UTC</createdTime>
<ownerDesignName>n8</ownerDesignName>
<indexState>Foreign Key</indexState>
<isSurrogateKey>false</isSurrogateKey>
<indexColumnUsage>
<colUsage columnID="1EEB88C8-73FA-2677-52BB-A9097B2B400E"/>
</indexColumnUsage>
</ind_PK_UK>
</indexes>
</Table>