<?xml version = '1.0' encoding = 'UTF-8'?>
<Table class="oracle.dbtools.crest.model.design.relational.Table" directorySegmentName="seg_0" id="B5FF948E-1E03-E20D-C6C0-3DBB04DAA39B" name="Racun_banka">
<createdBy>helena</createdBy>
<createdTime>2024-11-27 20:54:47 UTC</createdTime>
<ownerDesignName>n8</ownerDesignName>
<ordsAlias>table_59</ordsAlias>
<allowColumnReorder>false</allowColumnReorder>
<existDependencyGenerateInDDl>true</existDependencyGenerateInDDl>
<parsed>true</parsed>
<columns itemClass="oracle.dbtools.crest.model.design.relational.Column">
<Column name="racun_banka_id" id="9439867E-7BC5-48FD-F651-65461FACB1E3">
<createdBy>helena</createdBy>
<createdTime>2024-11-27 20:55:28 UTC</createdTime>
<ownerDesignName>n8</ownerDesignName>
<useDomainConstraints>false</useDomainConstraints>
<use>1</use>
<ownDataTypeParameters>,,</ownDataTypeParameters>
<autoIncrementCycle>false</autoIncrementCycle>
</Column>
</columns>
<indexes itemClass="oracle.dbtools.crest.model.design.relational.Index">
<ind_PK_UK id="46C648F0-817C-6861-3067-55CED6D1A7DC" name="Racun_banka_PK">
<createdBy>helena</createdBy>
<createdTime>2024-11-27 20:55:28 UTC</createdTime>
<ownerDesignName>n8</ownerDesignName>
<pk>true</pk>
<indexState>Primary Constraint</indexState>
<isSurrogateKey>false</isSurrogateKey>
<indexColumnUsage>
<colUsage columnID="9439867E-7BC5-48FD-F651-65461FACB1E3"/>
</indexColumnUsage>
</ind_PK_UK>
</indexes>
</Table>