<?xml version = '1.0' encoding = 'UTF-8'?>
<Table class="oracle.dbtools.crest.model.design.relational.Table" directorySegmentName="seg_0" id="B695827C-CEBC-EDCD-F139-EE3B4FAB8D10" name="Tip_kartica">
<createdBy>helena</createdBy>
<createdTime>2024-11-25 17:59:21 UTC</createdTime>
<ownerDesignName>n8</ownerDesignName>
<ordsAlias>table_48</ordsAlias>
<allowColumnReorder>false</allowColumnReorder>
<existDependencyGenerateInDDl>true</existDependencyGenerateInDDl>
<parsed>true</parsed>
<columns itemClass="oracle.dbtools.crest.model.design.relational.Column">
<Column name="tip_id" id="C5D33912-EE5C-4D5A-B523-1E76C5DC0EE6">
<createdBy>helena</createdBy>
<createdTime>2024-11-25 18:00:21 UTC</createdTime>
<ownerDesignName>n8</ownerDesignName>
<useDomainConstraints>false</useDomainConstraints>
<use>1</use>
<logicalDatatype>LOGDT011</logicalDatatype>
<ownDataTypeParameters>,,</ownDataTypeParameters>
<autoIncrementCycle>false</autoIncrementCycle>
</Column>
<Column name="naziv" id="11FCEE0B-6129-BB83-E982-40D072CFFAA2">
<createdBy>helena</createdBy>
<createdTime>2024-11-25 18:00:21 UTC</createdTime>
<ownerDesignName>n8</ownerDesignName>
<useDomainConstraints>false</useDomainConstraints>
<use>1</use>
<logicalDatatype>LOGDT024</logicalDatatype>
<dataTypeSize>30</dataTypeSize>
<ownDataTypeParameters>30,,</ownDataTypeParameters>
<autoIncrementCycle>false</autoIncrementCycle>
</Column>
</columns>
<indexes itemClass="oracle.dbtools.crest.model.design.relational.Index">
<ind_PK_UK id="8871439D-146A-CDBC-488F-830618283F1F" name="Tip_kartica_PK">
<createdBy>helena</createdBy>
<createdTime>2024-11-25 18:00:21 UTC</createdTime>
<ownerDesignName>n8</ownerDesignName>
<pk>true</pk>
<indexState>Primary Constraint</indexState>
<isSurrogateKey>false</isSurrogateKey>
<indexColumnUsage>
<colUsage columnID="C5D33912-EE5C-4D5A-B523-1E76C5DC0EE6"/>
</indexColumnUsage>
</ind_PK_UK>
</indexes>
</Table>