<?xml version = '1.0' encoding = 'UTF-8'?>
<Table class="oracle.dbtools.crest.model.design.relational.Table" directorySegmentName="seg_0" id="C58B0375-45FC-17A3-88B9-2EF76E336C97" name="Odeljenje_nadredjeni">
<createdBy>Matija</createdBy>
<createdTime>2024-10-29 16:25:17 UTC</createdTime>
<ownerDesignName>n8</ownerDesignName>
<ordsAlias>table_44</ordsAlias>
<allowColumnReorder>false</allowColumnReorder>
<existDependencyGenerateInDDl>true</existDependencyGenerateInDDl>
<parsed>true</parsed>
<columns itemClass="oracle.dbtools.crest.model.design.relational.Column">
<Column name="odeljenje_nadredjeni_id" id="C3BE95A4-B71D-111A-9508-9708773274D3">
<createdBy>Matija</createdBy>
<createdTime>2024-10-29 16:27:17 UTC</createdTime>
<ownerDesignName>n8</ownerDesignName>
<useDomainConstraints>false</useDomainConstraints>
<use>1</use>
<logicalDatatype>LOGDT011</logicalDatatype>
<ownDataTypeParameters>,,</ownDataTypeParameters>
<autoIncrementCycle>false</autoIncrementCycle>
</Column>
<Column name="odeljenje_id" id="63B3A701-0C16-6EA6-F094-3737489E2BBD">
<createdBy>Matija</createdBy>
<createdTime>2024-10-29 16:27:17 UTC</createdTime>
<ownerDesignName>n8</ownerDesignName>
<useDomainConstraints>false</useDomainConstraints>
<use>1</use>
<logicalDatatype>LOGDT011</logicalDatatype>
<ownDataTypeParameters>,,</ownDataTypeParameters>
<autoIncrementCycle>false</autoIncrementCycle>
<associations>
<colAssociation fkAssociation="4C732FE8-081B-CB43-2365-3F864DE0E688" referredColumn="1BC98126-4FCA-4073-17AA-14358F4B0BE5"/>
</associations>
</Column>
<Column name="nadredjeni_id" id="801D217C-57CE-8557-AFD2-CD3BA0D46E88">
<createdBy>Matija</createdBy>
<createdTime>2024-10-29 16:28:14 UTC</createdTime>
<ownerDesignName>n8</ownerDesignName>
<useDomainConstraints>false</useDomainConstraints>
<use>1</use>
<logicalDatatype>LOGDT011</logicalDatatype>
<ownDataTypeParameters>,,</ownDataTypeParameters>
<autoIncrementCycle>false</autoIncrementCycle>
<associations>
<colAssociation fkAssociation="0B197E9B-5515-6BDA-68AE-5C7E9563F2D1" referredColumn="7A9532CB-D3B4-421A-2BD7-442D785D6D7B"/>
</associations>
</Column>
</columns>
<indexes itemClass="oracle.dbtools.crest.model.design.relational.Index">
<ind_PK_UK id="9EFF9C01-2100-63C8-D661-6E4CFACF96F4" name="Odeljenje_nadredjeni_PK">
<createdBy>Matija</createdBy>
<createdTime>2024-10-29 16:27:17 UTC</createdTime>
<ownerDesignName>n8</ownerDesignName>
<pk>true</pk>
<indexState>Primary Constraint</indexState>
<isSurrogateKey>false</isSurrogateKey>
<indexColumnUsage>
<colUsage columnID="C3BE95A4-B71D-111A-9508-9708773274D3"/>
</indexColumnUsage>
</ind_PK_UK>
<ind_PK_UK id="9D448D70-76E9-2614-0F7C-C1CE3FD59926" name="Odeljenje_nadredjeni_Nadredjeni_FK">
<createdBy>Matija</createdBy>
<createdTime>2024-10-29 16:28:14 UTC</createdTime>
<ownerDesignName>n8</ownerDesignName>
<indexState>Foreign Key</indexState>
<isSurrogateKey>false</isSurrogateKey>
<indexColumnUsage>
<colUsage columnID="801D217C-57CE-8557-AFD2-CD3BA0D46E88"/>
</indexColumnUsage>
</ind_PK_UK>
<ind_PK_UK id="79E6D300-2DEE-2961-6A06-F6DDE21E24DD" name="Odeljenje_nadredjeni_Odeljenje_FK">
<createdBy>Matija</createdBy>
<createdTime>2024-10-29 16:28:30 UTC</createdTime>
<ownerDesignName>n8</ownerDesignName>
<indexState>Foreign Key</indexState>
<isSurrogateKey>false</isSurrogateKey>
<indexColumnUsage>
<colUsage columnID="63B3A701-0C16-6EA6-F094-3737489E2BBD"/>
</indexColumnUsage>
</ind_PK_UK>
</indexes>
</Table>