<?xml version = '1.0' encoding = 'UTF-8'?>
<Table class="oracle.dbtools.crest.model.design.relational.Table" directorySegmentName="seg_0" id="C85C25FA-9F53-8422-3788-38AF5F001123" name="Podredjeni">
<createdBy>Matija</createdBy>
<createdTime>2024-10-29 15:58:57 UTC</createdTime>
<ownerDesignName>n8</ownerDesignName>
<ordsAlias>table_41</ordsAlias>
<allowColumnReorder>false</allowColumnReorder>
<existDependencyGenerateInDDl>true</existDependencyGenerateInDDl>
<parsed>true</parsed>
<columns itemClass="oracle.dbtools.crest.model.design.relational.Column">
<Column name="osoba_id" id="6ED572BE-EC39-4A01-6DA7-04CA1D9A76AE">
<createdBy>Matija</createdBy>
<createdTime>2024-10-29 16:21:06 UTC</createdTime>
<ownerDesignName>n8</ownerDesignName>
<useDomainConstraints>false</useDomainConstraints>
<use>1</use>
<logicalDatatype>LOGDT011</logicalDatatype>
<ownDataTypeParameters>,,</ownDataTypeParameters>
<autoIncrementCycle>false</autoIncrementCycle>
</Column>
<Column name="Radnik_radnik_id" id="5FF00744-1BCD-18A8-BA9C-CA8C7ABCBE74">
<createdBy>helena</createdBy>
<createdTime>2024-11-25 16:20:25 UTC</createdTime>
<ownerDesignName>n8</ownerDesignName>
<useDomainConstraints>false</useDomainConstraints>
<use>1</use>
<logicalDatatype>LOGDT011</logicalDatatype>
<ownDataTypeParameters>,,</ownDataTypeParameters>
<previousColumn>false</previousColumn>
<autoIncrementCycle>false</autoIncrementCycle>
<associations>
<colAssociation fkAssociation="4854D5B9-0E10-DF70-6F36-6AF358FFDC58" referredColumn="DA34086A-298E-EA7A-EA52-8B0541D8708A"/>
</associations>
</Column>
</columns>
<indexes itemClass="oracle.dbtools.crest.model.design.relational.Index">
<ind_PK_UK id="2701E71F-B94D-6F25-4F8B-DFD2A15C9295" name="Podredjeni_PK">
<createdBy>Matija</createdBy>
<createdTime>2024-10-29 16:21:30 UTC</createdTime>
<ownerDesignName>n8</ownerDesignName>
<pk>true</pk>
<indexState>Primary Constraint</indexState>
<isSurrogateKey>false</isSurrogateKey>
<indexColumnUsage>
<colUsage columnID="6ED572BE-EC39-4A01-6DA7-04CA1D9A76AE"/>
</indexColumnUsage>
</ind_PK_UK>
<ind_PK_UK id="112AFC3D-19F1-A4B4-B6CD-5663A668376C" name="Podredjeni_Radnik_FK">
<createdBy>Matija</createdBy>
<createdTime>2024-10-29 16:21:06 UTC</createdTime>
<ownerDesignName>n8</ownerDesignName>
<indexState>Foreign Key</indexState>
<isSurrogateKey>false</isSurrogateKey>
<indexColumnUsage>
<colUsage columnID="5FF00744-1BCD-18A8-BA9C-CA8C7ABCBE74"/>
</indexColumnUsage>
</ind_PK_UK>
</indexes>
</Table>