<?xml version = '1.0' encoding = 'UTF-8'?>
<Table class="oracle.dbtools.crest.model.design.relational.Table" directorySegmentName="seg_0" id="CF7F268D-9A94-EF81-51E9-C40239037B4C" name="Kredit">
<createdBy>helena</createdBy>
<createdTime>2024-11-27 20:57:55 UTC</createdTime>
<ownerDesignName>n8</ownerDesignName>
<ordsAlias>table_61</ordsAlias>
<allowColumnReorder>false</allowColumnReorder>
<existDependencyGenerateInDDl>true</existDependencyGenerateInDDl>
<parsed>true</parsed>
<columns itemClass="oracle.dbtools.crest.model.design.relational.Column">
<Column name="kredit_id" id="B015D34D-592A-C08F-739A-9E1CB9171630">
<createdBy>helena</createdBy>
<createdTime>2024-11-27 20:59:28 UTC</createdTime>
<ownerDesignName>n8</ownerDesignName>
<useDomainConstraints>false</useDomainConstraints>
<use>1</use>
<logicalDatatype>LOGDT011</logicalDatatype>
<ownDataTypeParameters>,,</ownDataTypeParameters>
<autoIncrementCycle>false</autoIncrementCycle>
<associations>
<colAssociation fkAssociation="D937C462-23F2-5EE4-9636-87E34B390469" referredColumn="F8AFEFD6-29B7-DE08-D8AD-C25679348979"/>
</associations>
</Column>
<Column name="tip_kredit" id="DC1F3F40-05A0-B05B-ED91-EC7B7177E901">
<createdBy>helena</createdBy>
<createdTime>2024-11-27 20:59:28 UTC</createdTime>
<ownerDesignName>n8</ownerDesignName>
<useDomainConstraints>false</useDomainConstraints>
<use>1</use>
<logicalDatatype>LOGDT011</logicalDatatype>
<ownDataTypeParameters>,,</ownDataTypeParameters>
<autoIncrementCycle>false</autoIncrementCycle>
</Column>
<Column name="iznos" id="013585C1-C987-0236-A019-05FBC33502FE">
<createdBy>helena</createdBy>
<createdTime>2024-11-27 20:59:28 UTC</createdTime>
<ownerDesignName>n8</ownerDesignName>
<useDomainConstraints>false</useDomainConstraints>
<use>1</use>
<logicalDatatype>LOGDT019</logicalDatatype>
<ownDataTypeParameters>,,</ownDataTypeParameters>
<autoIncrementCycle>false</autoIncrementCycle>
</Column>
<Column name="klijent_id" id="FBEEEF14-A6CC-372C-665C-0A8E7E95AC32">
<createdBy>helena</createdBy>
<createdTime>2024-11-27 20:59:28 UTC</createdTime>
<ownerDesignName>n8</ownerDesignName>
<useDomainConstraints>false</useDomainConstraints>
<use>1</use>
<logicalDatatype>LOGDT011</logicalDatatype>
<ownDataTypeParameters>,,</ownDataTypeParameters>
<autoIncrementCycle>false</autoIncrementCycle>
<associations>
<colAssociation fkAssociation="C6C2970E-3317-391A-19B6-5AAA61F9DF57" referredColumn="9112CFF5-5FC3-D177-8533-B2D7E3AC3936"/>
</associations>
</Column>
</columns>
<indexes itemClass="oracle.dbtools.crest.model.design.relational.Index">
<ind_PK_UK id="45B4C3AC-7876-285B-F418-FFF2F171E8DA" name="Kredit_PK">
<createdBy>helena</createdBy>
<createdTime>2024-11-27 20:59:28 UTC</createdTime>
<ownerDesignName>n8</ownerDesignName>
<pk>true</pk>
<indexState>Primary Constraint</indexState>
<isSurrogateKey>false</isSurrogateKey>
<indexColumnUsage>
<colUsage columnID="B015D34D-592A-C08F-739A-9E1CB9171630"/>
</indexColumnUsage>
</ind_PK_UK>
<ind_PK_UK id="2B553480-B8AE-FB0A-287E-FF333315C7D3" name="Kredit_Tip_kredit_FK">
<createdBy>helena</createdBy>
<createdTime>2024-11-27 21:00:57 UTC</createdTime>
<ownerDesignName>n8</ownerDesignName>
<indexState>Foreign Key</indexState>
<isSurrogateKey>false</isSurrogateKey>
<indexColumnUsage>
<colUsage columnID="B015D34D-592A-C08F-739A-9E1CB9171630"/>
</indexColumnUsage>
</ind_PK_UK>
<ind_PK_UK id="C08ACE18-9390-ACE6-E5F7-438A4A099219" name="Kredit_Klijent_FK">
<createdBy>helena</createdBy>
<createdTime>2024-11-27 21:00:57 UTC</createdTime>
<ownerDesignName>n8</ownerDesignName>
<indexState>Foreign Key</indexState>
<isSurrogateKey>false</isSurrogateKey>
<indexColumnUsage>
<colUsage columnID="FBEEEF14-A6CC-372C-665C-0A8E7E95AC32"/>
</indexColumnUsage>
</ind_PK_UK>
</indexes>
</Table>