<?xml version = '1.0' encoding = 'UTF-8'?>
<Table class="oracle.dbtools.crest.model.design.relational.Table" directorySegmentName="seg_0" id="D12FDC46-5A6B-E392-0829-F4CB7F179E00" name="Racun_racun">
<createdBy>helena</createdBy>
<createdTime>2024-11-25 17:10:30 UTC</createdTime>
<ownerDesignName>n8</ownerDesignName>
<ordsAlias>table_40</ordsAlias>
<allowColumnReorder>false</allowColumnReorder>
<existDependencyGenerateInDDl>true</existDependencyGenerateInDDl>
<parsed>true</parsed>
<columns itemClass="oracle.dbtools.crest.model.design.relational.Column">
<Column name="racun_racun_id" id="8BE0A81D-C52A-A8B9-BF96-257D8CDE6473">
<createdBy>helena</createdBy>
<createdTime>2024-11-25 17:15:22 UTC</createdTime>
<ownerDesignName>n8</ownerDesignName>
<useDomainConstraints>false</useDomainConstraints>
<use>1</use>
<logicalDatatype>LOGDT011</logicalDatatype>
<ownDataTypeParameters>,,</ownDataTypeParameters>
<autoIncrementCycle>false</autoIncrementCycle>
</Column>
<Column name="racun_id_od" id="57D9DB29-EA89-1CC6-2026-1901418A22E9">
<createdBy>helena</createdBy>
<createdTime>2024-11-25 17:13:05 UTC</createdTime>
<ownerDesignName>n8</ownerDesignName>
<useDomainConstraints>false</useDomainConstraints>
<use>1</use>
<logicalDatatype>LOGDT011</logicalDatatype>
<ownDataTypeParameters>,,</ownDataTypeParameters>
<autoIncrementCycle>false</autoIncrementCycle>
<associations>
<colAssociation fkAssociation="91082C2D-4B71-4533-4BAC-58C236C36831" referredColumn="3C189C4F-18AA-6E30-181F-D3781BAAE7A1"/>
</associations>
</Column>
<Column name="racun_id_do" id="A9E4DDF5-7742-C9C0-5B2F-085287269453">
<createdBy>helena</createdBy>
<createdTime>2024-11-25 17:13:05 UTC</createdTime>
<ownerDesignName>n8</ownerDesignName>
<useDomainConstraints>false</useDomainConstraints>
<use>1</use>
<logicalDatatype>LOGDT011</logicalDatatype>
<ownDataTypeParameters>,,</ownDataTypeParameters>
<autoIncrementCycle>false</autoIncrementCycle>
<associations>
<colAssociation fkAssociation="C19D1E68-D201-BF9A-EA0F-0021E5F646A6" referredColumn="3C189C4F-18AA-6E30-181F-D3781BAAE7A1"/>
</associations>
</Column>
<Column name="iznos" id="36214EF8-4262-EF7B-D59E-B07CC337A47B">
<createdBy>helena</createdBy>
<createdTime>2024-11-25 17:13:05 UTC</createdTime>
<ownerDesignName>n8</ownerDesignName>
<useDomainConstraints>false</useDomainConstraints>
<use>1</use>
<logicalDatatype>LOGDT019</logicalDatatype>
<ownDataTypeParameters>,,</ownDataTypeParameters>
<autoIncrementCycle>false</autoIncrementCycle>
</Column>
</columns>
<indexes itemClass="oracle.dbtools.crest.model.design.relational.Index">
<ind_PK_UK id="BA7A67BC-5A21-F946-F0BD-47AA7B06DCE9" name="Racun_racun_PK">
<createdBy>helena</createdBy>
<createdTime>2024-11-25 17:13:05 UTC</createdTime>
<ownerDesignName>n8</ownerDesignName>
<pk>true</pk>
<indexState>Primary Constraint</indexState>
<isSurrogateKey>false</isSurrogateKey>
<indexColumnUsage>
<colUsage columnID="8BE0A81D-C52A-A8B9-BF96-257D8CDE6473"/>
</indexColumnUsage>
</ind_PK_UK>
<ind_PK_UK id="2656F6CF-0AC9-FBB7-392A-C4549CCE2124" name="TABLE_40_Racun_FK">
<createdBy>helena</createdBy>
<createdTime>2024-11-25 17:13:05 UTC</createdTime>
<ownerDesignName>n8</ownerDesignName>
<indexState>Foreign Key</indexState>
<isSurrogateKey>false</isSurrogateKey>
<indexColumnUsage>
<colUsage columnID="57D9DB29-EA89-1CC6-2026-1901418A22E9"/>
</indexColumnUsage>
</ind_PK_UK>
<ind_PK_UK id="F6257B8F-ED8D-26DD-A438-EC441EF68B22" name="TABLE_40_Racun_FKv1">
<createdBy>helena</createdBy>
<createdTime>2024-11-25 17:13:05 UTC</createdTime>
<ownerDesignName>n8</ownerDesignName>
<indexState>Foreign Key</indexState>
<isSurrogateKey>false</isSurrogateKey>
<indexColumnUsage>
<colUsage columnID="A9E4DDF5-7742-C9C0-5B2F-085287269453"/>
</indexColumnUsage>
</ind_PK_UK>
</indexes>
</Table>