<?xml version = '1.0' encoding = 'UTF-8'?>
<Table class="oracle.dbtools.crest.model.design.relational.Table" directorySegmentName="seg_0" id="E47FA52A-1EB7-CD07-232E-103C0A7BA105" name="Tip_kredit">
<createdBy>helena</createdBy>
<createdTime>2024-11-27 20:59:42 UTC</createdTime>
<ownerDesignName>n8</ownerDesignName>
<ordsAlias>table_62</ordsAlias>
<allowColumnReorder>false</allowColumnReorder>
<existDependencyGenerateInDDl>true</existDependencyGenerateInDDl>
<parsed>true</parsed>
<columns itemClass="oracle.dbtools.crest.model.design.relational.Column">
<Column name="tip_id" id="F8AFEFD6-29B7-DE08-D8AD-C25679348979">
<createdBy>helena</createdBy>
<createdTime>2024-11-27 20:59:52 UTC</createdTime>
<ownerDesignName>n8</ownerDesignName>
<useDomainConstraints>false</useDomainConstraints>
<use>1</use>
<logicalDatatype>LOGDT011</logicalDatatype>
<ownDataTypeParameters>,,</ownDataTypeParameters>
<autoIncrementCycle>false</autoIncrementCycle>
</Column>
<Column name="naziv" id="A2C22106-30B3-62CA-BF07-65D0F4559713">
<createdBy>helena</createdBy>
<createdTime>2024-11-27 20:59:52 UTC</createdTime>
<ownerDesignName>n8</ownerDesignName>
<useDomainConstraints>false</useDomainConstraints>
<use>1</use>
<logicalDatatype>LOGDT024</logicalDatatype>
<dataTypeSize>30</dataTypeSize>
<ownDataTypeParameters>30,,</ownDataTypeParameters>
<autoIncrementCycle>false</autoIncrementCycle>
</Column>
</columns>
<indexes itemClass="oracle.dbtools.crest.model.design.relational.Index">
<ind_PK_UK id="7AEEF2DE-12B2-5D2C-B1F0-E0630B1A6D24" name="Tip_kredit_PK">
<createdBy>helena</createdBy>
<createdTime>2024-11-27 21:00:34 UTC</createdTime>
<ownerDesignName>n8</ownerDesignName>
<pk>true</pk>
<indexState>Primary Constraint</indexState>
<isSurrogateKey>false</isSurrogateKey>
<indexColumnUsage>
<colUsage columnID="F8AFEFD6-29B7-DE08-D8AD-C25679348979"/>
</indexColumnUsage>
</ind_PK_UK>
</indexes>
</Table>