<?xml version = '1.0' encoding = 'UTF-8'?>
<Table class="oracle.dbtools.crest.model.design.relational.Table" directorySegmentName="seg_0" id="EA13AAE5-2934-DBB9-AD0E-CD40E79AEBB5" name="Pozicija_radnik">
<createdBy>Master</createdBy>
<createdTime>2024-10-16 16:30:07 UTC</createdTime>
<ownerDesignName>n8</ownerDesignName>
<ordsAlias>table_23</ordsAlias>
<allowColumnReorder>false</allowColumnReorder>
<existDependencyGenerateInDDl>true</existDependencyGenerateInDDl>
<parsed>true</parsed>
<columns itemClass="oracle.dbtools.crest.model.design.relational.Column">
<Column name="pozicija_id" id="3BCEE412-6010-1E7D-FC34-CFEA1EA09C92">
<createdBy>Master</createdBy>
<createdTime>2024-10-16 16:31:36 UTC</createdTime>
<ownerDesignName>n8</ownerDesignName>
<useDomainConstraints>false</useDomainConstraints>
<use>1</use>
<logicalDatatype>LOGDT011</logicalDatatype>
<ownDataTypeParameters>,,</ownDataTypeParameters>
<autoIncrementCycle>false</autoIncrementCycle>
<associations>
<colAssociation fkAssociation="9C937DF9-518D-D734-10B7-EADF54C0C6DD" referredColumn="B7CA86FA-B8EA-9396-02D9-8DE8EA04EA59"/>
</associations>
</Column>
<Column name="radnik_id" id="7EE626D7-607B-C1E3-CD08-5BFD3E950C2F">
<createdBy>Master</createdBy>
<createdTime>2024-10-16 16:31:36 UTC</createdTime>
<ownerDesignName>n8</ownerDesignName>
<useDomainConstraints>false</useDomainConstraints>
<use>1</use>
<logicalDatatype>LOGDT011</logicalDatatype>
<ownDataTypeParameters>,,</ownDataTypeParameters>
<autoIncrementCycle>false</autoIncrementCycle>
</Column>
<Column name="datum_od" id="17017E6C-A534-2676-71F4-FF112D9794C3">
<createdBy>Master</createdBy>
<createdTime>2024-10-16 16:31:36 UTC</createdTime>
<ownerDesignName>n8</ownerDesignName>
<useDomainConstraints>false</useDomainConstraints>
<use>1</use>
<logicalDatatype>LOGDT007</logicalDatatype>
<ownDataTypeParameters>,,</ownDataTypeParameters>
<autoIncrementCycle>false</autoIncrementCycle>
</Column>
<Column name="datum_do" id="3D1990CB-9E20-EBBA-4A0E-DE83F4A9853C">
<createdBy>Master</createdBy>
<createdTime>2024-10-16 16:31:36 UTC</createdTime>
<ownerDesignName>n8</ownerDesignName>
<useDomainConstraints>false</useDomainConstraints>
<use>1</use>
<logicalDatatype>LOGDT007</logicalDatatype>
<ownDataTypeParameters>,,</ownDataTypeParameters>
<autoIncrementCycle>false</autoIncrementCycle>
</Column>
<Column name="Radnik_radnik_id" id="D9165AA4-0E63-F9DD-E73C-687F4F95A51B">
<createdBy>helena</createdBy>
<createdTime>2024-11-25 16:20:25 UTC</createdTime>
<ownerDesignName>n8</ownerDesignName>
<useDomainConstraints>false</useDomainConstraints>
<use>1</use>
<logicalDatatype>LOGDT011</logicalDatatype>
<ownDataTypeParameters>,,</ownDataTypeParameters>
<previousColumn>false</previousColumn>
<autoIncrementCycle>false</autoIncrementCycle>
<associations>
<colAssociation fkAssociation="DFF6C44F-71E7-A85A-F8DD-F9AC3AA7F65F" referredColumn="DA34086A-298E-EA7A-EA52-8B0541D8708A"/>
</associations>
</Column>
</columns>
<indexes itemClass="oracle.dbtools.crest.model.design.relational.Index">
<ind_PK_UK id="B8892A23-D22B-6A3F-01B7-5CB7BD6ADD66" name="pozicija_radnik_PK">
<createdBy>Master</createdBy>
<createdTime>2024-10-16 16:31:36 UTC</createdTime>
<ownerDesignName>n8</ownerDesignName>
<pk>true</pk>
<indexState>Primary Constraint</indexState>
<isSurrogateKey>false</isSurrogateKey>
<indexColumnUsage>
<colUsage columnID="3BCEE412-6010-1E7D-FC34-CFEA1EA09C92"/>
<colUsage columnID="7EE626D7-607B-C1E3-CD08-5BFD3E950C2F"/>
<colUsage columnID="17017E6C-A534-2676-71F4-FF112D9794C3"/>
</indexColumnUsage>
</ind_PK_UK>
<ind_PK_UK id="34D55933-A3AB-F1D7-43AF-E686A62F99B2" name="pozicija_radnik_Pozicija_FK">
<createdBy>Master</createdBy>
<createdTime>2024-10-16 16:32:01 UTC</createdTime>
<ownerDesignName>n8</ownerDesignName>
<indexState>Foreign Key</indexState>
<isSurrogateKey>false</isSurrogateKey>
<indexColumnUsage>
<colUsage columnID="3BCEE412-6010-1E7D-FC34-CFEA1EA09C92"/>
</indexColumnUsage>
</ind_PK_UK>
<ind_PK_UK id="322C70B5-60BF-1BD6-AF5F-372382BD6D63" name="pozicija_radnik_Radnik_FK">
<createdBy>Master</createdBy>
<createdTime>2024-10-16 16:32:01 UTC</createdTime>
<ownerDesignName>n8</ownerDesignName>
<indexState>Foreign Key</indexState>
<isSurrogateKey>false</isSurrogateKey>
<indexColumnUsage>
<colUsage columnID="D9165AA4-0E63-F9DD-E73C-687F4F95A51B"/>
</indexColumnUsage>
</ind_PK_UK>
</indexes>
</Table>