<?xml version = '1.0' encoding = 'UTF-8'?>
<Table class="oracle.dbtools.crest.model.design.relational.Table" directorySegmentName="seg_0" id="ED5866A1-E5C7-55AE-55A5-F3E47BEEBE9B" name="Klijent_vrsta">
<createdBy>helena</createdBy>
<createdTime>2024-11-27 20:05:51 UTC</createdTime>
<ownerDesignName>n8</ownerDesignName>
<ordsAlias>table_49</ordsAlias>
<allowColumnReorder>false</allowColumnReorder>
<existDependencyGenerateInDDl>true</existDependencyGenerateInDDl>
<parsed>true</parsed>
<columns itemClass="oracle.dbtools.crest.model.design.relational.Column">
<Column name="klijent_vrsta_id" id="04D0F49F-2530-7478-8383-7F64EFBFE522">
<createdBy>helena</createdBy>
<createdTime>2024-11-27 20:06:36 UTC</createdTime>
<ownerDesignName>n8</ownerDesignName>
<useDomainConstraints>false</useDomainConstraints>
<use>1</use>
<logicalDatatype>LOGDT011</logicalDatatype>
<ownDataTypeParameters>,,</ownDataTypeParameters>
<autoIncrementCycle>false</autoIncrementCycle>
</Column>
<Column name="naziv" id="6A63701D-624E-4BA7-BFCE-71040B0D5497">
<createdBy>helena</createdBy>
<createdTime>2024-11-27 20:06:36 UTC</createdTime>
<ownerDesignName>n8</ownerDesignName>
<useDomainConstraints>false</useDomainConstraints>
<use>1</use>
<logicalDatatype>LOGDT024</logicalDatatype>
<dataTypeSize>30</dataTypeSize>
<ownDataTypeParameters>30,,</ownDataTypeParameters>
<autoIncrementCycle>false</autoIncrementCycle>
</Column>
</columns>
<indexes itemClass="oracle.dbtools.crest.model.design.relational.Index">
<ind_PK_UK id="50F6FDC8-7138-2AFF-6331-9A24ECF83190" name="Klijent_vrsta_PK">
<createdBy>helena</createdBy>
<createdTime>2024-11-27 20:06:36 UTC</createdTime>
<ownerDesignName>n8</ownerDesignName>
<pk>true</pk>
<indexState>Primary Constraint</indexState>
<isSurrogateKey>false</isSurrogateKey>
<indexColumnUsage>
<colUsage columnID="04D0F49F-2530-7478-8383-7F64EFBFE522"/>
</indexColumnUsage>
</ind_PK_UK>
</indexes>
</Table>