<?xml version = '1.0' encoding = 'UTF-8'?>
<Table class="oracle.dbtools.crest.model.design.relational.Table" directorySegmentName="seg_0" id="EDEDF439-EEDA-BC41-D773-CB5538180796" name="Transakcija">
<createdBy>Master</createdBy>
<createdTime>2024-10-16 16:49:46 UTC</createdTime>
<ownerDesignName>n8</ownerDesignName>
<ordsAlias>table_28</ordsAlias>
<allowColumnReorder>false</allowColumnReorder>
<existDependencyGenerateInDDl>true</existDependencyGenerateInDDl>
<parsed>true</parsed>
<columns itemClass="oracle.dbtools.crest.model.design.relational.Column">
<Column name="transakcija_id" id="BE21734C-7FE2-9706-6464-923924C900E4">
<createdBy>Master</createdBy>
<createdTime>2024-10-16 16:52:16 UTC</createdTime>
<ownerDesignName>n8</ownerDesignName>
<useDomainConstraints>false</useDomainConstraints>
<use>1</use>
<logicalDatatype>LOGDT011</logicalDatatype>
<ownDataTypeParameters>,,</ownDataTypeParameters>
<autoIncrementCycle>false</autoIncrementCycle>
</Column>
<Column name="datum" id="D1E30FA5-69EA-ED1C-1228-523821367EE2">
<createdBy>Master</createdBy>
<createdTime>2024-10-16 16:52:16 UTC</createdTime>
<ownerDesignName>n8</ownerDesignName>
<useDomainConstraints>false</useDomainConstraints>
<use>1</use>
<logicalDatatype>LOGDT008</logicalDatatype>
<ownDataTypeParameters>,,</ownDataTypeParameters>
<autoIncrementCycle>false</autoIncrementCycle>
</Column>
<Column name="tip_transakcije_id" id="9C49F742-75F2-9F3A-A2DC-151C79AFC0AA">
<createdBy>Matija</createdBy>
<createdTime>2024-10-16 18:42:57 UTC</createdTime>
<ownerDesignName>n8</ownerDesignName>
<useDomainConstraints>false</useDomainConstraints>
<use>1</use>
<logicalDatatype>LOGDT011</logicalDatatype>
<ownDataTypeParameters>,,</ownDataTypeParameters>
<autoIncrementCycle>false</autoIncrementCycle>
<associations>
<colAssociation fkAssociation="1D3425A2-96DC-3CBB-DD55-014FEA56EE56" referredColumn="408205F4-E14C-E226-42CE-0A15F1155453"/>
</associations>
</Column>
<Column name="uplata" id="D72E800B-B426-82C6-008B-AD5A05C1E00D">
<createdBy>Master</createdBy>
<createdTime>2024-10-29 14:37:47 UTC</createdTime>
<ownerDesignName>n8</ownerDesignName>
<useDomainConstraints>false</useDomainConstraints>
<use>1</use>
<logicalDatatype>LOGDT006</logicalDatatype>
<dataTypeSize>1</dataTypeSize>
<ownDataTypeParameters>1,,</ownDataTypeParameters>
<autoIncrementCycle>false</autoIncrementCycle>
</Column>
<Column name="isplata" id="2E209196-EAFD-D851-B117-9059721CC53E">
<createdBy>Master</createdBy>
<createdTime>2024-10-29 14:37:47 UTC</createdTime>
<ownerDesignName>n8</ownerDesignName>
<useDomainConstraints>false</useDomainConstraints>
<use>1</use>
<logicalDatatype>LOGDT006</logicalDatatype>
<dataTypeSize>1</dataTypeSize>
<ownDataTypeParameters>1,,</ownDataTypeParameters>
<autoIncrementCycle>false</autoIncrementCycle>
</Column>
<Column name="racun_racun_id" id="2F215E18-30B4-EE83-407D-20DEEC4FA409">
<createdBy>helena</createdBy>
<createdTime>2024-11-25 17:18:31 UTC</createdTime>
<ownerDesignName>n8</ownerDesignName>
<nullsAllowed>true</nullsAllowed>
<useDomainConstraints>false</useDomainConstraints>
<use>1</use>
<logicalDatatype>LOGDT011</logicalDatatype>
<ownDataTypeParameters>,,</ownDataTypeParameters>
<autoIncrementCycle>false</autoIncrementCycle>
<associations>
<colAssociation fkAssociation="ACEDC9CD-03BE-B500-333A-D58C6FBCCF39" referredColumn="8BE0A81D-C52A-A8B9-BF96-257D8CDE6473"/>
</associations>
</Column>
<Column name="eksterna_banka_id" id="223D0190-2E39-9DE3-25FF-A9E0E9105FC2">
<createdBy>helena</createdBy>
<createdTime>2024-11-25 17:33:52 UTC</createdTime>
<ownerDesignName>n8</ownerDesignName>
<nullsAllowed>true</nullsAllowed>
<useDomainConstraints>false</useDomainConstraints>
<use>1</use>
<logicalDatatype>LOGDT011</logicalDatatype>
<ownDataTypeParameters>,,</ownDataTypeParameters>
<autoIncrementCycle>false</autoIncrementCycle>
<associations>
<colAssociation fkAssociation="5E3EDF6E-6B03-CFF1-F520-6600B2932A54" referredColumn="BB4F9EC2-FEA4-7040-FDF7-61E2D24E66BC"/>
</associations>
</Column>
</columns>
<indexes itemClass="oracle.dbtools.crest.model.design.relational.Index">
<ind_PK_UK id="2B0D3F2B-7D65-5E1D-1738-FC3309E63E1B" name="Transakcija_PK">
<createdBy>Master</createdBy>
<createdTime>2024-10-16 16:52:16 UTC</createdTime>
<ownerDesignName>n8</ownerDesignName>
<pk>true</pk>
<indexState>Primary Constraint</indexState>
<isSurrogateKey>false</isSurrogateKey>
<indexColumnUsage>
<colUsage columnID="BE21734C-7FE2-9706-6464-923924C900E4"/>
</indexColumnUsage>
</ind_PK_UK>
<ind_PK_UK id="CAF59217-EC6C-1EFF-E627-82AE85F30866" name="Transakcija_Tip_transakcija_FK">
<createdBy>Matija</createdBy>
<createdTime>2024-10-16 18:42:57 UTC</createdTime>
<ownerDesignName>n8</ownerDesignName>
<indexState>Foreign Key</indexState>
<isSurrogateKey>false</isSurrogateKey>
<indexColumnUsage>
<colUsage columnID="9C49F742-75F2-9F3A-A2DC-151C79AFC0AA"/>
</indexColumnUsage>
</ind_PK_UK>
<ind_PK_UK id="7D11DB01-C4AB-A11C-7EA7-CFA3E4440C29" name="Transakcija_Racun_racun_FK">
<createdBy>helena</createdBy>
<createdTime>2024-11-25 17:18:31 UTC</createdTime>
<ownerDesignName>n8</ownerDesignName>
<indexState>Foreign Key</indexState>
<isSurrogateKey>false</isSurrogateKey>
<indexColumnUsage>
<colUsage columnID="2F215E18-30B4-EE83-407D-20DEEC4FA409"/>
</indexColumnUsage>
</ind_PK_UK>
<ind_PK_UK id="B068D449-84AA-69BB-EA36-34F8CEEC4EFA" name="Transakcija_Eksterna_banka_FK">
<createdBy>helena</createdBy>
<createdTime>2024-11-25 17:33:52 UTC</createdTime>
<ownerDesignName>n8</ownerDesignName>
<indexState>Foreign Key</indexState>
<isSurrogateKey>false</isSurrogateKey>
<indexColumnUsage>
<colUsage columnID="223D0190-2E39-9DE3-25FF-A9E0E9105FC2"/>
</indexColumnUsage>
</ind_PK_UK>
</indexes>
</Table>