<?xml version = '1.0' encoding = 'UTF-8'?>
<Table class="oracle.dbtools.crest.model.design.relational.Table" directorySegmentName="seg_0" id="F0228B39-69C4-3968-C7E6-A91F22EF5691" name="Racun_konverzija">
<createdBy>helena</createdBy>
<createdTime>2024-11-27 20:42:08 UTC</createdTime>
<ownerDesignName>n8</ownerDesignName>
<ordsAlias>table_56</ordsAlias>
<allowColumnReorder>false</allowColumnReorder>
<existDependencyGenerateInDDl>true</existDependencyGenerateInDDl>
<parsed>true</parsed>
<columns itemClass="oracle.dbtools.crest.model.design.relational.Column">
<Column name="racun_konverzija" id="44BDD4DF-E48C-B2B0-4501-7DA4207D0D6A">
<createdBy>helena</createdBy>
<createdTime>2024-11-27 20:46:56 UTC</createdTime>
<ownerDesignName>n8</ownerDesignName>
<useDomainConstraints>false</useDomainConstraints>
<use>1</use>
<logicalDatatype>LOGDT011</logicalDatatype>
<ownDataTypeParameters>,,</ownDataTypeParameters>
<autoIncrementCycle>false</autoIncrementCycle>
</Column>
<Column name="racun1_id" id="9581083F-0594-7D5D-EAA5-E21DC3C6C435">
<createdBy>helena</createdBy>
<createdTime>2024-11-27 20:46:56 UTC</createdTime>
<ownerDesignName>n8</ownerDesignName>
<useDomainConstraints>false</useDomainConstraints>
<use>1</use>
<logicalDatatype>LOGDT011</logicalDatatype>
<ownDataTypeParameters>,,</ownDataTypeParameters>
<autoIncrementCycle>false</autoIncrementCycle>
<associations>
<colAssociation fkAssociation="F0220DD3-4A94-25DC-C492-8C68EA2A7FAE" referredColumn="3C189C4F-18AA-6E30-181F-D3781BAAE7A1"/>
</associations>
</Column>
<Column name="racun2_id" id="59252A67-1ACC-56ED-72C6-4C79C7EABBD2">
<createdBy>helena</createdBy>
<createdTime>2024-11-27 20:46:56 UTC</createdTime>
<ownerDesignName>n8</ownerDesignName>
<useDomainConstraints>false</useDomainConstraints>
<use>1</use>
<logicalDatatype>LOGDT011</logicalDatatype>
<ownDataTypeParameters>,,</ownDataTypeParameters>
<autoIncrementCycle>false</autoIncrementCycle>
<associations>
<colAssociation fkAssociation="75473835-2562-FD8A-9593-3ED2641653B4" referredColumn="3C189C4F-18AA-6E30-181F-D3781BAAE7A1"/>
</associations>
</Column>
<Column name="menjacnica_id" id="5E1538D8-79D5-9EE4-22EC-9859AAD21317">
<createdBy>helena</createdBy>
<createdTime>2024-11-27 20:46:56 UTC</createdTime>
<ownerDesignName>n8</ownerDesignName>
<useDomainConstraints>false</useDomainConstraints>
<use>1</use>
<logicalDatatype>LOGDT011</logicalDatatype>
<ownDataTypeParameters>,,</ownDataTypeParameters>
<autoIncrementCycle>false</autoIncrementCycle>
<associations>
<colAssociation fkAssociation="A8981C9F-3887-2F08-A0A5-24EF2DB49FD0" referredColumn="C82D5044-B00B-D4CD-5230-D690E4A7B254"/>
</associations>
</Column>
<Column name="iznos" id="9ABBDF3B-B630-30AB-0C15-828EC82C2AE4">
<createdBy>helena</createdBy>
<createdTime>2024-11-27 20:46:56 UTC</createdTime>
<ownerDesignName>n8</ownerDesignName>
<useDomainConstraints>false</useDomainConstraints>
<use>1</use>
<logicalDatatype>LOGDT019</logicalDatatype>
<ownDataTypeParameters>,,</ownDataTypeParameters>
<autoIncrementCycle>false</autoIncrementCycle>
</Column>
<Column name="tip_pretvaranja_id" id="5CB570E8-9B8A-4F5F-09A6-2AE8A036644E">
<createdBy>helena</createdBy>
<createdTime>2024-11-27 20:46:56 UTC</createdTime>
<ownerDesignName>n8</ownerDesignName>
<useDomainConstraints>false</useDomainConstraints>
<use>1</use>
<logicalDatatype>LOGDT011</logicalDatatype>
<ownDataTypeParameters>,,</ownDataTypeParameters>
<autoIncrementCycle>false</autoIncrementCycle>
<associations>
<colAssociation fkAssociation="B2800F3E-BBB1-C2D6-40EA-1AE2ADC70D3F" referredColumn="25EE94B6-202A-DE3F-6AF3-2A96F781A420"/>
</associations>
</Column>
</columns>
<indexes itemClass="oracle.dbtools.crest.model.design.relational.Index">
<ind_PK_UK id="E289AB4D-EDF2-70C8-26D5-954A9E62D3DD" name="Racun_konverzija_PK">
<createdBy>helena</createdBy>
<createdTime>2024-11-27 20:46:56 UTC</createdTime>
<ownerDesignName>n8</ownerDesignName>
<pk>true</pk>
<indexState>Primary Constraint</indexState>
<isSurrogateKey>false</isSurrogateKey>
<indexColumnUsage>
<colUsage columnID="44BDD4DF-E48C-B2B0-4501-7DA4207D0D6A"/>
</indexColumnUsage>
</ind_PK_UK>
<ind_PK_UK id="5980DFD5-8BAE-D59F-9621-B9F7AD5E27BE" name="Racun_konverzija_Racun_FK">
<createdBy>helena</createdBy>
<createdTime>2024-11-27 20:48:28 UTC</createdTime>
<ownerDesignName>n8</ownerDesignName>
<indexState>Foreign Key</indexState>
<isSurrogateKey>false</isSurrogateKey>
<indexColumnUsage>
<colUsage columnID="9581083F-0594-7D5D-EAA5-E21DC3C6C435"/>
</indexColumnUsage>
</ind_PK_UK>
<ind_PK_UK id="49D07AAA-5B83-71FF-8144-2D2450F2199F" name="Racun_konverzija_Racun_FKv2">
<createdBy>helena</createdBy>
<createdTime>2024-11-27 20:48:28 UTC</createdTime>
<ownerDesignName>n8</ownerDesignName>
<indexState>Foreign Key</indexState>
<isSurrogateKey>false</isSurrogateKey>
<indexColumnUsage>
<colUsage columnID="59252A67-1ACC-56ED-72C6-4C79C7EABBD2"/>
</indexColumnUsage>
</ind_PK_UK>
<ind_PK_UK id="C5110670-6E68-1832-BE3A-940594C32A34" name="Racun_konverzija_Menjacnica_FK">
<createdBy>helena</createdBy>
<createdTime>2024-11-27 20:49:11 UTC</createdTime>
<ownerDesignName>n8</ownerDesignName>
<indexState>Foreign Key</indexState>
<isSurrogateKey>false</isSurrogateKey>
<indexColumnUsage>
<colUsage columnID="5E1538D8-79D5-9EE4-22EC-9859AAD21317"/>
</indexColumnUsage>
</ind_PK_UK>
<ind_PK_UK id="CFB211CC-CD1F-150E-8717-1702AE9ADAF6" name="Racun_konverzija_Tip_pretvaranja_FK">
<createdBy>helena</createdBy>
<createdTime>2024-11-27 20:49:11 UTC</createdTime>
<ownerDesignName>n8</ownerDesignName>
<indexState>Foreign Key</indexState>
<isSurrogateKey>false</isSurrogateKey>
<indexColumnUsage>
<colUsage columnID="5CB570E8-9B8A-4F5F-09A6-2AE8A036644E"/>
</indexColumnUsage>
</ind_PK_UK>
</indexes>
</Table>