<?xml version = '1.0' encoding = 'UTF-8'?>
<Table class="oracle.dbtools.crest.model.design.relational.Table" directorySegmentName="seg_0" id="FE23FD10-DF31-FBA2-2BC0-E0ACF1395E82" name="Kurs">
<createdBy>helena</createdBy>
<createdTime>2024-11-27 20:19:23 UTC</createdTime>
<ownerDesignName>n8</ownerDesignName>
<ordsAlias>table_52</ordsAlias>
<allowColumnReorder>false</allowColumnReorder>
<existDependencyGenerateInDDl>true</existDependencyGenerateInDDl>
<parsed>true</parsed>
<columns itemClass="oracle.dbtools.crest.model.design.relational.Column">
<Column name="kurs_id" id="E74C73B1-8455-CC6D-7BB1-438FFB5410FE">
<createdBy>helena</createdBy>
<createdTime>2024-11-27 20:23:34 UTC</createdTime>
<ownerDesignName>n8</ownerDesignName>
<useDomainConstraints>false</useDomainConstraints>
<use>1</use>
<logicalDatatype>LOGDT011</logicalDatatype>
<ownDataTypeParameters>,,</ownDataTypeParameters>
<autoIncrementCycle>false</autoIncrementCycle>
</Column>
<Column name="valuta1_id" id="7F4BA4CB-AFA4-5871-3617-F6887AE0E8D1">
<createdBy>helena</createdBy>
<createdTime>2024-11-27 20:23:34 UTC</createdTime>
<ownerDesignName>n8</ownerDesignName>
<useDomainConstraints>false</useDomainConstraints>
<use>1</use>
<logicalDatatype>LOGDT011</logicalDatatype>
<ownDataTypeParameters>,,</ownDataTypeParameters>
<autoIncrementCycle>false</autoIncrementCycle>
<associations>
<colAssociation fkAssociation="E950D9D0-17CE-91E2-2B39-29386618BD21" referredColumn="947C21CD-7F7C-9DDE-AF3A-E94B88FCBB69"/>
</associations>
</Column>
<Column name="valuta2_id" id="B9B9477D-9D59-B251-B56D-D180ABD9570A">
<createdBy>helena</createdBy>
<createdTime>2024-11-27 20:23:34 UTC</createdTime>
<ownerDesignName>n8</ownerDesignName>
<useDomainConstraints>false</useDomainConstraints>
<use>1</use>
<logicalDatatype>LOGDT011</logicalDatatype>
<ownDataTypeParameters>,,</ownDataTypeParameters>
<autoIncrementCycle>false</autoIncrementCycle>
<associations>
<colAssociation fkAssociation="9BC091FF-A2AF-EC9D-D5F8-3CF0E866CCE9" referredColumn="947C21CD-7F7C-9DDE-AF3A-E94B88FCBB69"/>
</associations>
</Column>
<Column name="iz1u2" id="44D1CEAB-6B51-83D4-FE55-56713682531B">
<createdBy>helena</createdBy>
<createdTime>2024-11-27 20:23:34 UTC</createdTime>
<ownerDesignName>n8</ownerDesignName>
<useDomainConstraints>false</useDomainConstraints>
<use>1</use>
<logicalDatatype>LOGDT019</logicalDatatype>
<ownDataTypeParameters>,,</ownDataTypeParameters>
<autoIncrementCycle>false</autoIncrementCycle>
</Column>
<Column name="iz2u1" id="FB475AAF-B14E-B53D-71C1-8610666D329B">
<createdBy>helena</createdBy>
<createdTime>2024-11-27 20:23:34 UTC</createdTime>
<ownerDesignName>n8</ownerDesignName>
<useDomainConstraints>false</useDomainConstraints>
<use>1</use>
<logicalDatatype>LOGDT019</logicalDatatype>
<ownDataTypeParameters>,,</ownDataTypeParameters>
<autoIncrementCycle>false</autoIncrementCycle>
</Column>
</columns>
<indexes itemClass="oracle.dbtools.crest.model.design.relational.Index">
<ind_PK_UK id="84442C3C-9752-0715-E365-7EC23F9D0213" name="Kurs_PK">
<createdBy>helena</createdBy>
<createdTime>2024-11-27 20:23:34 UTC</createdTime>
<ownerDesignName>n8</ownerDesignName>
<pk>true</pk>
<indexState>Primary Constraint</indexState>
<isSurrogateKey>false</isSurrogateKey>
<indexColumnUsage>
<colUsage columnID="E74C73B1-8455-CC6D-7BB1-438FFB5410FE"/>
</indexColumnUsage>
</ind_PK_UK>
<ind_PK_UK id="862EF93E-F594-92E2-F300-DA6CC0901AE4" name="Kurs_Valuta_FK">
<createdBy>helena</createdBy>
<createdTime>2024-11-27 20:24:07 UTC</createdTime>
<ownerDesignName>n8</ownerDesignName>
<indexState>Foreign Key</indexState>
<isSurrogateKey>false</isSurrogateKey>
<indexColumnUsage>
<colUsage columnID="7F4BA4CB-AFA4-5871-3617-F6887AE0E8D1"/>
</indexColumnUsage>
</ind_PK_UK>
<ind_PK_UK id="60DB0462-CDD9-6D00-456E-868DA904B783" name="Kurs_Valuta_FKv2">
<createdBy>helena</createdBy>
<createdTime>2024-11-27 20:24:07 UTC</createdTime>
<ownerDesignName>n8</ownerDesignName>
<indexState>Foreign Key</indexState>
<isSurrogateKey>false</isSurrogateKey>
<indexColumnUsage>
<colUsage columnID="B9B9477D-9D59-B251-B56D-D180ABD9570A"/>
</indexColumnUsage>
</ind_PK_UK>
</indexes>
</Table>